periodo_str,producto,total_cuenca,total_empresa,total_provincia,diff_cuenca_vs_provincia_pct,diff_empresa_vs_provincia_pct
2009-01,gas,131223.01082009682,131223.01082009685,131223.0108200968,2.2178907704407323e-14,4.4357815408814645e-14
2009-02,gas,132833.26831085715,132833.26831085712,132833.26831085712,2.1910046200643625e-14,0.0
2009-03,gas,135361.20478387098,135361.20478387095,135361.20478387107,-6.450259622733846e-14,-8.600346163645128e-14
2009-04,gas,135493.24615099997,135493.2461510001,135493.24615099997,0.0,8.591964923269768e-14
2009-05,gas,135374.43295322577,135374.4329532258,135374.43295322583,-4.299752888610743e-14,-2.1498764443053714e-14
2009-06,gas,138925.00355133336,138925.00355133333,138925.0035513334,-2.0949310572433934e-14,-4.189862114486787e-14
2009-07,gas,138202.7107451613,138202.71074516134,138202.71074516128,2.1058798557431825e-14,4.211759711486365e-14
2009-08,gas,129584.3719603227,129584.37196032255,129584.37196032255,1.1229683802320316e-13,0.0
2009-09,gas,133147.5679066667,133147.56790666663,133147.56790666658,8.743330701206597e-14,4.371665350603298e-14
2009-10,gas,132800.7205567742,132800.72055677423,132800.72055677423,-2.1915416072077257e-14,0.0
2009-11,gas,124330.71901633333,124330.71901633331,124330.71901633327,4.6816797468870654e-14,3.5112598101652996e-14
2009-12,gas,124647.80068096767,124647.80068096779,124647.80068096772,-3.502327794522113e-14,5.837212990870187e-14
2010-01,gas,125291.98860032261,125291.98860032247,125291.98860032244,1.3937282398593267e-13,2.3228803997655445e-14
2010-02,gas,129355.2049075,129355.20490750004,129355.20490749991,6.749747057541004e-14,1.0124620586311505e-13
2010-03,gas,127198.85233548388,127198.85233548385,127198.85233548385,2.2880576296374957e-14,0.0
2010-04,gas,127155.39826200003,127155.39826199997,127155.39826200006,-2.288839550230191e-14,-6.866518650690573e-14
2010-05,gas,132489.8561290322,132489.85612903224,132489.8561290323,-6.590051036448268e-14,-4.393367357632178e-14
2010-06,gas,133425.85946699991,133425.85946700006,133425.85946699991,0.0,1.0906367990806133e-13
2010-07,gas,134204.99506225804,134204.99506225804,134204.99506225804,0.0,0.0
2010-08,gas,133945.64733196778,133945.64733196775,133945.6473319678,-2.1728089741209314e-14,-4.345617948241863e-14
2010-09,gas,131293.257803,131293.25780299996,131293.25780300004,-4.433408225790659e-14,-6.650112338685989e-14
2010-10,gas,127844.76072548382,127844.76072548385,127844.76072548375,5.691244266010099e-14,7.967741972414139e-14
2010-11,gas,123733.9934053334,123733.99340533337,123733.99340533334,4.704257844712742e-14,2.352128922356371e-14
2010-12,gas,122810.43979741928,122810.43979741943,122810.4397974194,-9.479269190711019e-14,2.3698172976777548e-14
2011-01,gas,123127.61327870966,123127.61327870974,123127.61327870961,3.5455690663216335e-14,1.0636707198964899e-13
2011-02,gas,123464.27690642852,123464.27690642867,123464.27690642852,0.0,1.178633657685089e-13
2011-03,gas,121552.34693935483,121552.34693935486,121552.34693935486,-2.3943454149226952e-14,0.0
2011-04,gas,120424.12528833328,120424.1252883333,120424.1252883334,-9.667109605172533e-14,-7.250332203879398e-14
2011-05,gas,124983.18301935474,124983.18301935474,124983.18301935487,-1.0478788737123148e-13,-1.0478788737123148e-13
2011-06,gas,127250.696771,127250.69677099999,127250.69677100013,-1.02920644348997e-13,-1.1435627149888556e-13
2011-07,gas,126500.40235891836,126500.40235891839,126500.40235891842,-4.6013814840142044e-14,-2.3006907420071022e-14
2011-08,gas,127734.53173212902,127734.53173212903,127734.53173212895,5.696155546600177e-14,6.835386655920212e-14
2011-09,gas,127267.95975329161,127267.95975329154,127267.95975329165,-3.430222796823884e-14,-9.147260791530356e-14
2011-10,gas,126494.2114032259,126494.21140322577,126494.21140322577,1.0353615047080474e-13,0.0
2011-11,gas,124746.48820845367,124746.48820845356,124746.48820845356,8.165633202303252e-14,0.0
2011-12,gas,123152.09067290326,123152.09067290326,123152.09067290329,-2.3632429053952972e-14,-2.3632429053952972e-14
2012-01,gas,123034.61442084062,123034.6144208406,123034.61442084068,-4.730998767092303e-14,-5.913748458865379e-14
2012-02,gas,119525.73526482756,119525.73526482758,119525.73526482756,0.0,2.4349425997882143e-14
2012-03,gas,121051.79595129025,121051.79595129033,121051.79595129022,2.40424606905004e-14,9.61698427620016e-14
2012-04,gas,122443.50515366663,122443.5051536667,122443.50515366663,0.0,5.942297719304994e-14
2012-05,gas,122463.80588064512,122463.8058806452,122463.80588064509,2.3765250677492987e-14,9.506100270997195e-14
2012-06,gas,121631.54677466671,121631.54677466679,121631.54677466658,1.0767538564475407e-13,1.6749504433628409e-13
2012-07,gas,121450.02935967747,121450.0293596775,121450.0293596774,5.990906426737443e-14,8.387268997432421e-14
2012-08,gas,121429.70154322579,121429.70154322588,121429.70154322573,4.793527462697998e-14,1.1983818656744995e-13
2012-09,gas,121263.55166533333,121263.55166533327,121263.55166533333,0.0,-4.800095338961422e-14
2012-10,gas,119743.97282483875,119743.97282483873,119743.97282483862,1.0937271744514474e-13,8.506766912400147e-14
2012-11,gas,117197.35030000008,117197.35030000005,117197.35029999996,9.933272512470349e-14,7.449954384352761e-14
2012-12,gas,115386.37676391382,115386.376763914,115386.37676391388,-5.044586938765146e-14,1.0089173877530293e-13
2013-01,gas,114637.10911157122,114637.10911157134,114637.10911157134,-1.0155116674621724e-13,0.0
2013-02,gas,115270.29060000002,115270.29060000001,115270.29059999989,1.1361751269437833e-13,1.0099334461722518e-13
2013-03,gas,111604.56928338709,111604.56928338717,111604.56928338722,-1.1734935038613752e-13,-3.9116450128712505e-14
2013-04,gas,112514.310755,112514.31075499993,112514.31075499998,1.2933390544473637e-14,-5.1733562177894546e-14
2013-05,gas,114446.93228779142,114446.93228779148,114446.9322877914,2.5429978659059567e-14,7.62899359771787e-14
2013-06,gas,115042.51013351351,115042.51013351331,115042.51013351337,1.26491635235345e-13,-5.0596654094137993e-14
2013-07,gas,114465.52036371284,114465.52036371277,114465.52036371277,6.356462270091605e-14,0.0
2013-08,gas,115270.78110541703,115270.78110541697,115270.78110541703,0.0,-5.0496457432899273e-14
2013-09,gas,115381.89833625697,115381.898336257,115381.89833625715,-1.5134348217386662e-13,-1.2611956847822217e-13
2013-10,gas,114574.80312169043,114574.80312169038,114574.80312169029,1.270079880731823e-13,7.620479284390939e-14
2013-11,gas,114689.6860735206,114689.68607352056,114689.68607352053,6.34403830307745e-14,2.5376153212309802e-14
2013-12,gas,113447.76344542387,113447.76344542383,113447.7634454239,-2.5653948189762796e-14,-6.413487047440698e-14
2014-01,gas,114199.73791144058,114199.73791144064,114199.73791144068,-8.919758351596283e-14,-3.82275357925555e-14
2014-02,gas,113987.83801775583,113987.83801775581,113987.83801775586,-2.5532399739172355e-14,-3.829859960875853e-14
2014-03,gas,112191.52837728386,112191.5283772839,112191.52837728395,-7.782360453864676e-14,-3.891180226932338e-14
2014-04,gas,108534.56930159807,108534.56930159804,108534.569301598,5.36305264654608e-14,2.68152632327304e-14
2014-05,gas,114322.02169124683,114322.02169124682,114322.02169124682,1.2728881988867971e-14,0.0
2014-06,gas,114483.38447288153,114483.38447288144,114483.3844728815,2.5421881603812766e-14,-5.084376320762553e-14
2014-07,gas,115302.40722018648,115302.40722018664,115302.40722018655,-6.310325854939817e-14,7.57239102592778e-14
2014-08,gas,114802.47641686871,114802.47641686871,114802.47641686873,-1.2675610912369341e-14,-1.2675610912369341e-14
2014-09,gas,115187.71456853063,115187.71456853062,115187.71456853063,0.0,-1.2633218119549744e-14
2014-10,gas,112332.85898723571,112332.85898723578,112332.85898723593,-1.943142286179195e-13,-1.29542819078613e-13
2014-11,gas,113981.19236537289,113981.19236537287,113981.19236537284,3.830083260153983e-14,2.5533888401026554e-14
2014-12,gas,114486.38509654225,114486.3850965423,114486.3850965422,3.813182296592495e-14,8.897425358715822e-14
2015-01,gas,115980.87355414304,115980.87355414312,115980.87355414304,0.0,7.528093960202993e-14
2015-02,gas,115334.77645472452,115334.77645472453,115334.7764547246,-7.570265799619925e-14,-6.308554833016605e-14
2015-03,gas,116522.93832178155,116522.93832178158,116522.93832178164,-7.493073263316427e-14,-4.995382175544285e-14
2015-04,gas,117188.19533093265,117188.1953309325,117188.19533093266,-1.241756064872668e-14,-1.3659316713599348e-13
2015-05,gas,118383.92122931413,118383.92122931404,118383.92122931402,9.833710576407927e-14,2.4584276441019818e-14
2015-06,gas,118003.32364561794,118003.32364561793,118003.323645618,-4.932713682563205e-14,-6.165892103204006e-14
2015-07,gas,117325.30893271248,117325.30893271253,117325.30893271253,-4.961219488188196e-14,0.0
2015-08,gas,119862.34229266063,119862.3422926606,119862.34229266067,-3.642156898495188e-14,-6.07026149749198e-14
2015-09,gas,117977.1774809856,117977.17748098567,117977.1774809857,-8.63416202807405e-14,-2.4669034365925858e-14
2015-10,gas,119567.37002506245,119567.37002506254,119567.37002506248,-2.4340947242239466e-14,4.868189448447893e-14
2015-11,gas,118563.57549531,118563.57549531003,118563.57549531005,-4.9094049897111856e-14,-2.4547024948555928e-14
2015-12,gas,115718.23627334215,115718.23627334218,115718.23627334212,2.515059976198265e-14,5.03011995239653e-14
2016-01,gas,119722.95318370614,119722.95318370611,119722.95318370611,2.4309315534570892e-14,0.0
2016-02,gas,120120.56098159488,120120.56098159491,120120.560981595,-9.691539972475828e-14,-7.26865497935687e-14
2016-03,gas,122000.74257901257,122000.7425790125,122000.74257901244,1.0734954090175491e-13,4.771090706744662e-14
2016-04,gas,122919.9961547998,122919.99615479977,122919.99615479974,4.7354102452267716e-14,2.3677051226133858e-14
2016-05,gas,124275.56175826775,124275.56175826785,124275.56175826772,2.3418788090730563e-14,1.0538454640828752e-13
2016-06,gas,124051.25262340637,124051.25262340634,124051.25262340622,1.17305669395725e-13,9.384453551657998e-14
2016-07,gas,125626.114081013,125626.11408101287,125626.11408101299,1.1583511386002676e-14,-9.266809108802141e-14
2016-08,gas,124859.50456720278,124859.5045672028,124859.5045672028,-2.330926312547494e-14,0.0
2016-09,gas,123994.82623396354,123994.82623396353,123994.82623396354,0.0,-1.1735905174711978e-14
2016-10,gas,124615.40160320084,124615.40160320087,124615.40160320076,5.838730622841841e-14,8.174222871978577e-14
2016-11,gas,121234.05117413527,121234.05117413527,121234.05117413524,2.4006316851467946e-14,2.4006316851467946e-14
2016-12,gas,121429.90725921774,121429.90725921786,121429.9072592177,3.5951395064403843e-14,1.3182178190281409e-13
2017-01,gas,123096.49350075393,123096.49350075393,123096.49350075402,-7.092930829070796e-14,-7.092930829070796e-14
2017-02,gas,116924.37955306431,116924.37955306431,116924.37955306437,-4.978231326602912e-14,-4.978231326602912e-14
2017-03,gas,122219.92680350099,122219.92680350094,122219.92680350099,0.0,-3.571900820664707e-14
2017-04,gas,123286.6342439728,123286.63424397283,123286.63424397273,5.901659704477767e-14,8.262323586268873e-14
2017-05,gas,122109.81471984705,122109.81471984697,122109.81471984701,3.575121769307296e-14,-3.575121769307296e-14
2017-06,gas,122291.97995768102,122291.9799576811,122291.97995768109,-5.949660490165633e-14,1.1899320980331264e-14
2017-07,gas,123393.48086255103,123393.48086255102,123393.48086255102,1.1793098895213391e-14,0.0
2017-08,gas,123822.48882450614,123822.48882450609,123822.48882450617,-2.3504478655717065e-14,-7.05134359671512e-14
2017-09,gas,123418.42921434663,123418.42921434656,123418.42921434654,7.0744289913594e-14,1.1790714985598999e-14
2017-10,gas,124821.77638149595,124821.77638149605,124821.77638149602,-5.829077125088917e-14,2.331630850035567e-14
2017-11,gas,119194.79884787423,119194.79884787428,119194.79884787418,4.883406111348585e-14,8.545960694860024e-14
2017-12,gas,123031.24766500738,123031.2476650074,123031.24766500735,2.3655641155471625e-14,3.5483461733207436e-14
2018-01,gas,124044.83517093361,124044.83517093361,124044.83517093348,1.0558056437805663e-13,1.0558056437805663e-13
2018-02,gas,124838.82690292862,124838.82690292853,124838.82690292862,0.0,-6.993937185751692e-14
2018-03,gas,125867.89167361287,125867.89167361284,125867.89167361292,-3.468378242030457e-14,-5.780630403384095e-14
2018-04,gas,129248.82847830033,129248.82847830036,129248.82847830029,3.3776511709295655e-14,5.629418618215943e-14
2018-05,gas,127273.52194880674,127273.52194880678,127273.52194880685,-9.146861031610367e-14,-5.71678814475648e-14
2018-06,gas,132229.35325573332,132229.35325573335,132229.35325573338,-4.402022658380019e-14,-2.2010113291900094e-14
2018-07,gas,132140.58856841965,132140.58856841974,132140.5885684196,4.4049796920140636e-14,1.101244923003516e-13
2018-08,gas,133805.51918928992,133805.51918929003,133805.5191892901,-1.305050672038192e-13,-4.3501689067939733e-14
2018-09,gas,131800.17227223335,131800.17227223338,131800.17227223332,2.2081784837594693e-14,4.4163569675189387e-14
2018-10,gas,132364.80328070963,132364.80328070966,132364.8032807096,2.1987590156434886e-14,4.397518031286977e-14
2018-11,gas,123229.50650643378,123229.50650643374,123229.50650643362,1.29896704166123e-13,9.44703303026349e-14
2018-12,gas,128722.11171209709,128722.11171209699,128722.11171209707,1.1304907163824356e-14,-6.782944298294613e-14
2019-01,gas,129038.53071045199,129038.53071045183,129038.53071045195,3.383155825220854e-14,-9.02174886725561e-14
2019-02,gas,134663.57630725068,134663.5763072508,134663.57630725065,2.1612251252209374e-14,1.0806125626104687e-13
2019-03,gas,129487.23589232228,129487.23589232225,129487.23589232226,1.1238107855254392e-14,-1.1238107855254392e-14
2019-04,gas,131627.75076369994,131627.7507636999,131627.7507636999,2.211071015638741e-14,0.0
2019-05,gas,136960.61865424356,136960.61865424362,136960.6186542436,-2.1249780223471524e-14,2.1249780223471524e-14
2019-06,gas,139995.68177750002,139995.68177749988,139995.68177750014,-8.315636621703633e-14,-1.8710182398833173e-13
2019-07,gas,144418.52671209702,144418.52671209708,144418.5267120971,-6.045726497699241e-14,-2.015242165899747e-14
2019-08,gas,144422.81221983628,144422.8122198364,144422.81221983634,-4.030364733852803e-14,4.030364733852803e-14
2019-09,gas,137943.18488844452,137943.1848884446,137943.18488844458,-4.219683702427218e-14,2.109841851213609e-14
2019-10,gas,139900.8547989907,139900.8547989907,139900.85479899077,-4.160636544866008e-14,-4.160636544866008e-14
2019-11,gas,126984.53867553626,126984.53867553629,126984.53867553633,-5.729798044763969e-14,-3.437878826858381e-14
2019-12,gas,126865.62743072046,126865.62743072037,126865.62743072043,2.294067435454643e-14,-4.588134870909286e-14
2020-01,gas,130232.34320479199,130232.34320479204,130232.34320479199,0.0,3.352143147455417e-14
2020-02,gas,127716.0394872296,127716.03948722954,127716.03948722953,5.696980303645383e-14,1.1393960607290765e-14
2020-03,gas,126621.24672414325,126621.24672414311,126621.24672414316,6.895485049236467e-14,-3.447742524618233e-14
2020-04,gas,116740.223890782,116740.2238907821,116740.22389078204,-3.739563299616703e-14,4.9860843994889375e-14
2020-05,gas,124471.1384035008,124471.13840350069,124471.13840350075,3.507298659355134e-14,-4.6763982124735125e-14
2020-06,gas,126021.74919613304,126021.74919613297,126021.74919613304,0.0,-5.773572943238188e-14
2020-07,gas,126827.88520774165,126827.88520774158,126827.88520774152,1.0326375531751552e-13,4.589500236334023e-14
2020-08,gas,125672.14280664509,125672.14280664508,125672.14280664516,-5.789634402413242e-14,-6.94756128289589e-14
2020-09,gas,122853.76705780027,122853.76705780037,122853.76705780033,-4.737963052128619e-14,3.553472289096464e-14
2020-10,gas,121881.17071580293,121881.17071580292,121881.1707158029,2.387885699309266e-14,1.193942849654633e-14
2020-11,gas,115727.6232878563,115727.6232878563,115727.62328785629,1.2574279860713114e-14,1.2574279860713114e-14
2020-12,gas,113873.20666561277,113873.20666561299,113873.20666561287,-8.945335745017568e-14,1.0223240851448649e-13
2021-01,gas,116014.85452364551,116014.8545236456,116014.8545236455,1.2543148278827485e-14,8.78020379517924e-14
2021-02,gas,114579.22553332138,114579.22553332149,114579.22553332149,-8.890216016423016e-14,0.0
2021-03,gas,114523.94538603153,114523.94538603154,114523.94538603163,-8.894507280133587e-14,-7.623863382971645e-14
2021-04,gas,114239.91220483357,114239.91220483367,114239.91220483364,-6.369015411301735e-14,2.547606164520694e-14
2021-05,gas,121286.63334093388,121286.63334093399,121286.6333409339,-1.1997954619996548e-14,7.198772771997928e-14
2021-06,gas,127022.89122980062,127022.8912298007,127022.89122980068,-4.5824544182483056e-14,2.2912272091241528e-14
2021-07,gas,130729.21513536088,130729.21513536101,130729.21513536105,-1.3357609663577665e-13,-3.339402415894416e-14
2021-08,gas,133725.3716609571,133725.37166095708,133725.37166095705,4.352776155376499e-14,2.1763880776882496e-14
2021-09,gas,132672.67914603333,132672.6791460333,132672.67914603342,-6.580969942884545e-14,-8.774626590512727e-14
2021-10,gas,127230.11089690306,127230.11089690313,127230.11089690316,-8.00623420670518e-14,-2.2874954876300516e-14
2021-11,gas,127878.08021923376,127878.08021923373,127878.08021923383,-5.689761374044359e-14,-7.965665923662103e-14
2021-12,gas,128861.93561423411,128861.9356142342,128861.93561423408,2.258528115227139e-14,9.034112460908556e-14
2022-01,gas,129953.40574229747,129953.40574229743,129953.40574229746,1.1197794428892346e-14,-2.2395588857784693e-14
2022-02,gas,127327.01242624967,127327.01242624962,127327.01242624965,1.1428773008237833e-14,-2.2857546016475666e-14
2022-03,gas,125476.45750085037,125476.45750085026,125476.45750085032,4.638930845897761e-14,-4.638930845897761e-14
2022-04,gas,127374.05008609303,127374.05008609314,127374.05008609306,-2.2849105007701496e-14,5.712276251925374e-14
2022-05,gas,136343.38556883854,136343.38556883845,136343.38556883854,0.0,-6.403793701170662e-14
2022-06,gas,139751.140349466,139751.14034946612,139751.14034946612,-8.330187613197501e-14,0.0
2022-07,gas,140475.67876803223,140475.6787680322,140475.67876803235,-8.287222588841985e-14,-1.0359028236052482e-13
2022-08,gas,141778.60252680664,141778.60252680673,141778.6025268067,-4.105532137859931e-14,2.0527660689299654e-14
2022-09,gas,136347.9275544667,136347.9275544667,136347.92755446662,6.403580379710794e-14,6.403580379710794e-14
2022-10,gas,132981.10768148187,132981.10768148198,132981.10768148192,-4.3771376196449764e-14,4.3771376196449764e-14
2022-11,gas,126753.58539666657,126753.58539666659,126753.58539666666,-6.888285731481739e-14,-5.740238109568116e-14
2022-12,gas,129041.43545125812,129041.43545125816,129041.43545125805,5.638466116514741e-14,9.021545786423585e-14
2023-01,gas,129028.13932093552,129028.13932093543,129028.1393209355,1.127809430171774e-14,-5.6390471508588695e-14
2023-02,gas,130191.28357289275,130191.28357289283,130191.28357289289,-1.1177334479707599e-13,-4.4709337918830396e-14
2023-03,gas,128853.75193183866,128853.75193183872,128853.75193183863,2.2586715575134447e-14,6.776014672540335e-14
2023-04,gas,128782.99247143338,128782.99247143336,128782.9924714333,5.6497814459447215e-14,4.5198251567557766e-14
2023-05,gas,134974.97966745155,134974.9796674517,134974.97966745158,-2.156238921349652e-14,8.624955685398608e-14
2023-06,gas,138217.75531453325,138217.75531453322,138217.7553145333,-4.211301274645067e-14,-6.316951911967601e-14
2023-07,gas,138167.29686422585,138167.29686422582,138167.2968642258,4.212839234357092e-14,2.106419617178546e-14
2023-08,gas,144420.13608396795,144420.1360839678,144420.13608396766,2.0152197086846928e-13,1.0076098543423464e-13
2023-09,gas,143230.77713269967,143230.7771327,143230.7771327,-2.2351490471036576e-13,0.0
2023-10,gas,125980.40752477413,125980.40752477417,125980.4075247742,-5.775467596223325e-14,-2.3101870384893303e-14
2023-11,gas,126330.69059326673,126330.69059326669,126330.69059326673,0.0,-3.4556722107737255e-14
2023-12,gas,114161.63622293541,114161.63622293546,114161.63622293553,-1.0197411817013403e-13,-6.373382385633377e-14
2024-01,gas,123803.87792806457,123803.87792806457,123803.87792806454,2.350801198137291e-14,2.350801198137291e-14
2024-02,gas,134056.7214083793,134056.72140837932,134056.7214083793,0.0,2.1710086708800078e-14
2024-03,gas,134658.2099840645,134658.2099840645,134658.20998406448,2.16131125314809e-14,2.16131125314809e-14
2024-04,gas,136157.4770604,136157.47706039995,136157.47706039998,2.1375124660853645e-14,-2.1375124660853645e-14
2024-05,gas,150140.89911312875,150140.89911312907,150140.89911312907,-2.132277992972775e-13,0.0
2024-06,gas,147557.27864590034,147557.27864589993,147557.2786459004,-3.944750231749045e-14,-3.155800185399236e-13
2024-07,gas,151904.88005638687,151904.8800563871,151904.88005638734,-3.065479444339675e-13,-1.5327397221698376e-13
2024-08,gas,153032.46219312944,153032.46219312897,153032.46219312897,3.0428922114581713e-13,0.0
2024-09,gas,147218.685009933,147218.68500993334,147218.6850099333,-2.1746025988648776e-13,1.976911453513525e-14
2024-10,gas,133163.7873477396,133163.7873477396,133163.78734773965,-4.371132878750721e-14,-4.371132878750721e-14
2024-11,gas,127177.39949533336,127177.39949533324,127177.39949533332,3.4326653838131416e-14,-5.721108973021902e-14
2024-12,gas,124483.82595129039,124483.82595129035,124483.82595129035,3.5069411910735095e-14,0.0
2025-01,gas,138523.47121290336,138523.4712129032,138523.4712129032,1.0505017742445488e-13,0.0
2025-02,gas,144802.9525749996,144802.95257499994,144802.952575,-2.813848883248656e-13,-4.019784118926651e-14
2025-03,gas,133804.44729032266,133804.44729032248,133804.44729032263,2.1751018778610234e-14,-1.0875509389305116e-13
2025-04,gas,136720.8665766666,136720.8665766667,136720.8665766666,0.0,8.514817433639847e-14
2025-05,gas,147680.44143548395,147680.441435484,147680.44143548407,-7.882920764276846e-14,-3.941460382138423e-14
2025-06,gas,159351.14292666703,159351.1429266665,159351.1429266663,4.565990227965817e-13,1.2784772638304288e-13
2025-07,gas,160761.59559193513,160761.59559193556,160761.5955919357,-3.6207441646210735e-13,-9.051860411552684e-14
2025-08,gas,158098.854535484,158098.8545354838,158098.8545354834,3.6817256573104007e-13,2.5772079601172807e-13
2025-09,gas,138645.90833333333,138645.9083333334,138647.44800000003,-0.0011104904481959808,-0.0011104904481330068
2025-10,gas,123975.3018967742,123975.30189677418,123975.30189677414,4.6951013647809457e-14,3.5213260235857094e-14
2025-11,gas,122217.0103333334,122217.01033333338,122217.57733333336,-0.00046392672178399794,-0.00046392672179590454
2025-12,gas,131745.32302258065,131745.32302258065,131679.2230225806,0.05019774455131768,0.05019774455131768
2026-01,gas,131675.45540967744,131675.45540967735,131617.46831290325,0.04405729537080245,0.04405729537073611
2026-02,gas,140131.31146428542,140131.31146428565,140028.13575,0.07368213090377665,0.07368213090394293
2026-03,gas,141833.4020645163,141833.40206451615,141065.9489354843,0.5440385400044179,0.5440385400043147
2026-04,gas,140628.62523333333,140628.62523333335,,,
2026-05,gas,156584.2342710644,156584.23427106446,,,
2026-06,gas,123537.87,123537.86999999994,,,
2009-01,petroleo,97924.59912774198,97924.59912774188,97924.59912774192,5.944130630296064e-14,-4.4580979727220486e-14
2009-02,petroleo,100044.06593453567,100044.06593453579,100044.06593453568,-1.4545505615384495e-14,1.0181853930769144e-13
2009-03,petroleo,99329.52038367742,99329.52038367737,99329.52038367742,0.0,-4.395042432146325e-14
2009-04,petroleo,98880.38592519997,98880.38592520008,98880.3859252001,-1.3245016777581578e-13,-1.4716685308423977e-14
2009-05,petroleo,98151.99912674197,98151.99912674195,98151.99912674195,1.4825897951987936e-14,0.0
2009-06,petroleo,95703.79507319997,95703.79507320002,95703.7950731999,7.602580032085817e-14,1.2164128051337308e-13
2009-07,petroleo,95772.27568158064,95772.27568158062,95772.27568158064,0.0,-1.5194287829964914e-14
2009-08,petroleo,84180.76345300004,84180.763453,84180.763453,3.4573017947245183e-14,0.0
2009-09,petroleo,96031.98596956664,96031.98596956662,96031.98596956665,-1.5153196178800757e-14,-3.0306392357601514e-14
2009-10,petroleo,97586.82080251609,97586.82080251607,97586.82080251614,-5.964705114357676e-14,-7.455881392947095e-14
2009-11,petroleo,94307.05947126668,94307.05947126659,94307.05947126662,6.172142492811163e-14,-3.0860712464055813e-14
2009-12,petroleo,94250.93734629037,94250.93734629037,94250.93734629027,1.0807681012689399e-13,1.0807681012689399e-13
2010-01,petroleo,95733.8399829262,95733.83998292612,95733.83998292615,6.080155243312979e-14,-3.0400776216564893e-14
2010-02,petroleo,95643.5750814543,95643.57508145427,95643.57508145446,-1.6736207045346383e-13,-1.9779153780863903e-13
2010-03,petroleo,95914.94729953511,95914.9472995352,95914.9472995352,-9.103011973465811e-14,0.0
2010-04,petroleo,95793.2162486579,95793.2162486579,95793.21624865795,-4.5572898995039394e-14,-4.5572898995039394e-14
2010-05,petroleo,95436.47062837773,95436.4706283777,95436.47062837787,-1.3722975733802836e-13,-1.6772525896870134e-13
2010-06,petroleo,95919.54170124707,95919.541701247,95919.54170124707,0.0,-7.585479960741752e-14
2010-07,petroleo,95428.47558065997,95428.47558066003,95428.47558066013,-1.6773931107883687e-13,-1.0674319795925983e-13
2010-08,petroleo,95565.17695701253,95565.17695701245,95565.17695701252,1.522721528042861e-14,-7.613607640214305e-14
2010-09,petroleo,94056.01110719061,94056.01110719067,94056.01110719063,-1.5471541964269362e-14,4.641462589280809e-14
2010-10,petroleo,93009.63510439843,93009.6351043984,93009.6351043985,-7.82279987016027e-14,-1.0951919818224377e-13
2010-11,petroleo,93093.06919084773,93093.06919084777,93093.0691908477,3.126315493698966e-14,7.815788734247414e-14
2010-12,petroleo,79084.44248155387,79084.44248155391,79084.44248155382,5.520143319627386e-14,1.1040286639254772e-13
2011-01,petroleo,91891.51013525327,91891.51013525328,91891.51013525321,6.334389415060516e-14,7.917986768825645e-14
2011-02,petroleo,92444.84086298724,92444.84086298724,92444.84086298717,7.870593476348938e-14,7.870593476348938e-14
2011-03,petroleo,91880.09090003543,91880.0909000354,91880.09090003534,9.502765018506041e-14,6.335176679004027e-14
2011-04,petroleo,76677.13768579933,76677.13768579927,76677.13768579933,0.0,-7.591266793497889e-14
2011-05,petroleo,80336.36812154841,80336.36812154835,80336.36812154845,-5.4341199018419243e-14,-1.2679613104297822e-13
2011-06,petroleo,81528.59208753667,81528.5920875366,81528.5920875367,-3.56976978401456e-14,-1.2494194244050958e-13
2011-07,petroleo,85724.25975279369,85724.25975279357,85724.25975279359,1.1882681389412458e-13,-1.6975259127732082e-14
2011-08,petroleo,90540.18015903229,90540.18015903227,90540.18015903216,1.4465095698424736e-13,1.285786284304421e-13
2011-09,petroleo,91194.84075733337,91194.84075733331,91194.84075733343,-6.382780037782635e-14,-1.276556007556527e-13
2011-10,petroleo,91832.2348251613,91832.23482516121,91832.23482516133,-3.1692390490272023e-14,-1.267695619610881e-13
2011-11,petroleo,91488.6172593334,91488.6172593334,91488.61725933333,7.95285559247116e-14,7.95285559247116e-14
2011-12,petroleo,90400.05512129032,90400.05512129035,90400.0551212904,-8.048620771769687e-14,-4.829172463061813e-14
2012-01,petroleo,88423.87783806454,88423.87783806454,88423.87783806445,9.874198407142863e-14,9.874198407142863e-14
2012-02,petroleo,88386.97596827589,88386.97596827595,88386.97596827598,-9.878320919310456e-14,-3.292773639770152e-14
2012-03,petroleo,88786.07192258065,88786.07192258073,88786.07192258062,3.27797252728013e-14,1.1472903845480458e-13
2012-04,petroleo,87798.72123333333,87798.72123333342,87798.72123333334,-1.6574176735095915e-14,8.287088367547957e-14
2012-05,petroleo,88548.23510477168,88548.2351047716,88548.23510477165,3.286777022974834e-14,-6.573554045949669e-14
2012-06,petroleo,84493.3991946,84493.39919460003,84493.39919459996,5.166764043254473e-14,8.611273405424122e-14
2012-07,petroleo,85271.86731277416,85271.86731277416,85271.86731277427,-1.1945722523577032e-13,-1.1945722523577032e-13
2012-08,petroleo,88703.95357470964,88703.95357470965,88703.95357470965,-1.640503567421119e-14,0.0
2012-09,petroleo,88674.84460906663,88674.84460906664,88674.84460906664,-1.641042089503586e-14,0.0
2012-10,petroleo,87766.76725809673,87766.76725809679,87766.76725809675,-1.6580211033150927e-14,4.974063309945278e-14
2012-11,petroleo,84566.51526945597,84566.51526945598,84566.51526945594,3.4415312448431394e-14,5.1622968672647085e-14
2012-12,petroleo,86672.57562850449,86672.57562850448,86672.57562850445,5.036858010568139e-14,3.35790534037876e-14
2013-01,petroleo,84849.23349799965,84849.23349799972,84849.23349799956,1.0290192117322967e-13,1.886535221509211e-13
2013-02,petroleo,84863.1085965711,84863.10859657111,84863.10859657118,-1.0288509673298587e-13,-8.573758061082155e-14
2013-03,petroleo,85173.14440802381,85173.14440802387,85173.14440802392,-1.1959568630058902e-13,-5.1255294128823866e-14
2013-04,petroleo,84533.32999333335,84533.32999333338,84533.32999333338,-3.442882287853672e-14,0.0
2013-05,petroleo,86060.84682494891,86060.84682494892,86060.84682494894,-3.381773655554658e-14,-1.690886827777329e-14
2013-06,petroleo,85695.79203982287,85695.79203982282,85695.79203982277,1.1886628756664285e-13,5.0942694671418363e-14
2013-07,petroleo,86613.15622768445,86613.15622768461,86613.15622768448,-3.360208971051345e-14,1.512094036973105e-13
2013-08,petroleo,86228.80106130289,86228.80106130292,86228.80106130282,8.437966809964938e-14,1.1813153533950913e-13
2013-09,petroleo,86750.52615451999,86750.52615451995,86750.52615452003,-5.0323320929882246e-14,-1.0064664185976449e-13
2013-10,petroleo,86940.84281597452,86940.8428159745,86940.84281597444,1.0042632270659167e-13,6.695088180439444e-14
2013-11,petroleo,86379.42245551763,86379.4224555176,86379.42245551763,0.0,-3.3693013485614765e-14
2013-12,petroleo,85940.31880939876,85940.3188093988,85940.31880939862,1.5239324087890024e-13,2.0319098783853367e-13
2014-01,petroleo,85715.3195084868,85715.31950848678,85715.31950848676,5.0931089022864985e-14,1.697702967428833e-14
2014-02,petroleo,85682.90866865392,85682.90866865394,85682.908668654,-8.491725744652788e-14,-6.79338059572223e-14
2014-03,petroleo,84966.47673587616,84966.47673587609,84966.47673587612,5.137996461923131e-14,-3.4253309746154207e-14
2014-04,petroleo,81825.894029031,81825.89402903098,81825.8940290311,-1.2448798489439996e-13,-1.422719827364571e-13
2014-05,petroleo,84013.73701138361,84013.73701138355,84013.73701138349,1.3856700816815356e-13,6.928350408407678e-14
2014-06,petroleo,84284.69458481568,84284.69458481568,84284.69458481568,0.0,0.0
2014-07,petroleo,83457.54049545551,83457.5404954555,83457.54049545553,-1.743630969949233e-14,-3.487261939898466e-14
2014-08,petroleo,84083.93925821193,84083.93925821193,84083.93925821187,6.922565882019221e-14,6.922565882019221e-14
2014-09,petroleo,85790.03693696266,85790.03693696267,85790.0369369627,-5.088673142451049e-14,-3.392448761634033e-14
2014-10,petroleo,85635.40255592839,85635.40255592836,85635.40255592848,-1.0195723820318119e-13,-1.3594298427090826e-13
2014-11,petroleo,84843.57321633767,84843.57321633764,84843.57321633762,5.1454393102687156e-14,1.7151464367562386e-14
2014-12,petroleo,84973.65950204422,84973.6595020442,84973.65950204413,1.027512430109012e-13,8.562603584241768e-14
2015-01,petroleo,84779.93451342656,84779.93451342656,84779.93451342656,0.0,0.0
2015-02,petroleo,84073.51343990538,84073.51343990529,84073.51343990538,0.0,-1.0385136507065355e-13
2015-03,petroleo,84500.21677695932,84500.21677695929,84500.21677695932,0.0,-3.444231454879468e-14
2015-04,petroleo,84785.72017904415,84785.7201790441,84785.72017904412,3.4326335136712196e-14,-1.7163167568356098e-14
2015-05,petroleo,85275.12948149648,85275.1294814964,85275.12948149648,0.0,-8.532332531681711e-14
2015-06,petroleo,84843.95416817036,84843.95416817034,84843.9541681703,6.860554942794539e-14,5.145416207095904e-14
2015-07,petroleo,84610.02674152225,84610.02674152234,84610.02674152225,0.0,1.0319284218752423e-13
2015-08,petroleo,84139.91561820218,84139.91561820226,84139.9156182022,-1.729490114346965e-14,6.91796045738786e-14
2015-09,petroleo,84406.51006849846,84406.51006849836,84406.51006849838,1.0344165550660162e-13,-1.7240275917766938e-14
2015-10,petroleo,85122.64481301197,85122.64481301194,85122.6448130121,-1.5385710505470764e-13,-1.8804757284464266e-13
2015-11,petroleo,84607.27625336306,84607.27625336302,84607.2762533631,-5.159809843584849e-14,-1.0319619687169698e-13
2015-12,petroleo,84612.63007038269,84612.63007038264,84612.63007038269,0.0,-5.1594833594921615e-14
2016-01,petroleo,83456.91922016842,83456.91922016839,83456.91922016848,-6.974575799989601e-14,-1.0461863699984402e-13
2016-02,petroleo,82398.90442888996,82398.90442889002,82398.90442889015,-2.295842393536022e-13,-1.5894293493710922e-13
2016-03,petroleo,82935.01952600486,82935.01952600482,82935.01952600486,0.0,-5.263849449195823e-14
2016-04,petroleo,82825.6366069457,82825.63660694563,82825.63660694557,1.5812403311406488e-13,7.027734805069551e-14
2016-05,petroleo,79360.85421825844,79360.85421825846,79360.85421825835,1.1001833615610653e-13,1.466911148748087e-13
2016-06,petroleo,79585.8666559777,79585.86665597776,79585.86665597778,-9.142273521547335e-14,-1.828454704309467e-14
2016-07,petroleo,81347.90523676683,81347.90523676683,81347.90523676676,8.944247049762894e-14,8.944247049762894e-14
2016-08,petroleo,81009.96309931227,81009.96309931226,81009.9630993122,8.981558978447679e-14,7.185247182758142e-14
2016-09,petroleo,81544.817213088,81544.81721308798,81544.81721308797,3.5690595002109506e-14,1.7845297501054753e-14
2016-10,petroleo,81186.75881862301,81186.758818623,81186.75881862304,-3.584800142318e-14,-5.377200213477e-14
2016-11,petroleo,79817.07970207566,79817.07970207561,79817.0797020756,7.292632244969713e-14,1.8231580612424283e-14
2016-12,petroleo,78654.2996586815,78654.29965868151,78654.29965868154,-5.5503317523064377e-14,-3.7002211682042916e-14
2017-01,petroleo,79071.60801778815,79071.6080177882,79071.60801778811,5.521039318598361e-14,1.1042078637196722e-13
2017-02,petroleo,77225.01699336008,77225.01699335998,77225.01699335992,2.0727877279172218e-13,7.537409919698989e-14
2017-03,petroleo,77175.83332123044,77175.83332123041,77175.83332123036,1.1313320195297785e-13,7.542213463531857e-14
2017-04,petroleo,72158.95027545013,72158.9502754501,72158.95027545013,0.0,-4.033294601104444e-14
2017-05,petroleo,74696.49416771135,74696.49416771144,74696.49416771134,1.9481389843671048e-14,1.3636972890569732e-13
2017-06,petroleo,73380.00354663734,73380.0035466374,73380.00354663731,3.9661800286281677e-14,1.1898540085884504e-13
2017-07,petroleo,75269.31271714493,75269.31271714495,75269.31271714487,7.733252611486759e-14,9.666565764358448e-14
2017-08,petroleo,76159.80648380406,76159.80648380415,76159.80648380409,-3.821416019869068e-14,7.642832039738136e-14
2017-09,petroleo,77039.47881709311,77039.47881709304,77039.47881709313,-1.8888906638265244e-14,-1.1333343982959147e-13
2017-10,petroleo,77815.245135383,77815.24513538301,77815.24513538304,-5.610179034859846e-14,-3.740119356573231e-14
2017-11,petroleo,77736.45942587574,77736.45942587567,77736.4594258758,-7.487819916595285e-14,-1.684759481233939e-13
2017-12,petroleo,77372.29958747588,77372.29958747594,77372.29958747583,5.642296521863629e-14,1.3165358551015133e-13
2018-01,petroleo,76459.65078448349,76459.65078448356,76459.65078448346,3.8064299481001506e-14,1.332250481835053e-13
2018-02,petroleo,76766.93599676566,76766.9359967657,76766.9359967657,-3.791193445308263e-14,0.0
2018-03,petroleo,77484.8631374742,77484.86313747412,77484.86313747418,1.8780332879402192e-14,-7.512133151760877e-14
2018-04,petroleo,77370.4307356533,77370.43073565327,77370.43073565324,7.523243745707183e-14,3.761621872853592e-14
2018-05,petroleo,77143.56229496772,77143.5622949677,77143.56229496776,-5.659026415992759e-14,-7.545368554657011e-14
2018-06,petroleo,77077.51616894573,77077.51616894566,77077.5161689456,1.6991626555302538e-13,7.551834024578905e-14
2018-07,petroleo,76870.49352618393,76870.49352618394,76870.49352618391,1.8930430339191363e-14,3.7860860678382727e-14
2018-08,petroleo,78079.78288929166,78079.78288929157,78079.78288929153,1.6773514501314468e-13,5.591171500438156e-14
2018-09,petroleo,79269.346627275,79269.34662727501,79269.34662727505,-7.343022667659944e-14,-5.5072670007449584e-14
2018-10,petroleo,79210.8336628532,79210.83366285323,79210.83366285326,-7.34844695123623e-14,-3.674223475618115e-14
2018-11,petroleo,78866.44239044734,78866.44239044747,78866.44239044737,-3.690267948520889e-14,1.2915937819823108e-13
2018-12,petroleo,79296.98608155713,79296.98608155709,79296.98608155713,0.0,-5.5053474088158307e-14
2019-01,petroleo,79629.70599398126,79629.70599398133,79629.70599398132,-7.309792267456938e-14,1.8274480668642345e-14
2019-02,petroleo,79755.58364232507,79755.58364232501,79755.58364232497,1.277194673358402e-13,5.473691457250294e-14
2019-03,petroleo,79895.99144170637,79895.99144170646,79895.99144170649,-1.457085890371277e-13,-3.6427147259281924e-14
2019-04,petroleo,80718.31108512872,80718.31108512865,80718.31108512868,5.4084067293057587e-14,-3.605604486203839e-14
2019-05,petroleo,80462.8899169445,80462.88991694458,80462.88991694443,9.0426252669943e-14,1.80852505339886e-13
2019-06,petroleo,79192.70397313497,79192.70397313504,79192.70397313497,0.0,9.187661551058662e-14
2019-07,petroleo,80318.89216730425,80318.8921673042,80318.89216730416,1.0870604538261232e-13,5.435302269130616e-14
2019-08,petroleo,82576.2809610959,82576.28096109579,82576.28096109588,1.7622391150338543e-14,-1.0573434690203125e-13
2019-09,petroleo,82219.27542379497,82219.27542379497,82219.27542379506,-1.0619345758054724e-13,-1.0619345758054724e-13
2019-10,petroleo,81756.54343946416,81756.5434394642,81756.54343946424,-8.899541624543889e-14,-3.559816649817556e-14
2019-11,petroleo,81739.51947512093,81739.51947512102,81739.51947512098,-5.3408370841215956e-14,5.3408370841215956e-14
2019-12,petroleo,82210.56129182702,82210.56129182702,82210.56129182703,-1.7700785640802493e-14,-1.7700785640802493e-14
2020-01,petroleo,81605.74484280533,81605.74484280532,81605.74484280527,7.132789612494942e-14,5.349592209371206e-14
2020-02,petroleo,82079.51178690158,82079.5117869016,82079.5117869016,-1.7729047007671254e-14,0.0
2020-03,petroleo,82431.6683732481,82431.66837324807,82431.66837324805,7.061322676365704e-14,3.530661338182852e-14
2020-04,petroleo,73251.96425907333,73251.96425907337,73251.9642590733,3.973112632693502e-14,9.932781581733756e-14
2020-05,petroleo,71173.19647564841,71173.19647564841,71173.1964756484,2.044578008147453e-14,2.044578008147453e-14
2020-06,petroleo,75079.66837099066,75079.66837099074,75079.66837099071,-5.814589572956647e-14,3.8763930486377646e-14
2020-07,petroleo,74643.5002313822,74643.50023138229,74643.5002313823,-1.3646654602585427e-13,-1.9495220860836323e-14
2020-08,petroleo,75163.71907343737,75163.7190734374,75163.71907343747,-1.3552204155710283e-13,-9.680145825507344e-14
2020-09,petroleo,74833.57724528169,74833.57724528169,74833.5772452816,1.1667421842473297e-13,1.1667421842473297e-13
2020-10,petroleo,75428.02225010864,75428.02225010865,75428.0222501088,-2.1221697551774862e-13,-1.929245231979533e-13
2020-11,petroleo,75359.31065117226,75359.31065117224,75359.31065117223,3.862008583312457e-14,1.9310042916562287e-14
2020-12,petroleo,76278.30786444586,76278.30786444581,76278.30786444579,9.538698245789004e-14,3.8154792983156017e-14
2021-01,petroleo,77488.77753942162,77488.77753942154,77488.77753942162,0.0,-9.389692088614841e-14
2021-02,petroleo,78326.74040185394,78326.74040185392,78326.74040185394,0.0,-1.8578476716519174e-14
2021-03,petroleo,79080.94658921358,79080.9465892136,79080.94658921359,-1.8401291152920633e-14,1.8401291152920633e-14
2021-04,petroleo,79975.72379211638,79975.72379211639,79975.72379211638,0.0,1.8195415481568056e-14
2021-05,petroleo,80193.99034101315,80193.99034101325,80193.99034101312,3.6291784874370206e-14,1.6331303193466593e-13
2021-06,petroleo,79906.77807933178,79906.7780793318,79906.77807933182,-5.463334492320405e-14,-3.6422229948802694e-14
2021-07,petroleo,81389.21197034234,81389.21197034226,81389.2119703423,5.3638245939779374e-14,-3.5758830626519585e-14
2021-08,petroleo,80885.94169304294,80885.94169304286,80885.94169304287,8.99533029088693e-14,-1.799066058177386e-14
2021-09,petroleo,83221.74886862138,83221.7488686213,83221.74886862133,5.24571356389278e-14,-3.49714237592852e-14
2021-10,petroleo,84746.45438160321,84746.45438160322,84746.45438160321,0.0,1.7171119823894115e-14
2021-11,petroleo,87020.33508277578,87020.33508277583,87020.33508277588,-1.170570148939015e-13,-6.688972279651515e-14
2021-12,petroleo,87353.48319880794,87353.48319880794,87353.48319880804,-1.1661058365209862e-13,-1.1661058365209862e-13
2022-01,petroleo,89016.56615099088,89016.56615099084,89016.566150991,-1.3077938956830767e-13,-1.7982166065642304e-13
2022-02,petroleo,88955.81429102889,88955.8142910289,88955.81429102896,-8.179294037351299e-14,-6.543435229881039e-14
2022-03,petroleo,89469.12801841498,89469.12801841495,89469.12801841502,-4.879420047115592e-14,-8.132366745192653e-14
2022-04,petroleo,90498.58463896802,90498.58463896796,90498.58463896804,-1.6079715817015e-14,-8.0398579085075e-14
2022-05,petroleo,91658.80944074463,91658.80944074456,91658.8094407447,-7.938088721179783e-14,-1.5876177442359566e-13
2022-06,petroleo,91228.22565536758,91228.2256553676,91228.22565536758,0.0,1.5951110661013566e-14
2022-07,petroleo,92176.12968211986,92176.12968211996,92176.12968211986,0.0,1.105095288225442e-13
2022-08,petroleo,92863.21734523158,92863.21734523165,92863.21734523153,4.7010804636247345e-14,1.253621456966596e-13
2022-09,petroleo,94540.0860677616,94540.08606776153,94540.08606776153,7.69616140286607e-14,0.0
2022-10,petroleo,96924.51038976207,96924.51038976206,96924.51038976216,-9.008195245876997e-14,-1.050956112018983e-13
2022-11,petroleo,96814.16646613053,96814.16646613053,96814.16646613047,6.012308222870546e-14,6.012308222870546e-14
2022-12,petroleo,97221.78173958272,97221.78173958272,97221.78173958266,5.987100819586077e-14,5.987100819586077e-14
2023-01,petroleo,97933.3982263871,97933.39822638713,97933.39822638711,-1.4858991408352858e-14,1.4858991408352858e-14
2023-02,petroleo,99724.04351743005,99724.04351743002,99724.04351743,5.836873321657254e-14,2.918436660828627e-14
2023-03,petroleo,100341.72695022792,100341.72695022792,100341.72695022787,5.800942706750497e-14,5.800942706750497e-14
2023-04,petroleo,99818.87979017137,99818.87979017133,99818.8797901714,-2.9156639022510245e-14,-7.289159755627561e-14
2023-05,petroleo,99842.81542454466,99842.81542454474,99842.81542454465,1.4574824604544868e-14,8.74489476272692e-14
2023-06,petroleo,98616.26087841963,98616.26087841962,98616.26087841972,-8.853660703871562e-14,-1.0329270821183489e-13
2023-07,petroleo,98073.9551658116,98073.95516581164,98073.95516581158,1.483769590383526e-14,5.935078361534104e-14
2023-08,petroleo,98900.50723525166,98900.50723525157,98900.50723525151,1.4713691198522035e-13,5.885476479408815e-14
2023-09,petroleo,101250.41182521926,101250.41182521926,101250.41182521918,7.186101748152247e-14,7.186101748152247e-14
2023-10,petroleo,103907.36317181279,103907.3631718128,103907.36317181274,4.201410213144854e-14,5.6018802841931395e-14
2023-11,petroleo,105965.16590298424,105965.16590298418,105965.16590298423,1.3732734813712056e-14,-4.1198204441136167e-14
2023-12,petroleo,107653.15429175308,107653.15429175312,107653.15429175306,1.3517407199169847e-14,5.406962879667939e-14
2024-01,petroleo,106459.79618120429,106459.79618120415,106459.79618120425,4.1006790592379595e-14,-9.568251138221905e-14
2024-02,petroleo,106594.43374509513,106594.4337450951,106594.43374509503,9.556165647650926e-14,6.825832605464947e-14
2024-03,petroleo,107747.32791574503,107747.32791574499,107747.32791574491,1.0804474141388266e-13,6.752796338367667e-14
2024-04,petroleo,108189.22906886837,108189.22906886836,108189.22906886842,-4.0351286408845064e-14,-5.3801715211793416e-14
2024-05,petroleo,108667.77459960512,108667.77459960527,108667.77459960512,0.0,1.3391196499592006e-13
2024-06,petroleo,105081.9381158173,105081.93811581738,105081.93811581741,-9.693712204498731e-14,-2.769632058428209e-14
2024-07,petroleo,107507.11423462807,107507.1142346281,107507.11423462804,2.707153909202351e-14,5.414307818404702e-14
2024-08,petroleo,113094.97808867483,113094.97808867482,113094.97808867483,0.0,-1.2866986204247791e-14
2024-09,petroleo,116570.34547117991,116570.34547117981,116570.34547117996,-3.7450129798142955e-14,-1.2483376599380985e-13
2024-10,petroleo,116921.96838475963,116921.96838475968,116921.96838475959,3.733750490877893e-14,7.467500981755786e-14
2024-11,petroleo,119459.07859134123,119459.0785913413,119459.0785913413,-6.090753168349656e-14,0.0
2024-12,petroleo,120507.9644317719,120507.96443177189,120507.96443177196,-4.8301920282142724e-14,-6.037740035267841e-14
2025-01,petroleo,118860.9078873841,118860.90788738409,118860.90788738399,9.794248075004924e-14,8.569967065629308e-14
2025-02,petroleo,118580.44681239712,118580.44681239716,118580.44681239717,-4.908706492357558e-14,-1.2271766230893895e-14
2025-03,petroleo,119008.19809186296,119008.19809186284,119008.19809186301,-4.891063123948539e-14,-1.4673189371845617e-13
2025-04,petroleo,117987.1218737043,117987.12187370431,117987.12187370428,1.2333477584056594e-14,2.4666955168113188e-14
2025-05,petroleo,118895.15542682199,118895.15542682185,118895.15542682202,-2.4478567147882342e-14,-1.4687140288729403e-13
2025-06,petroleo,123233.61549108608,123233.61549108615,123233.61549108612,-3.542519264011881e-14,2.3616795093412542e-14
2025-07,petroleo,128041.00004768069,128041.00004768069,128041.00004768078,-6.819026041477922e-14,-6.819026041477922e-14
2025-08,petroleo,129936.35599280968,129936.35599280972,129936.35599280961,5.599631880230705e-14,8.959411008369127e-14
2025-09,petroleo,132575.5950757549,132654.29774242162,132575.595075755,-6.585789135648266e-14,0.05936436990657983
2025-10,petroleo,135275.04314752825,135364.37314752833,135275.04314752825,0.0,0.06603583182941808
2025-11,petroleo,134225.1382764953,134961.7606800586,134877.5583102586,-0.4837128147460585,0.0624287471206236
2025-12,petroleo,,138237.5262383609,136948.4748824254,,0.941267405162568
2026-01,petroleo,,139091.20802957733,,,
2026-02,petroleo,,137524.66211392827,,,
2026-03,petroleo,,138307.6305859225,,,
2026-04,petroleo,,140702.998480251,,,
2026-05,petroleo,,142232.03581433877,,,
2026-06,petroleo,,117099.76525673873,,,
