anio,mes,indice_tiempo,cuenca,produccion_gas_promedio_dia_mm3
2009,1,2009-01,AUSTRAL,24506.9733870968
2009,1,2009-01,CUYANA,170.984064516129
2009,1,2009-01,DEL COLORADO,0
2009,1,2009-01,GOLFO SAN JORGE,13944.1666874194
2009,1,2009-01,LOS BOLSONES,0
2009,1,2009-01,NEUQUINA,75156.4961649355
2009,1,2009-01,NOROESTE,17444.390516129
2009,2,2009-02,AUSTRAL,25638.6131071429
2009,2,2009-02,CUYANA,169.469317857143
2009,2,2009-02,DEL COLORADO,0
2009,2,2009-02,GOLFO SAN JORGE,14417.0979642857
2009,2,2009-02,LOS BOLSONES,0
2009,2,2009-02,NEUQUINA,74732.3865287143
2009,2,2009-02,NOROESTE,17875.7013928571
2009,3,2009-03,AUSTRAL,25624.3160322581
2009,3,2009-03,CUYANA,168.994587096774
2009,3,2009-03,DEL COLORADO,0
2009,3,2009-03,GOLFO SAN JORGE,14713.4041806452
2009,3,2009-03,LOS BOLSONES,0
2009,3,2009-03,NEUQUINA,77387.6634677419
2009,3,2009-03,NOROESTE,17466.826516129
2009,4,2009-04,AUSTRAL,27778.7522333333
2009,4,2009-04,CUYANA,167.071636666667
2009,4,2009-04,DEL COLORADO,0
2009,4,2009-04,GOLFO SAN JORGE,14791.7233666667
2009,4,2009-04,LOS BOLSONES,0
2009,4,2009-04,NEUQUINA,76727.8250143333
2009,4,2009-04,NOROESTE,16027.8739
2009,5,2009-05,AUSTRAL,26609.325516129
2009,5,2009-05,CUYANA,164.001532258065
2009,5,2009-05,DEL COLORADO,0
2009,5,2009-05,GOLFO SAN JORGE,14896.5700806452
2009,5,2009-05,LOS BOLSONES,0
2009,5,2009-05,NEUQUINA,76290.2562112903
2009,5,2009-05,NOROESTE,17414.2796129032
2009,6,2009-06,AUSTRAL,29018.1511666667
2009,6,2009-06,CUYANA,147.841206666667
2009,6,2009-06,DEL COLORADO,0
2009,6,2009-06,GOLFO SAN JORGE,14367.1203466667
2009,6,2009-06,LOS BOLSONES,0
2009,6,2009-06,NEUQUINA,77886.320098
2009,6,2009-06,NOROESTE,17505.5707333333
2009,7,2009-07,AUSTRAL,29095.4767096774
2009,7,2009-07,CUYANA,152.008403225806
2009,7,2009-07,DEL COLORADO,0
2009,7,2009-07,GOLFO SAN JORGE,14941.7141774194
2009,7,2009-07,LOS BOLSONES,0
2009,7,2009-07,NEUQUINA,76680.6032935484
2009,7,2009-07,NOROESTE,17332.9081612903
2009,8,2009-08,AUSTRAL,25347.4143870968
2009,8,2009-08,CUYANA,160.524496774194
2009,8,2009-08,DEL COLORADO,0
2009,8,2009-08,GOLFO SAN JORGE,11836.9305290323
2009,8,2009-08,LOS BOLSONES,0
2009,8,2009-08,NEUQUINA,74747.5379990323
2009,8,2009-08,NOROESTE,17491.9645483871
2009,9,2009-09,AUSTRAL,29010.9955666667
2009,9,2009-09,CUYANA,154.51818
2009,9,2009-09,DEL COLORADO,0
2009,9,2009-09,GOLFO SAN JORGE,14460.9012766667
2009,9,2009-09,LOS BOLSONES,0
2009,9,2009-09,NEUQUINA,72441.6349833333
2009,9,2009-09,NOROESTE,17079.5179
2009,10,2009-10,AUSTRAL,28457.0193306452
2009,10,2009-10,CUYANA,166.969961290323
2009,10,2009-10,DEL COLORADO,0
2009,10,2009-10,GOLFO SAN JORGE,14585.8137967742
2009,10,2009-10,LOS BOLSONES,0
2009,10,2009-10,NEUQUINA,72301.8481777419
2009,10,2009-10,NOROESTE,17289.0692903226
2009,11,2009-11,AUSTRAL,27997.9152666667
2009,11,2009-11,CUYANA,169.726573333333
2009,11,2009-11,DEL COLORADO,0
2009,11,2009-11,GOLFO SAN JORGE,14042.2737933333
2009,11,2009-11,LOS BOLSONES,0
2009,11,2009-11,NEUQUINA,65172.064683
2009,11,2009-11,NOROESTE,16948.7387
2009,12,2009-12,AUSTRAL,26989.444516129
2009,12,2009-12,CUYANA,164.780383870968
2009,12,2009-12,DEL COLORADO,0
2009,12,2009-12,GOLFO SAN JORGE,13720.700183871
2009,12,2009-12,LOS BOLSONES,0
2009,12,2009-12,NEUQUINA,67147.5369841935
2009,12,2009-12,NOROESTE,16625.3386129032
2010,1,2010-01,AUSTRAL,26202.2196451613
2010,1,2010-01,CUYANA,165.503903225806
2010,1,2010-01,DEL COLORADO,0
2010,1,2010-01,GOLFO SAN JORGE,14247.9221516129
2010,1,2010-01,LOS BOLSONES,0
2010,1,2010-01,NEUQUINA,68606.3128680645
2010,1,2010-01,NOROESTE,16070.0300322581
2010,2,2010-02,AUSTRAL,28182.6640357143
2010,2,2010-02,CUYANA,165.820635714286
2010,2,2010-02,DEL COLORADO,0
2010,2,2010-02,GOLFO SAN JORGE,14365.3703714286
2010,2,2010-02,LOS BOLSONES,0
2010,2,2010-02,NEUQUINA,70868.5064717857
2010,2,2010-02,NOROESTE,15772.8433928571
2010,3,2010-03,AUSTRAL,28061.1164193548
2010,3,2010-03,CUYANA,160.908332258065
2010,3,2010-03,DEL COLORADO,0
2010,3,2010-03,GOLFO SAN JORGE,14327.6481290323
2010,3,2010-03,LOS BOLSONES,0
2010,3,2010-03,NEUQUINA,69729.0505516129
2010,3,2010-03,NOROESTE,14920.1289032258
2010,4,2010-04,AUSTRAL,27162.0647333333
2010,4,2010-04,CUYANA,158.807323333333
2010,4,2010-04,DEL COLORADO,0
2010,4,2010-04,GOLFO SAN JORGE,13784.49862
2010,4,2010-04,LOS BOLSONES,0
2010,4,2010-04,NEUQUINA,70576.6696186667
2010,4,2010-04,NOROESTE,15473.3579666667
2010,5,2010-05,AUSTRAL,28930.9437096774
2010,5,2010-05,CUYANA,158.132503225806
2010,5,2010-05,DEL COLORADO,0
2010,5,2010-05,GOLFO SAN JORGE,14782.9330741935
2010,5,2010-05,LOS BOLSONES,0
2010,5,2010-05,NEUQUINA,73292.6538419355
2010,5,2010-05,NOROESTE,15325.193
2010,6,2010-06,AUSTRAL,30030.3468333333
2010,6,2010-06,CUYANA,150.794895333333
2010,6,2010-06,DEL COLORADO,0
2010,6,2010-06,GOLFO SAN JORGE,14896.2696063333
2010,6,2010-06,LOS BOLSONES,0
2010,6,2010-06,NEUQUINA,72990.7718653333
2010,6,2010-06,NOROESTE,15357.6762666667
2010,7,2010-07,AUSTRAL,31883.4957419355
2010,7,2010-07,CUYANA,145.478599354839
2010,7,2010-07,DEL COLORADO,0
2010,7,2010-07,GOLFO SAN JORGE,14859.6026212903
2010,7,2010-07,LOS BOLSONES,0
2010,7,2010-07,NEUQUINA,72294.2981641935
2010,7,2010-07,NOROESTE,15022.1199354839
2010,8,2010-08,AUSTRAL,31280.5232903226
2010,8,2010-08,CUYANA,165.288131935484
2010,8,2010-08,DEL COLORADO,0
2010,8,2010-08,GOLFO SAN JORGE,14584.2125290323
2010,8,2010-08,LOS BOLSONES,0
2010,8,2010-08,NEUQUINA,73335.3991226129
2010,8,2010-08,NOROESTE,14580.2242580645
2010,9,2010-09,AUSTRAL,29428.3759666667
2010,9,2010-09,CUYANA,168.947348
2010,9,2010-09,DEL COLORADO,0
2010,9,2010-09,GOLFO SAN JORGE,14679.3302133333
2010,9,2010-09,LOS BOLSONES,0
2010,9,2010-09,NEUQUINA,72803.5656083333
2010,9,2010-09,NOROESTE,14213.0386666667
2010,10,2010-10,AUSTRAL,27957.6489677419
2010,10,2010-10,CUYANA,172.899986451613
2010,10,2010-10,DEL COLORADO,0
2010,10,2010-10,GOLFO SAN JORGE,14822.8126183871
2010,10,2010-10,LOS BOLSONES,0
2010,10,2010-10,NEUQUINA,70866.3747980645
2010,10,2010-10,NOROESTE,14025.0243548387
2010,11,2010-11,AUSTRAL,26724.9850666667
2010,11,2010-11,CUYANA,167.381289
2010,11,2010-11,DEL COLORADO,0
2010,11,2010-11,GOLFO SAN JORGE,14623.0995436667
2010,11,2010-11,LOS BOLSONES,0
2010,11,2010-11,NEUQUINA,68775.453906
2010,11,2010-11,NOROESTE,13443.0736
2010,12,2010-12,AUSTRAL,27175.1351935484
2010,12,2010-12,CUYANA,165.72927516129
2010,12,2010-12,DEL COLORADO,0
2010,12,2010-12,GOLFO SAN JORGE,12023.5499725806
2010,12,2010-12,LOS BOLSONES,0
2010,12,2010-12,NEUQUINA,69942.2052593548
2010,12,2010-12,NOROESTE,13503.8200967742
2011,1,2011-01,AUSTRAL,26369.6870645161
2011,1,2011-01,CUYANA,167.753799032258
2011,1,2011-01,DEL COLORADO,0
2011,1,2011-01,GOLFO SAN JORGE,14015.6716087097
2011,1,2011-01,LOS BOLSONES,0
2011,1,2011-01,NEUQUINA,69336.8637096774
2011,1,2011-01,NOROESTE,13237.6370967742
2011,2,2011-02,AUSTRAL,27123.4563214286
2011,2,2011-02,CUYANA,171.873503571429
2011,2,2011-02,DEL COLORADO,0
2011,2,2011-02,GOLFO SAN JORGE,14085.5187242857
2011,2,2011-02,LOS BOLSONES,0
2011,2,2011-02,NEUQUINA,69115.7422142857
2011,2,2011-02,NOROESTE,12967.6861428571
2011,3,2011-03,AUSTRAL,25868.3208709677
2011,3,2011-03,CUYANA,168.020942903226
2011,3,2011-03,DEL COLORADO,0
2011,3,2011-03,GOLFO SAN JORGE,13917.2654803226
2011,3,2011-03,LOS BOLSONES,0
2011,3,2011-03,NEUQUINA,68878.8726451613
2011,3,2011-03,NOROESTE,12719.867
2011,4,2011-04,AUSTRAL,30258.6454
2011,4,2011-04,CUYANA,162.999260666667
2011,4,2011-04,DEL COLORADO,0
2011,4,2011-04,GOLFO SAN JORGE,10110.3490943333
2011,4,2011-04,LOS BOLSONES,0
2011,4,2011-04,NEUQUINA,67907.6447
2011,4,2011-04,NOROESTE,11984.4868333333
2011,5,2011-05,AUSTRAL,30675.1677741935
2011,5,2011-05,CUYANA,166.694912580645
2011,5,2011-05,DEL COLORADO,0
2011,5,2011-05,GOLFO SAN JORGE,11564.1813325806
2011,5,2011-05,LOS BOLSONES,0
2011,5,2011-05,NEUQUINA,69452.9149032258
2011,5,2011-05,NOROESTE,13124.2240967742
2011,6,2011-06,AUSTRAL,31605.9799
2011,6,2011-06,CUYANA,163.80309
2011,6,2011-06,DEL COLORADO,0
2011,6,2011-06,GOLFO SAN JORGE,11810.781081
2011,6,2011-06,LOS BOLSONES,0
2011,6,2011-06,NEUQUINA,70511.2749333333
2011,6,2011-06,NOROESTE,13158.8577666667
2011,7,2011-07,AUSTRAL,30588.8337096774
2011,7,2011-07,CUYANA,160.799957419355
2011,7,2011-07,DEL COLORADO,0
2011,7,2011-07,GOLFO SAN JORGE,12914.6187240797
2011,7,2011-07,LOS BOLSONES,0
2011,7,2011-07,NEUQUINA,69993.8788064516
2011,7,2011-07,NOROESTE,12842.2711612903
2011,8,2011-08,AUSTRAL,31332.9181935484
2011,8,2011-08,CUYANA,164.071881290323
2011,8,2011-08,DEL COLORADO,0
2011,8,2011-08,GOLFO SAN JORGE,13827.9385927742
2011,8,2011-08,NEUQUINA,69641.3143225806
2011,8,2011-08,NOROESTE,12768.2887419355
2011,9,2011-09,AUSTRAL,31226.8066666667
2011,9,2011-09,CUYANA,171.411701
2011,9,2011-09,DEL COLORADO,0
2011,9,2011-09,GOLFO SAN JORGE,14249.9119522916
2011,9,2011-09,LOS BOLSONES,0
2011,9,2011-09,NEUQUINA,69053.4173
2011,9,2011-09,NOROESTE,12566.4121333333
2011,10,2011-10,AUSTRAL,31018.1243870968
2011,10,2011-10,CUYANA,174.651193548387
2011,10,2011-10,DEL COLORADO,0
2011,10,2011-10,GOLFO SAN JORGE,14483.5445967742
2011,10,2011-10,LOS BOLSONES,0
2011,10,2011-10,NEUQUINA,68609.8103870968
2011,10,2011-10,NOROESTE,12208.0808387097
2011,11,2011-11,AUSTRAL,29676.0268
2011,11,2011-11,CUYANA,177.316381666667
2011,11,2011-11,DEL COLORADO,0
2011,11,2011-11,GOLFO SAN JORGE,14500.146326787
2011,11,2011-11,LOS BOLSONES,0
2011,11,2011-11,NEUQUINA,68320.4893
2011,11,2011-11,NOROESTE,12072.5094
2011,12,2011-12,AUSTRAL,29820.4392258065
2011,12,2011-12,CUYANA,169.775392258064
2011,12,2011-12,DEL COLORADO,0
2011,12,2011-12,GOLFO SAN JORGE,14934.1031516129
2011,12,2011-12,LOS BOLSONES,0
2011,12,2011-12,NEUQUINA,66352.2331935484
2011,12,2011-12,NOROESTE,11875.5397096774
2012,1,2012-01,AUSTRAL,29575.5734193548
2012,1,2012-01,CUYANA,159.14950483871
2012,1,2012-01,DEL COLORADO,0
2012,1,2012-01,GOLFO SAN JORGE,14752.9515289051
2012,1,2012-01,LOS BOLSONES,0
2012,1,2012-01,NEUQUINA,67048.3197419355
2012,1,2012-01,NOROESTE,11498.6202258065
2012,2,2012-02,AUSTRAL,28856.7689310345
2012,2,2012-02,CUYANA,166.771344482759
2012,2,2012-02,DEL COLORADO,0
2012,2,2012-02,GOLFO SAN JORGE,14481.7664375862
2012,2,2012-02,LOS BOLSONES,0
2012,2,2012-02,NEUQUINA,64641.3458275862
2012,2,2012-02,NOROESTE,11379.0827241379
2012,3,2012-03,AUSTRAL,29073.6984516129
2012,3,2012-03,CUYANA,162.703827419355
2012,3,2012-03,DEL COLORADO,0
2012,3,2012-03,GOLFO SAN JORGE,14360.8108980645
2012,3,2012-03,LOS BOLSONES,0
2012,3,2012-03,NEUQUINA,66234.4627741935
2012,3,2012-03,NOROESTE,11220.12
2012,4,2012-04,AUSTRAL,31278.7321333333
2012,4,2012-04,CUYANA,161.325287333333
2012,4,2012-04,DEL COLORADO,0
2012,4,2012-04,GOLFO SAN JORGE,13985.590533
2012,4,2012-04,NEUQUINA,65982.033
2012,4,2012-04,NOROESTE,11035.8242
2012,5,2012-05,AUSTRAL,31083.8541290323
2012,5,2012-05,CAÑADON ASFALTO,0
2012,5,2012-05,CUYANA,161.746511290323
2012,5,2012-05,DEL COLORADO,0
2012,5,2012-05,GOLFO SAN JORGE,14377.6517564516
2012,5,2012-05,LOS BOLSONES,0
2012,5,2012-05,NEUQUINA,66145.0863225806
2012,5,2012-05,NOROESTE,10695.4671612903
2012,6,2012-06,AUSTRAL,31100.0886666667
2012,6,2012-06,CAÑADON ASFALTO,0
2012,6,2012-06,CUYANA,163.107468333333
2012,6,2012-06,DEL COLORADO,0
2012,6,2012-06,GOLFO SAN JORGE,13666.0466396667
2012,6,2012-06,LOS BOLSONES,0
2012,6,2012-06,NEUQUINA,66121.3801
2012,6,2012-06,NOROESTE,10580.9239
2012,7,2012-07,AUSTRAL,31140.1335806452
2012,7,2012-07,CAÑADON ASFALTO,0
2012,7,2012-07,CUYANA,160.654283870968
2012,7,2012-07,DEL COLORADO,0
2012,7,2012-07,GOLFO SAN JORGE,13927.72685
2012,7,2012-07,LOS BOLSONES,0
2012,7,2012-07,NEUQUINA,65782.9029354839
2012,7,2012-07,NORESTE,0
2012,7,2012-07,NOROESTE,10438.6117096774
2012,8,2012-08,AUSTRAL,30459.0410645161
2012,8,2012-08,CAÑADON ASFALTO,0
2012,8,2012-08,CUYANA,163.03373
2012,8,2012-08,DEL COLORADO,0
2012,8,2012-08,GOLFO SAN JORGE,14454.1201035484
2012,8,2012-08,LOS BOLSONES,0
2012,8,2012-08,NEUQUINA,66128.5199354839
2012,8,2012-08,NORESTE,0
2012,8,2012-08,NOROESTE,10224.9867096774
2012,9,2012-09,AUSTRAL,31017.0815666667
2012,9,2012-09,CAÑADON ASFALTO,0
2012,9,2012-09,CUYANA,150.662699333333
2012,9,2012-09,DEL COLORADO,0
2012,9,2012-09,GOLFO SAN JORGE,14556.4722993333
2012,9,2012-09,LOS BOLSONES,0
2012,9,2012-09,NEUQUINA,65389.1928
2012,9,2012-09,NORESTE,0
2012,9,2012-09,NOROESTE,10150.1423
2012,10,2012-10,AUSTRAL,30838.4762580645
2012,10,2012-10,CAÑADON ASFALTO,0
2012,10,2012-10,CUYANA,152.326677741935
2012,10,2012-10,DEL COLORADO,0
2012,10,2012-10,GOLFO SAN JORGE,14433.6395019355
2012,10,2012-10,LOS BOLSONES,0
2012,10,2012-10,NEUQUINA,64383.8156774194
2012,10,2012-10,NORESTE,0
2012,10,2012-10,NOROESTE,9935.71470967742
2012,11,2012-11,AUSTRAL,30219.4287666667
2012,11,2012-11,CAÑADON ASFALTO,0
2012,11,2012-11,CUYANA,153.509404
2012,11,2012-11,DEL COLORADO,0
2012,11,2012-11,GOLFO SAN JORGE,14240.2506626667
2012,11,2012-11,LOS BOLSONES,0
2012,11,2012-11,MALVINAS,0
2012,11,2012-11,NEUQUINA,62940.0313
2012,11,2012-11,NORESTE,0
2012,11,2012-11,NOROESTE,9644.13016666667
2012,12,2012-12,AUSTRAL,30413.0069677419
2012,12,2012-12,CAÑADON ASFALTO,0
2012,12,2012-12,CUYANA,156.168988064516
2012,12,2012-12,DEL COLORADO,0
2012,12,2012-12,GOLFO SAN JORGE,13887.638614559
2012,12,2012-12,LOS BOLSONES,0
2012,12,2012-12,MALVINAS,0
2012,12,2012-12,NEUQUINA,61379.3002903226
2012,12,2012-12,NORESTE,0
2012,12,2012-12,NOROESTE,9550.26190322581
2013,1,2013-01,AUSTRAL,29224.2496129032
2013,1,2013-01,CAÑADON ASFALTO,0
2013,1,2013-01,CUYANA,157.980786129032
2013,1,2013-01,DEL COLORADO,0
2013,1,2013-01,GOLFO SAN JORGE,13973.8269060903
2013,1,2013-01,LOS BOLSONES,0
2013,1,2013-01,MALVINAS,0
2013,1,2013-01,NEUQUINA,61650.218967739
2013,1,2013-01,NORESTE,0
2013,1,2013-01,NOROESTE,9630.83283870968
2013,2,2013-02,AUSTRAL,29886.2023571429
2013,2,2013-02,CAÑADON ASFALTO,0
2013,2,2013-02,CUYANA,163.583755714286
2013,2,2013-02,DEL COLORADO,0
2013,2,2013-02,GOLFO SAN JORGE,13933.08038
2013,2,2013-02,LOS BOLSONES,0
2013,2,2013-02,MALVINAS,0
2013,2,2013-02,NEUQUINA,61802.1964285714
2013,2,2013-02,NORESTE,0
2013,2,2013-02,NOROESTE,9485.22767857143
2013,3,2013-03,AUSTRAL,26886.5855806452
2013,3,2013-03,CAÑADON ASFALTO,0
2013,3,2013-03,CUYANA,166.096503548387
2013,3,2013-03,DEL COLORADO,0
2013,3,2013-03,GOLFO SAN JORGE,14149.0681991935
2013,3,2013-03,LOS BOLSONES,0
2013,3,2013-03,MALVINAS,0
2013,3,2013-03,NEUQUINA,60981.9975483871
2013,3,2013-03,NORESTE,0
2013,3,2013-03,NOROESTE,9420.8214516129
2013,4,2013-04,AUSTRAL,28184.5859
2013,4,2013-04,CAÑADON ASFALTO,0
2013,4,2013-04,CUYANA,161.171975666667
2013,4,2013-04,DEL COLORADO,0
2013,4,2013-04,GOLFO SAN JORGE,14211.8425793333
2013,4,2013-04,LOS BOLSONES,0
2013,4,2013-04,MALVINAS,0
2013,4,2013-04,NEUQUINA,61121.6694666667
2013,4,2013-04,NORESTE,0
2013,4,2013-04,NOROESTE,8835.04083333333
2013,5,2013-05,AUSTRAL,29023.7294516129
2013,5,2013-05,CAÑADON ASFALTO,0
2013,5,2013-05,CUYANA,154.383965483871
2013,5,2013-05,DEL COLORADO,0
2013,5,2013-05,GOLFO SAN JORGE,14563.2699997269
2013,5,2013-05,LOS BOLSONES,0
2013,5,2013-05,MALVINAS,0
2013,5,2013-05,NEUQUINA,61533.3121935484
2013,5,2013-05,NORESTE,0
2013,5,2013-05,NOROESTE,9172.23667741935
2013,6,2013-06,AUSTRAL,29701.1673666667
2013,6,2013-06,CAÑADON ASFALTO,0
2013,6,2013-06,CUYANA,158.680360333333
2013,6,2013-06,DEL COLORADO,0
2013,6,2013-06,GOLFO SAN JORGE,14456.8597398471
2013,6,2013-06,LOS BOLSONES,0
2013,6,2013-06,MALVINAS,0
2013,6,2013-06,NEUQUINA,61867.5572999997
2013,6,2013-06,NORESTE,0
2013,6,2013-06,NOROESTE,8858.24536666667
2013,7,2013-07,AUSTRAL,29393.3044516129
2013,7,2013-07,CAÑADON ASFALTO,0
2013,7,2013-07,CUYANA,156.750270967742
2013,7,2013-07,DEL COLORADO,0
2013,7,2013-07,GOLFO SAN JORGE,14268.812899197
2013,7,2013-07,LOS BOLSONES,0
2013,7,2013-07,MALVINAS,0
2013,7,2013-07,NEUQUINA,61998.3047419352
2013,7,2013-07,ÑIRIHUAU,0
2013,7,2013-07,NORESTE,0
2013,7,2013-07,NOROESTE,8648.348
2013,8,2013-08,AUSTRAL,29408.5263870968
2013,8,2013-08,CAÑADON ASFALTO,0
2013,8,2013-08,CUYANA,153.499710645161
2013,8,2013-08,DEL COLORADO,0
2013,8,2013-08,GOLFO SAN JORGE,14351.2020721912
2013,8,2013-08,LOS BOLSONES,0
2013,8,2013-08,MALVINAS,0
2013,8,2013-08,NEUQUINA,62779.0175483871
2013,8,2013-08,ÑIRIHUAU,0
2013,8,2013-08,NORESTE,0
2013,8,2013-08,NOROESTE,8578.53538709677
2013,9,2013-09,AUSTRAL,29154.6347333333
2013,9,2013-09,CAÑADON ASFALTO,0
2013,9,2013-09,CUYANA,157.892055666667
2013,9,2013-09,DEL COLORADO,0
2013,9,2013-09,GOLFO SAN JORGE,14594.212697257
2013,9,2013-09,LOS BOLSONES,0
2013,9,2013-09,MALVINAS,0
2013,9,2013-09,NEUQUINA,62816.43485
2013,9,2013-09,ÑIRIHUAU,0
2013,9,2013-09,NORESTE,0
2013,9,2013-09,NOROESTE,8658.724
2013,10,2013-10,AUSTRAL,28536.3981032258
2013,10,2013-10,CAÑADON ASFALTO,0
2013,10,2013-10,CUYANA,160.117248709677
2013,10,2013-10,DEL COLORADO,0
2013,10,2013-10,FUERA DE CUENCA,0
2013,10,2013-10,GENERAL LEVALLE,0
2013,10,2013-10,GOLFO SAN JORGE,14560.5181568514
2013,10,2013-10,LAS SALINAS,0
2013,10,2013-10,LOS BOLSONES,0
2013,10,2013-10,MALVINAS,0
2013,10,2013-10,NEUQUINA,62740.60283871
2013,10,2013-10,ÑIRIHUAU,0
2013,10,2013-10,NORESTE,0
2013,10,2013-10,NOROESTE,8577.16677419355
2013,11,2013-11,AUSTRAL,28375.7347666667
2013,11,2013-11,CAÑADON ASFALTO,0
2013,11,2013-11,CUYANA,162.682924666667
2013,11,2013-11,DEL COLORADO,0
2013,11,2013-11,FUERA DE CUENCA,0
2013,11,2013-11,GENERAL LEVALLE,0
2013,11,2013-11,GOLFO SAN JORGE,14571.3087488539
2013,11,2013-11,LAS SALINAS,0
2013,11,2013-11,LOS BOLSONES,0
2013,11,2013-11,MALVINAS,0
2013,11,2013-11,NEUQUINA,62830.5429
2013,11,2013-11,ÑIRIHUAU,0
2013,11,2013-11,NORESTE,0
2013,11,2013-11,NOROESTE,8749.41673333333
2013,12,2013-12,AUSTRAL,27996.2326774194
2013,12,2013-12,CAÑADON ASFALTO,0
2013,12,2013-12,CUYANA,158.520553225806
2013,12,2013-12,DEL COLORADO,0
2013,12,2013-12,FUERA DE CUENCA,0
2013,12,2013-12,GENERAL LEVALLE,0
2013,12,2013-12,GOLFO SAN JORGE,14422.4269244558
2013,12,2013-12,LAS SALINAS,0
2013,12,2013-12,LOS BOLSONES,0
2013,12,2013-12,MALVINAS,0
2013,12,2013-12,NEUQUINA,62267.2557096777
2013,12,2013-12,ÑIRIHUAU,0
2013,12,2013-12,NORESTE,0
2013,12,2013-12,NOROESTE,8603.32758064516
2014,1,2014-01,AUSTRAL,28553.7846032258
2014,1,2014-01,CAÑADON ASFALTO,0
2014,1,2014-01,CUYANA,148.359620322581
2014,1,2014-01,DEL COLORADO,0
2014,1,2014-01,FUERA DE CUENCA,0
2014,1,2014-01,GENERAL LEVALLE,0
2014,1,2014-01,GOLFO SAN JORGE,14258.4661717632
2014,1,2014-01,LAS SALINAS,0
2014,1,2014-01,LOS BOLSONES,0
2014,1,2014-01,MALVINAS,0
2014,1,2014-01,NEUQUINA,62739.273516129
2014,1,2014-01,ÑIRIHUAU,0
2014,1,2014-01,NORESTE,0
2014,1,2014-01,NOROESTE,8499.854
2014,2,2014-02,AUSTRAL,28350.0175714286
2014,2,2014-02,CAÑADON ASFALTO,0
2014,2,2014-02,CUYANA,155.432911071429
2014,2,2014-02,DEL COLORADO,0
2014,2,2014-02,FUERA DE CUENCA,0
2014,2,2014-02,GENERAL LEVALLE,0
2014,2,2014-02,GOLFO SAN JORGE,14401.5623209704
2014,2,2014-02,LAS SALINAS,0
2014,2,2014-02,LOS BOLSONES,0
2014,2,2014-02,MALVINAS,0
2014,2,2014-02,NEUQUINA,62741.3807142854
2014,2,2014-02,ÑIRIHUAU,0
2014,2,2014-02,NORESTE,0
2014,2,2014-02,NOROESTE,8339.4445
2014,3,2014-03,AUSTRAL,28377.9079677419
2014,3,2014-03,CAÑADON ASFALTO,0
2014,3,2014-03,CUYANA,157.783028064516
2014,3,2014-03,DEL COLORADO,0
2014,3,2014-03,FUERA DE CUENCA,0
2014,3,2014-03,GENERAL LEVALLE,0
2014,3,2014-03,GOLFO SAN JORGE,14629.0318008323
2014,3,2014-03,LAS SALINAS,0
2014,3,2014-03,LOS BOLSONES,0
2014,3,2014-03,MALVINAS,0
2014,3,2014-03,NEUQUINA,60820.9772580645
2014,3,2014-03,ÑIRIHUAU,0
2014,3,2014-03,NORESTE,0
2014,3,2014-03,NOROESTE,8205.82832258065
2014,4,2014-04,AUSTRAL,24691.6380666667
2014,4,2014-04,CAÑADON ASFALTO,0
2014,4,2014-04,CUYANA,158.763211
2014,4,2014-04,DEL COLORADO,0
2014,4,2014-04,FUERA DE CUENCA,0
2014,4,2014-04,GENERAL LEVALLE,0
2014,4,2014-04,GOLFO SAN JORGE,14608.8083572647
2014,4,2014-04,LAS SALINAS,0
2014,4,2014-04,LOS BOLSONES,0
2014,4,2014-04,MALVINAS,0
2014,4,2014-04,NEUQUINA,61104.9431
2014,4,2014-04,ÑIRIHUAU,0
2014,4,2014-04,NORESTE,0
2014,4,2014-04,NOROESTE,7970.41656666667
2014,5,2014-05,AUSTRAL,28389.0831290323
2014,5,2014-05,CAÑADON ASFALTO,0
2014,5,2014-05,CUYANA,157.337572258065
2014,5,2014-05,DEL COLORADO,0
2014,5,2014-05,FUERA DE CUENCA,0
2014,5,2014-05,GENERAL LEVALLE,0
2014,5,2014-05,GOLFO SAN JORGE,14370.400828021
2014,5,2014-05,LAS SALINAS,0
2014,5,2014-05,LOS BOLSONES,0
2014,5,2014-05,MALVINAS,0
2014,5,2014-05,NEUQUINA,63426.3317748387
2014,5,2014-05,ÑIRIHUAU,0
2014,5,2014-05,NORESTE,0
2014,5,2014-05,NOROESTE,7978.86838709677
2014,6,2014-06,AUSTRAL,28275.5335
2014,6,2014-06,CAÑADON ASFALTO,0
2014,6,2014-06,CUYANA,157.59705
2014,6,2014-06,DEL COLORADO,0
2014,6,2014-06,FUERA DE CUENCA,0
2014,6,2014-06,GENERAL LEVALLE,0
2014,6,2014-06,GOLFO SAN JORGE,14414.3112632145
2014,6,2014-06,LAS SALINAS,0
2014,6,2014-06,LOS BOLSONES,0
2014,6,2014-06,MALVINAS,0
2014,6,2014-06,NEUQUINA,63720.4975263337
2014,6,2014-06,ÑIRIHUAU,0
2014,6,2014-06,NORESTE,0
2014,6,2014-06,NOROESTE,7915.44513333333
2014,7,2014-07,AUSTRAL,28458.9320645161
2014,7,2014-07,CAÑADON ASFALTO,0
2014,7,2014-07,CUYANA,156.196470967742
2014,7,2014-07,DEL COLORADO,0
2014,7,2014-07,FUERA DE CUENCA,0
2014,7,2014-07,GENERAL LEVALLE,0
2014,7,2014-07,GOLFO SAN JORGE,14614.6169053475
2014,7,2014-07,LAS SALINAS,0
2014,7,2014-07,LOS BOLSONES,0
2014,7,2014-07,MALVINAS,0
2014,7,2014-07,NEUQUINA,64277.3681664519
2014,7,2014-07,ÑIRIHUAU,0
2014,7,2014-07,NORESTE,0
2014,7,2014-07,NOROESTE,7795.29361290323
2014,8,2014-08,AUSTRAL,27727.687516129
2014,8,2014-08,CAÑADON ASFALTO,0
2014,8,2014-08,CUYANA,151.547722258065
2014,8,2014-08,DEL COLORADO,0
2014,8,2014-08,FUERA DE CUENCA,0
2014,8,2014-08,GENERAL LEVALLE,0
2014,8,2014-08,GOLFO SAN JORGE,14393.0078965462
2014,8,2014-08,LAS SALINAS,0
2014,8,2014-08,LOS BOLSONES,0
2014,8,2014-08,MALVINAS,0
2014,8,2014-08,NEUQUINA,64792.604056129
2014,8,2014-08,ÑIRIHUAU,0
2014,8,2014-08,NORESTE,0
2014,8,2014-08,NOROESTE,7737.62922580645
2014,9,2014-09,AUSTRAL,27773.0029
2014,9,2014-09,CAÑADON ASFALTO,0
2014,9,2014-09,CUYANA,153.075825666667
2014,9,2014-09,DEL COLORADO,0
2014,9,2014-09,FUERA DE CUENCA,0
2014,9,2014-09,GENERAL LEVALLE,0
2014,9,2014-09,GOLFO SAN JORGE,14649.5312095306
2014,9,2014-09,LAS SALINAS,0
2014,9,2014-09,LOS BOLSONES,0
2014,9,2014-09,MALVINAS,0
2014,9,2014-09,NEUQUINA,64864.7275666667
2014,9,2014-09,ÑIRIHUAU,0
2014,9,2014-09,NORESTE,0
2014,9,2014-09,NOROESTE,7747.37706666667
2014,10,2014-10,AUSTRAL,25306.7406129032
2014,10,2014-10,CAÑADON ASFALTO,0
2014,10,2014-10,CUYANA,152.11439516129
2014,10,2014-10,DEL COLORADO,0
2014,10,2014-10,FUERA DE CUENCA,0
2014,10,2014-10,GENERAL LEVALLE,0
2014,10,2014-10,GOLFO SAN JORGE,14702.7003114293
2014,10,2014-10,LAS SALINAS,0
2014,10,2014-10,LOS BOLSONES,0
2014,10,2014-10,MALVINAS,0
2014,10,2014-10,NEUQUINA,64522.0230548387
2014,10,2014-10,ÑIRIHUAU,0
2014,10,2014-10,NORESTE,0
2014,10,2014-10,NOROESTE,7649.28061290323
2014,11,2014-11,AUSTRAL,26825.4993
2014,11,2014-11,CAÑADON ASFALTO,0
2014,11,2014-11,CUYANA,154.786099666667
2014,11,2014-11,DEL COLORADO,0
2014,11,2014-11,FUERA DE CUENCA,0
2014,11,2014-11,GENERAL LEVALLE,0
2014,11,2014-11,GOLFO SAN JORGE,14483.4606490392
2014,11,2014-11,LAS SALINAS,0
2014,11,2014-11,LOS BOLSONES,0
2014,11,2014-11,MALVINAS,0
2014,11,2014-11,NEUQUINA,64933.3556833337
2014,11,2014-11,ÑIRIHUAU,0
2014,11,2014-11,NORESTE,0
2014,11,2014-11,NOROESTE,7584.09063333333
2014,12,2014-12,AUSTRAL,26556.5734516129
2014,12,2014-12,CAÑADON ASFALTO,0
2014,12,2014-12,CUYANA,151.233679677419
2014,12,2014-12,DEL COLORADO,0
2014,12,2014-12,FUERA DE CUENCA,0
2014,12,2014-12,GENERAL LEVALLE,0
2014,12,2014-12,GOLFO SAN JORGE,14772.1029104132
2014,12,2014-12,LAS SALINAS,0
2014,12,2014-12,LOS BOLSONES,0
2014,12,2014-12,MALVINAS,0
2014,12,2014-12,NEUQUINA,65284.4623451613
2014,12,2014-12,ÑIRIHUAU,0
2014,12,2014-12,NORESTE,0
2014,12,2014-12,NOROESTE,7722.01270967742
2015,1,2015-01,AUSTRAL,27211.6378064516
2015,1,2015-01,CAÑADON ASFALTO,0
2015,1,2015-01,CUYANA,151.013641935484
2015,1,2015-01,DEL COLORADO,0
2015,1,2015-01,GOLFO SAN JORGE,15153.1608928527
2015,1,2015-01,LOS BOLSONES,0
2015,1,2015-01,MALVINAS,0
2015,1,2015-01,NEUQUINA,65554.8974387097
2015,1,2015-01,ÑIRIHUAU,0
2015,1,2015-01,NORESTE,0
2015,1,2015-01,NOROESTE,7910.16377419355
2015,2,2015-02,AUSTRAL,26095.1707142857
2015,2,2015-02,CAÑADON ASFALTO,0
2015,2,2015-02,CUYANA,149.030863214286
2015,2,2015-02,DEL COLORADO,0
2015,2,2015-02,GOLFO SAN JORGE,15327.5660450817
2015,2,2015-02,LOS BOLSONES,0
2015,2,2015-02,MALVINAS,0
2015,2,2015-02,NEUQUINA,65934.0896892857
2015,2,2015-02,ÑIRIHUAU,0
2015,2,2015-02,NORESTE,0
2015,2,2015-02,NOROESTE,7828.91914285714
2015,3,2015-03,AUSTRAL,26405.843
2015,3,2015-03,CAÑADON ASFALTO,0
2015,3,2015-03,CUYANA,149.54188808871
2015,3,2015-03,DEL COLORADO,0
2015,3,2015-03,GOLFO SAN JORGE,15351.4891272409
2015,3,2015-03,LOS BOLSONES,0
2015,3,2015-03,MALVINAS,0
2015,3,2015-03,NEUQUINA,66887.85933871
2015,3,2015-03,ÑIRIHUAU,0
2015,3,2015-03,NORESTE,0
2015,3,2015-03,NOROESTE,7728.20496774194
2015,4,2015-04,AUSTRAL,26731.7194666667
2015,4,2015-04,CAÑADON ASFALTO,0
2015,4,2015-04,CUYANA,145.637955666667
2015,4,2015-04,DEL COLORADO,0
2015,4,2015-04,GOLFO SAN JORGE,15533.9873252659
2015,4,2015-04,LOS BOLSONES,0
2015,4,2015-04,MALVINAS,0
2015,4,2015-04,NEUQUINA,66912.2016166667
2015,4,2015-04,ÑIRIHUAU,0
2015,4,2015-04,NORESTE,0
2015,4,2015-04,NOROESTE,7864.64896666667
2015,5,2015-05,AUSTRAL,27552.6382258065
2015,5,2015-05,CAÑADON ASFALTO,0
2015,5,2015-05,CUYANA,142.122668870968
2015,5,2015-05,DEL COLORADO,0
2015,5,2015-05,GOLFO SAN JORGE,15201.8477867331
2015,5,2015-05,LOS BOLSONES,0
2015,5,2015-05,MALVINAS,0
2015,5,2015-05,NEUQUINA,67561.8374188713
2015,5,2015-05,ÑIRIHUAU,0
2015,5,2015-05,NORESTE,0
2015,5,2015-05,NOROESTE,7925.47512903226
2015,6,2015-06,AUSTRAL,27094.9321666667
2015,6,2015-06,CAÑADON ASFALTO,0
2015,6,2015-06,CUYANA,141.552304666667
2015,6,2015-06,DEL COLORADO,0
2015,6,2015-06,GOLFO SAN JORGE,15331.4828409512
2015,6,2015-06,LOS BOLSONES,0
2015,6,2015-06,MALVINAS,0
2015,6,2015-06,NEUQUINA,67584.0520666667
2015,6,2015-06,ÑIRIHUAU,0
2015,6,2015-06,NORESTE,0
2015,6,2015-06,NOROESTE,7851.30426666667
2015,7,2015-07,AUSTRAL,25969.3258709677
2015,7,2015-07,CAÑADON ASFALTO,0
2015,7,2015-07,CUYANA,146.13608483871
2015,7,2015-07,DEL COLORADO,0
2015,7,2015-07,GOLFO SAN JORGE,15375.0758801325
2015,7,2015-07,LOS BOLSONES,0
2015,7,2015-07,MALVINAS,0
2015,7,2015-07,NEUQUINA,68089.4685161284
2015,7,2015-07,ÑIRIHUAU,0
2015,7,2015-07,NORESTE,0
2015,7,2015-07,NOROESTE,7745.30258064516
2015,8,2015-08,AUSTRAL,27181.652
2015,8,2015-08,CAÑADON ASFALTO,0
2015,8,2015-08,CUYANA,146.209569677419
2015,8,2015-08,DEL COLORADO,0
2015,8,2015-08,GOLFO SAN JORGE,15889.3413358868
2015,8,2015-08,LOS BOLSONES,0
2015,8,2015-08,MALVINAS,0
2015,8,2015-08,NEUQUINA,68716.3571290319
2015,8,2015-08,ÑIRIHUAU,0
2015,8,2015-08,NORESTE,0
2015,8,2015-08,NOROESTE,7928.78225806452
2015,9,2015-09,AUSTRAL,25881.4290669574
2015,9,2015-09,CAÑADON ASFALTO,0
2015,9,2015-09,CUYANA,151.930553
2015,9,2015-09,DEL COLORADO,0
2015,9,2015-09,GOLFO SAN JORGE,16148.0261128929
2015,9,2015-09,LOS BOLSONES,0
2015,9,2015-09,MALVINAS,0
2015,9,2015-09,NEUQUINA,68002.4938481353
2015,9,2015-09,ÑIRIHUAU,0
2015,9,2015-09,NORESTE,0
2015,9,2015-09,NOROESTE,7793.2979
2015,10,2015-10,AUSTRAL,27712.4090424124
2015,10,2015-10,CAÑADON ASFALTO,0
2015,10,2015-10,CUYANA,153.923431290323
2015,10,2015-10,DEL COLORADO,0
2015,10,2015-10,GOLFO SAN JORGE,16277.5548289274
2015,10,2015-10,LOS BOLSONES,0
2015,10,2015-10,MALVINAS,0
2015,10,2015-10,NEUQUINA,67631.7421095291
2015,10,2015-10,ÑIRIHUAU,0
2015,10,2015-10,NORESTE,0
2015,10,2015-10,NOROESTE,7791.74061290323
2015,11,2015-11,AUSTRAL,26951.6697629333
2015,11,2015-11,CAÑADON ASFALTO,0
2015,11,2015-11,CUYANA,153.303392666667
2015,11,2015-11,DEL COLORADO,0
2015,11,2015-11,GOLFO SAN JORGE,16212.6523317735
2015,11,2015-11,LOS BOLSONES,0
2015,11,2015-11,MALVINAS,0
2015,11,2015-11,NEUQUINA,67566.0578746032
2015,11,2015-11,ÑIRIHUAU,0
2015,11,2015-11,NORESTE,0
2015,11,2015-11,NOROESTE,7679.89213333333
2015,12,2015-12,AUSTRAL,22580.8268568038
2015,12,2015-12,CAÑADON ASFALTO,0
2015,12,2015-12,CUYANA,146.350289032258
2015,12,2015-12,DEL COLORADO,0
2015,12,2015-12,GOLFO SAN JORGE,16083.4297385279
2015,12,2015-12,LOS BOLSONES,0
2015,12,2015-12,MALVINAS,0
2015,12,2015-12,NEUQUINA,69178.6317438169
2015,12,2015-12,ÑIRIHUAU,0
2015,12,2015-12,NORESTE,0
2015,12,2015-12,NOROESTE,7728.99764516129
2016,1,2016-01,AUSTRAL,26820.1865249133
2016,1,2016-01,CAÑADON ASFALTO,0
2016,1,2016-01,CUYANA,145.486528625806
2016,1,2016-01,DEL COLORADO,0
2016,1,2016-01,GOLFO SAN JORGE,16004.536411283
2016,1,2016-01,LOS BOLSONES,0
2016,1,2016-01,MALVINAS,0
2016,1,2016-01,NEUQUINA,69096.4316543679
2016,1,2016-01,ÑIRIHUAU,0
2016,1,2016-01,NORESTE,0
2016,1,2016-01,NOROESTE,7656.31206451613
2016,2,2016-02,AUSTRAL,26932.6918143299
2016,2,2016-02,CAÑADON ASFALTO,0
2016,2,2016-02,CUYANA,142.534086551724
2016,2,2016-02,DEL COLORADO,0
2016,2,2016-02,GOLFO SAN JORGE,15720.6192527986
2016,2,2016-02,LOS BOLSONES,0
2016,2,2016-02,MALVINAS,0
2016,2,2016-02,NEUQUINA,69762.6333106733
2016,2,2016-02,ÑIRIHUAU,0
2016,2,2016-02,NORESTE,0
2016,2,2016-02,NOROESTE,7562.08251724138
2016,3,2016-03,AUSTRAL,28124.1623132325
2016,3,2016-03,CAÑADON ASFALTO,0
2016,3,2016-03,CUYANA,148.179526451613
2016,3,2016-03,DEL COLORADO,0
2016,3,2016-03,GOLFO SAN JORGE,15660.0833377541
2016,3,2016-03,LOS BOLSONES,0
2016,3,2016-03,MALVINAS,0
2016,3,2016-03,NEUQUINA,70745.6948209292
2016,3,2016-03,ÑIRIHUAU,0
2016,3,2016-03,NORESTE,0
2016,3,2016-03,NOROESTE,7322.62258064516
2016,4,2016-04,AUSTRAL,29895.9460268371
2016,4,2016-04,CAÑADON ASFALTO,0
2016,4,2016-04,CUYANA,145.187116666667
2016,4,2016-04,DEL COLORADO,0
2016,4,2016-04,GOLFO SAN JORGE,15783.602561415
2016,4,2016-04,LOS BOLSONES,0
2016,4,2016-04,MALVINAS,0
2016,4,2016-04,NEUQUINA,69802.5945165477
2016,4,2016-04,ÑIRIHUAU,0
2016,4,2016-04,NORESTE,0
2016,4,2016-04,NOROESTE,7292.66593333333
2016,5,2016-05,AUSTRAL,29343.5457564516
2016,5,2016-05,CAÑADON ASFALTO,0
2016,5,2016-05,CUYANA,137.755584516129
2016,5,2016-05,DEL COLORADO,0
2016,5,2016-05,GOLFO SAN JORGE,15567.9610094279
2016,5,2016-05,LOS BOLSONES,0
2016,5,2016-05,MALVINAS,0
2016,5,2016-05,NEUQUINA,71734.9658917431
2016,5,2016-05,ÑIRIHUAU,0
2016,5,2016-05,NORESTE,0
2016,5,2016-05,NOROESTE,7491.33351612903
2016,6,2016-06,AUSTRAL,29749.4179119667
2016,6,2016-06,CAÑADON ASFALTO,0
2016,6,2016-06,CUYANA,137.098732333333
2016,6,2016-06,DEL COLORADO,0
2016,6,2016-06,GOLFO SAN JORGE,15355.5804824403
2016,6,2016-06,LOS BOLSONES,0
2016,6,2016-06,MALVINAS,0
2016,6,2016-06,NEUQUINA,71393.9980633327
2016,6,2016-06,ÑIRIHUAU,0
2016,6,2016-06,NORESTE,0
2016,6,2016-06,NOROESTE,7415.15743333333
2016,7,2016-07,AUSTRAL,30235.8988653226
2016,7,2016-07,CAÑADON ASFALTO,0
2016,7,2016-07,CUYANA,143.058012580645
2016,7,2016-07,DEL COLORADO,0
2016,7,2016-07,GOLFO SAN JORGE,15697.1394289162
2016,7,2016-07,LOS BOLSONES,0
2016,7,2016-07,MALVINAS,0
2016,7,2016-07,NEUQUINA,72175.4631935484
2016,7,2016-07,ÑIRIHUAU,0
2016,7,2016-07,NORESTE,0
2016,7,2016-07,NOROESTE,7374.55458064516
2016,8,2016-08,AUSTRAL,30182.8043007419
2016,8,2016-08,CAÑADON ASFALTO,0
2016,8,2016-08,CUYANA,145.234119354839
2016,8,2016-08,DEL COLORADO,0
2016,8,2016-08,GOLFO SAN JORGE,15548.8201471064
2016,8,2016-08,LOS BOLSONES,0
2016,8,2016-08,MALVINAS,0
2016,8,2016-08,NEUQUINA,71698.3515806448
2016,8,2016-08,ÑIRIHUAU,0
2016,8,2016-08,NORESTE,0
2016,8,2016-08,NOROESTE,7284.29441935484
2016,9,2016-09,AUSTRAL,30065.9893860333
2016,9,2016-09,CAÑADON ASFALTO,0
2016,9,2016-09,CUYANA,144.382142666667
2016,9,2016-09,DEL COLORADO,0
2016,9,2016-09,GOLFO SAN JORGE,15399.7875385972
2016,9,2016-09,LOS BOLSONES,0
2016,9,2016-09,MALVINAS,0
2016,9,2016-09,NEUQUINA,71214.0876999997
2016,9,2016-09,ÑIRIHUAU,0
2016,9,2016-09,NORESTE,0
2016,9,2016-09,NOROESTE,7170.57946666667
2016,10,2016-10,AUSTRAL,29690.0884619355
2016,10,2016-10,CAÑADON ASFALTO,0
2016,10,2016-10,CUYANA,135.426387096774
2016,10,2016-10,DEL COLORADO,0
2016,10,2016-10,GOLFO SAN JORGE,15462.4933025553
2016,10,2016-10,LOS BOLSONES,0
2016,10,2016-10,MALVINAS,0
2016,10,2016-10,MERCEDES,0
2016,10,2016-10,NEUQUINA,72260.9427096778
2016,10,2016-10,ÑIRIHUAU,0
2016,10,2016-10,NORESTE,0
2016,10,2016-10,NOROESTE,7066.45074193548
2016,11,2016-11,AUSTRAL,27837.6258729333
2016,11,2016-11,CAÑADON ASFALTO,0
2016,11,2016-11,CUYANA,134.324054333333
2016,11,2016-11,DEL COLORADO,0
2016,11,2016-11,GOLFO SAN JORGE,15568.7674802023
2016,11,2016-11,LOS BOLSONES,0
2016,11,2016-11,MALVINAS,0
2016,11,2016-11,MERCEDES,0
2016,11,2016-11,NEUQUINA,70660.901333333
2016,11,2016-11,ÑIRIHUAU,0
2016,11,2016-11,NORESTE,0
2016,11,2016-11,NOROESTE,7032.43243333333
2016,12,2016-12,AUSTRAL,28329.5863806774
2016,12,2016-12,CAÑADON ASFALTO,0
2016,12,2016-12,CUYANA,123.409853225806
2016,12,2016-12,DEL COLORADO,0
2016,12,2016-12,GOLFO SAN JORGE,15234.0631866045
2016,12,2016-12,LOS BOLSONES,0
2016,12,2016-12,MALVINAS,0
2016,12,2016-12,MERCEDES,0
2016,12,2016-12,NEUQUINA,70821.6914193552
2016,12,2016-12,ÑIRIHUAU,0
2016,12,2016-12,NORESTE,0
2016,12,2016-12,NOROESTE,6921.15641935484
2017,1,2017-01,AUSTRAL,29363.267942129
2017,1,2017-01,CAÑADON ASFALTO,0
2017,1,2017-01,CUYANA,141.603890967742
2017,1,2017-01,DEL COLORADO,0
2017,1,2017-01,GOLFO SAN JORGE,15179.7363773349
2017,1,2017-01,LOS BOLSONES,0
2017,1,2017-01,MALVINAS,0
2017,1,2017-01,MERCEDES,0
2017,1,2017-01,NEUQUINA,71480.560645161
2017,1,2017-01,ÑIRIHUAU,0
2017,1,2017-01,NORESTE,0
2017,1,2017-01,NOROESTE,6931.32464516129
2017,2,2017-02,AUSTRAL,23288.8763472143
2017,2,2017-02,CAÑADON ASFALTO,0
2017,2,2017-02,CUYANA,132.951662857143
2017,2,2017-02,DEL COLORADO,0
2017,2,2017-02,GOLFO SAN JORGE,15190.4097929929
2017,2,2017-02,LOS BOLSONES,0
2017,2,2017-02,MALVINAS,0
2017,2,2017-02,MERCEDES,0
2017,2,2017-02,NEUQUINA,71393.2294285714
2017,2,2017-02,ÑIRIHUAU,0
2017,2,2017-02,NORESTE,0
2017,2,2017-02,NOROESTE,6918.91232142857
2017,3,2017-03,AUSTRAL,29558.2331484194
2017,3,2017-03,CAÑADON ASFALTO,0
2017,3,2017-03,CUYANA,135.322258064516
2017,3,2017-03,DEL COLORADO,0
2017,3,2017-03,GOLFO SAN JORGE,14930.6756550819
2017,3,2017-03,LOS BOLSONES,0
2017,3,2017-03,MALVINAS,0
2017,3,2017-03,MERCEDES,0
2017,3,2017-03,NEUQUINA,70778.360645161
2017,3,2017-03,ÑIRIHUAU,0
2017,3,2017-03,NORESTE,0
2017,3,2017-03,NOROESTE,6817.33509677419
2017,4,2017-04,AUSTRAL,29669.2296546
2017,4,2017-04,CAÑADON ASFALTO,0
2017,4,2017-04,CUYANA,133.194242333333
2017,4,2017-04,DEL COLORADO,0
2017,4,2017-04,GOLFO SAN JORGE,14378.5565137058
2017,4,2017-04,LOS BOLSONES,0
2017,4,2017-04,MALVINAS,0
2017,4,2017-04,NEUQUINA,72325.435166667
2017,4,2017-04,ÑIRIHUAU,0
2017,4,2017-04,NORESTE,0
2017,4,2017-04,NOROESTE,6780.21866666667
2017,5,2017-05,AUSTRAL,28282.0986305161
2017,5,2017-05,CAÑADON ASFALTO,0
2017,5,2017-05,CUYANA,133.018461374194
2017,5,2017-05,DEL COLORADO,0
2017,5,2017-05,GOLFO SAN JORGE,14880.5766602148
2017,5,2017-05,LOS BOLSONES,0
2017,5,2017-05,MALVINAS,0
2017,5,2017-05,NEUQUINA,72102.4269354839
2017,5,2017-05,ÑIRIHUAU,0
2017,5,2017-05,NORESTE,0
2017,5,2017-05,NOROESTE,6711.69403225806
2017,6,2017-06,AUSTRAL,29303.2256980333
2017,6,2017-06,CAÑADON ASFALTO,0
2017,6,2017-06,CUYANA,125.256527333333
2017,6,2017-06,DEL COLORADO,0
2017,6,2017-06,GOLFO SAN JORGE,14543.6477323137
2017,6,2017-06,LOS BOLSONES,0
2017,6,2017-06,MALVINAS,0
2017,6,2017-06,NEUQUINA,71724.4270000007
2017,6,2017-06,ÑIRIHUAU,0
2017,6,2017-06,NORESTE,0
2017,6,2017-06,NOROESTE,6595.423
2017,7,2017-07,AUSTRAL,30089.585076129
2017,7,2017-07,CAÑADON ASFALTO,0
2017,7,2017-07,CUYANA,126.892397419355
2017,7,2017-07,DEL COLORADO,0
2017,7,2017-07,GOLFO SAN JORGE,14414.9927760988
2017,7,2017-07,LOS BOLSONES,0
2017,7,2017-07,MALVINAS,0
2017,7,2017-07,NEUQUINA,72228.0802258071
2017,7,2017-07,ÑIRIHUAU,0
2017,7,2017-07,NORESTE,0
2017,7,2017-07,NOROESTE,6533.93038709677
2017,8,2017-08,AUSTRAL,30047.5701340323
2017,8,2017-08,CAÑADON ASFALTO,0
2017,8,2017-08,CUYANA,128.7329
2017,8,2017-08,DEL COLORADO,0
2017,8,2017-08,GOLFO SAN JORGE,14571.0850011506
2017,8,2017-08,LOS BOLSONES,0
2017,8,2017-08,MALVINAS,0
2017,8,2017-08,NEUQUINA,72610.8700645168
2017,8,2017-08,ÑIRIHUAU,0
2017,8,2017-08,NORESTE,0
2017,8,2017-08,NOROESTE,6464.23072480645
2017,9,2017-09,AUSTRAL,29691.0857901667
2017,9,2017-09,CAÑADON ASFALTO,0
2017,9,2017-09,CUYANA,136.109040333333
2017,9,2017-09,DEL COLORADO,0
2017,9,2017-09,GOLFO SAN JORGE,14693.5245505133
2017,9,2017-09,LOS BOLSONES,0
2017,9,2017-09,MALVINAS,0
2017,9,2017-09,NEUQUINA,72518.3778333333
2017,9,2017-09,ÑIRIHUAU,0
2017,9,2017-09,NORESTE,0
2017,9,2017-09,NOROESTE,6379.332
2017,10,2017-10,AUSTRAL,31110.8940981935
2017,10,2017-10,CAÑADON ASFALTO,0
2017,10,2017-10,CUYANA,130.945950645161
2017,10,2017-10,DEL COLORADO,0
2017,10,2017-10,GOLFO SAN JORGE,14527.9507197541
2017,10,2017-10,LOS BOLSONES,0
2017,10,2017-10,MALVINAS,0
2017,10,2017-10,NEUQUINA,72719.9363225806
2017,10,2017-10,ÑIRIHUAU,0
2017,10,2017-10,NORESTE,0
2017,10,2017-10,NOROESTE,6332.04929032258
2017,11,2017-11,AUSTRAL,29036.4163761333
2017,11,2017-11,CAÑADON ASFALTO,0
2017,11,2017-11,CUYANA,128.147025
2017,11,2017-11,DEL COLORADO,0
2017,11,2017-11,GOLFO SAN JORGE,14273.6189134076
2017,11,2017-11,LOS BOLSONES,0
2017,11,2017-11,MALVINAS,0
2017,11,2017-11,NEUQUINA,69498.2243
2017,11,2017-11,ÑIRIHUAU,0
2017,11,2017-11,NORESTE,0
2017,11,2017-11,NOROESTE,6258.39223333333
2017,12,2017-12,AUSTRAL,31192.4411625161
2017,12,2017-12,CAÑADON ASFALTO,0
2017,12,2017-12,CUYANA,139.299806451613
2017,12,2017-12,DEL COLORADO,0
2017,12,2017-12,GOLFO SAN JORGE,14276.3880508784
2017,12,2017-12,LOS BOLSONES,0
2017,12,2017-12,MALVINAS,0
2017,12,2017-12,NEUQUINA,71190.9109677419
2017,12,2017-12,ÑIRIHUAU,0
2017,12,2017-12,NORESTE,0
2017,12,2017-12,NOROESTE,6232.20767741935
2018,1,2018-01,AUSTRAL,31333.8338887097
2018,1,2018-01,CAÑADON ASFALTO,0
2018,1,2018-01,CUYANA,143.244182903226
2018,1,2018-01,DEL COLORADO,0
2018,1,2018-01,GOLFO SAN JORGE,14212.4343573855
2018,1,2018-01,LOS BOLSONES,0
2018,1,2018-01,MALVINAS,0
2018,1,2018-01,NEUQUINA,72191.356645161
2018,1,2018-01,ÑIRIHUAU,0
2018,1,2018-01,NOROESTE,6163.96609677419
2018,2,2018-02,AUSTRAL,30035.5989782857
2018,2,2018-02,CAÑADON ASFALTO,0
2018,2,2018-02,CUYANA,142.4440375
2018,2,2018-02,DEL COLORADO,0
2018,2,2018-02,GOLFO SAN JORGE,13908.0204264286
2018,2,2018-02,LOS BOLSONES,0
2018,2,2018-02,MALVINAS,0
2018,2,2018-02,NEUQUINA,74825.5467464286
2018,2,2018-02,ÑIRIHUAU,0
2018,2,2018-02,NOROESTE,5927.21671428571
2018,3,2018-03,AUSTRAL,30506.9570707097
2018,3,2018-03,CAÑADON ASFALTO,0
2018,3,2018-03,CUYANA,139.091495806452
2018,3,2018-03,DEL COLORADO,0
2018,3,2018-03,GOLFO SAN JORGE,13992.0855264516
2018,3,2018-03,LOS BOLSONES,0
2018,3,2018-03,MALVINAS,0
2018,3,2018-03,NEUQUINA,75446.7417741935
2018,3,2018-03,ÑIRIHUAU,0
2018,3,2018-03,NOROESTE,5783.01580645161
2018,4,2018-04,AUSTRAL,31900.5875193
2018,4,2018-04,CAÑADON ASFALTO,0
2018,4,2018-04,CUYANA,141.256576
2018,4,2018-04,DEL COLORADO,0
2018,4,2018-04,GOLFO SAN JORGE,13817.9270163333
2018,4,2018-04,LOS BOLSONES,0
2018,4,2018-04,MALVINAS,0
2018,4,2018-04,NEUQUINA,77774.1554333337
2018,4,2018-04,ÑIRIHUAU,0
2018,4,2018-04,NOROESTE,5614.90193333333
2018,5,2018-05,AUSTRAL,32104.769706871
2018,5,2018-05,CAÑADON ASFALTO,0
2018,5,2018-05,CUYANA,131.390270967742
2018,5,2018-05,DEL COLORADO,0
2018,5,2018-05,GOLFO SAN JORGE,13342.3019709677
2018,5,2018-05,LOS BOLSONES,0
2018,5,2018-05,MALVINAS,0
2018,5,2018-05,NEUQUINA,75834.3479032261
2018,5,2018-05,ÑIRIHUAU,0
2018,5,2018-05,NOROESTE,5860.71209677419
2018,6,2018-06,AUSTRAL,32919.2321784
2018,6,2018-06,CAÑADON ASFALTO,0
2018,6,2018-06,CUYANA,134.257464333333
2018,6,2018-06,DEL COLORADO,0
2018,6,2018-06,GOLFO SAN JORGE,13280.6477463333
2018,6,2018-06,LOS BOLSONES,0
2018,6,2018-06,MALVINAS,0
2018,6,2018-06,NEUQUINA,80026.5962666667
2018,6,2018-06,ÑIRIHUAU,0
2018,6,2018-06,NOROESTE,5868.6196
2018,7,2018-07,AUSTRAL,33174.0820151935
2018,7,2018-07,CAÑADON ASFALTO,0
2018,7,2018-07,CUYANA,134.817518064516
2018,7,2018-07,DEL COLORADO,0
2018,7,2018-07,GOLFO SAN JORGE,13435.6761319355
2018,7,2018-07,LOS BOLSONES,0
2018,7,2018-07,MALVINAS,0
2018,7,2018-07,NEUQUINA,79539.1932903229
2018,7,2018-07,ÑIRIHUAU,0
2018,7,2018-07,NOROESTE,5856.81961290323
2018,8,2018-08,AUSTRAL,33447.3765805806
2018,8,2018-08,CAÑADON ASFALTO,0
2018,8,2018-08,CUYANA,135.283132258065
2018,8,2018-08,DEL COLORADO,0
2018,8,2018-08,GOLFO SAN JORGE,13298.9914764516
2018,8,2018-08,LOS BOLSONES,0
2018,8,2018-08,MALVINAS,0
2018,8,2018-08,NEUQUINA,81050.2107741932
2018,8,2018-08,ÑIRIHUAU,0
2018,8,2018-08,NORESTE,0
2018,8,2018-08,NOROESTE,5873.65722580645
2018,9,2018-09,AUSTRAL,32845.1116965667
2018,9,2018-09,CAÑADON ASFALTO,0
2018,9,2018-09,CUYANA,127.997866666667
2018,9,2018-09,DEL COLORADO,0
2018,9,2018-09,GOLFO SAN JORGE,13588.0319423333
2018,9,2018-09,LOS BOLSONES,0
2018,9,2018-09,MALVINAS,0
2018,9,2018-09,NEUQUINA,79501.9548
2018,9,2018-09,ÑIRIHUAU,0
2018,9,2018-09,NORESTE,0
2018,9,2018-09,NOROESTE,5737.07596666667
2018,10,2018-10,AUSTRAL,33093.7068539355
2018,10,2018-10,CAÑADON ASFALTO,0
2018,10,2018-10,CUYANA,126.615904193548
2018,10,2018-10,DEL COLORADO,0
2018,10,2018-10,GOLFO SAN JORGE,13095.7195548387
2018,10,2018-10,LOS BOLSONES,0
2018,10,2018-10,MALVINAS,0
2018,10,2018-10,NEUQUINA,80382.3368709677
2018,10,2018-10,ÑIRIHUAU,0
2018,10,2018-10,NORESTE,0
2018,10,2018-10,NOROESTE,5666.42409677419
2018,11,2018-11,AUSTRAL,25463.9947127667
2018,11,2018-11,CAÑADON ASFALTO,0
2018,11,2018-11,CUYANA,123.514773
2018,11,2018-11,DEL COLORADO,0
2018,11,2018-11,GOLFO SAN JORGE,13415.1181206667
2018,11,2018-11,LOS BOLSONES,0
2018,11,2018-11,MALVINAS,0
2018,11,2018-11,NEUQUINA,78647.0305333337
2018,11,2018-11,ÑIRIHUAU,0
2018,11,2018-11,NORESTE,0
2018,11,2018-11,NOROESTE,5579.84836666667
2018,12,2018-12,AUSTRAL,31712.6440340323
2018,12,2018-12,CAÑADON ASFALTO,0
2018,12,2018-12,CUYANA,130.344830322581
2018,12,2018-12,DEL COLORADO,0
2018,12,2018-12,GOLFO SAN JORGE,13319.4982025806
2018,12,2018-12,LOS BOLSONES,0
2018,12,2018-12,MALVINAS,0
2018,12,2018-12,NEUQUINA,78150.7431935487
2018,12,2018-12,ÑIRIHUAU,0
2018,12,2018-12,NORESTE,0
2018,12,2018-12,NOROESTE,5408.8814516129
2019,1,2019-01,AUSTRAL,31182.4394514194
2019,1,2019-01,CAÑADON ASFALTO,0
2019,1,2019-01,CUYANA,128.655673225806
2019,1,2019-01,DEL COLORADO,0
2019,1,2019-01,GOLFO SAN JORGE,13100.1041664516
2019,1,2019-01,LOS BOLSONES,0
2019,1,2019-01,MALVINAS,0
2019,1,2019-01,NEUQUINA,79358.9888709681
2019,1,2019-01,ÑIRIHUAU,0
2019,1,2019-01,NORESTE,0
2019,1,2019-01,NOROESTE,5268.3425483871
2019,2,2019-02,AUSTRAL,31844.09849475
2019,2,2019-02,CAÑADON ASFALTO,0
2019,2,2019-02,CUYANA,130.699676785714
2019,2,2019-02,DEL COLORADO,0
2019,2,2019-02,GOLFO SAN JORGE,13245.6081
2019,2,2019-02,LOS BOLSONES,0
2019,2,2019-02,MALVINAS,0
2019,2,2019-02,NEUQUINA,84288.2129285721
2019,2,2019-02,ÑIRIHUAU,0
2019,2,2019-02,NORESTE,0
2019,2,2019-02,NOROESTE,5154.95710714286
2019,3,2019-03,AUSTRAL,32224.4361932903
2019,3,2019-03,CAÑADON ASFALTO,0
2019,3,2019-03,CUYANA,133.285860967742
2019,3,2019-03,DEL COLORADO,0
2019,3,2019-03,GOLFO SAN JORGE,13321.4762896774
2019,3,2019-03,LOS BOLSONES,0
2019,3,2019-03,MALVINAS,0
2019,3,2019-03,NEUQUINA,78721.3562903223
2019,3,2019-03,ÑIRIHUAU,0
2019,3,2019-03,NORESTE,0
2019,3,2019-03,NOROESTE,5086.68125806452
2019,4,2019-04,AUSTRAL,32352.3621600333
2019,4,2019-04,CAÑADON ASFALTO,0
2019,4,2019-04,CUYANA,132.009776666667
2019,4,2019-04,DEL COLORADO,0
2019,4,2019-04,GOLFO SAN JORGE,13189.0268603333
2019,4,2019-04,LOS BOLSONES,0
2019,4,2019-04,MALVINAS,0
2019,4,2019-04,NEUQUINA,80813.1579
2019,4,2019-04,ÑIRIHUAU,0
2019,4,2019-04,NORESTE,0
2019,4,2019-04,NOROESTE,5141.19406666667
2019,5,2019-05,AUSTRAL,34014.2390255806
2019,5,2019-05,CAÑADON ASFALTO,0
2019,5,2019-05,CUYANA,136.487476175258
2019,5,2019-05,DEL COLORADO,0
2019,5,2019-05,GOLFO SAN JORGE,13026.7774428106
2019,5,2019-05,MALVINAS,0
2019,5,2019-05,NEUQUINA,84674.3000645158
2019,5,2019-05,ÑIRIHUAU,0
2019,5,2019-05,NORESTE,0
2019,5,2019-05,NOROESTE,5108.81464516129
2019,6,2019-06,AUSTRAL,34096.6759368333
2019,6,2019-06,CAÑADON ASFALTO,0
2019,6,2019-06,CUYANA,131.346653666667
2019,6,2019-06,DEL COLORADO,0
2019,6,2019-06,GOLFO SAN JORGE,13165.6831536667
2019,6,2019-06,MALVINAS,0
2019,6,2019-06,NEUQUINA,87502.0746666667
2019,6,2019-06,ÑIRIHUAU,0
2019,6,2019-06,NORESTE,0
2019,6,2019-06,NOROESTE,5099.90136666667
2019,7,2019-07,AUSTRAL,35071.5093101613
2019,7,2019-07,CAÑADON ASFALTO,0
2019,7,2019-07,CUYANA,134.001247741935
2019,7,2019-07,DEL COLORADO,0
2019,7,2019-07,GOLFO SAN JORGE,13069.3725412903
2019,7,2019-07,MALVINAS,0
2019,7,2019-07,NEUQUINA,91150.7444193551
2019,7,2019-07,ÑIRIHUAU,0
2019,7,2019-07,NORESTE,0
2019,7,2019-07,NOROESTE,4992.89919354839
2019,8,2019-08,AUSTRAL,34942.3733622903
2019,8,2019-08,CAÑADON ASFALTO,0
2019,8,2019-08,CUYANA,145.558581290323
2019,8,2019-08,DEL COLORADO,0
2019,8,2019-08,GOLFO SAN JORGE,12914.4026898998
2019,8,2019-08,MALVINAS,0
2019,8,2019-08,NEUQUINA,91464.6955540978
2019,8,2019-08,ÑIRIHUAU,0
2019,8,2019-08,NORESTE,0
2019,8,2019-08,NOROESTE,4955.78203225806
2019,9,2019-09,AUSTRAL,34180.8809805
2019,9,2019-09,CAÑADON ASFALTO,0
2019,9,2019-09,CUYANA,142.124767666667
2019,9,2019-09,DEL COLORADO,0
2019,9,2019-09,GOLFO SAN JORGE,12499.2647819571
2019,9,2019-09,MALVINAS,0
2019,9,2019-09,NEUQUINA,86184.8979916541
2019,9,2019-09,ÑIRIHUAU,0
2019,9,2019-09,NORESTE,0
2019,9,2019-09,NOROESTE,4936.01636666667
2019,10,2019-10,AUSTRAL,33844.3726760968
2019,10,2019-10,CAÑADON ASFALTO,0
2019,10,2019-10,CUYANA,142.334468709677
2019,10,2019-10,DEL COLORADO,0
2019,10,2019-10,GOLFO SAN JORGE,12451.9164283781
2019,10,2019-10,MALVINAS,0
2019,10,2019-10,MALVINAS OESTE,0
2019,10,2019-10,NEUQUINA,88474.371645161
2019,10,2019-10,ÑIRIHUAU,0
2019,10,2019-10,NORESTE,0
2019,10,2019-10,NOROESTE,4987.85958064516
2019,11,2019-11,AUSTRAL,31127.7300761333
2019,11,2019-11,CAÑADON ASFALTO,0
2019,11,2019-11,CUYANA,142.320370666667
2019,11,2019-11,DEL COLORADO,0
2019,11,2019-11,GOLFO SAN JORGE,12144.8871447366
2019,11,2019-11,MALVINAS,0
2019,11,2019-11,MALVINAS OESTE,0
2019,11,2019-11,NEUQUINA,78625.0968839997
2019,11,2019-11,ÑIRIHUAU,0
2019,11,2019-11,NORESTE,0
2019,11,2019-11,NOROESTE,4944.5042
2019,12,2019-12,AUSTRAL,30861.3455215161
2019,12,2019-12,CAÑADON ASFALTO,0
2019,12,2019-12,CUYANA,146.293388064516
2019,12,2019-12,DEL COLORADO,0
2019,12,2019-12,GOLFO SAN JORGE,11808.3993921079
2019,12,2019-12,MALVINAS,0
2019,12,2019-12,MALVINAS OESTE,0
2019,12,2019-12,NEUQUINA,79134.6622580642
2019,12,2019-12,ÑIRIHUAU,0
2019,12,2019-12,NORESTE,0
2019,12,2019-12,NOROESTE,4914.92687096774
2020,1,2020-01,AUSTRAL,31403.7299765806
2020,1,2020-01,CAÑADON ASFALTO,0
2020,1,2020-01,CUYANA,144.906146451613
2020,1,2020-01,DEL COLORADO,0
2020,1,2020-01,GOLFO SAN JORGE,12113.1644365988
2020,1,2020-01,MALVINAS,0
2020,1,2020-01,MALVINAS OESTE,0
2020,1,2020-01,NEUQUINA,81662.6904516126
2020,1,2020-01,ÑIRIHUAU,0
2020,1,2020-01,NORESTE,0
2020,1,2020-01,NOROESTE,4907.85219354839
2020,2,2020-02,AUSTRAL,31068.9864525517
2020,2,2020-02,CAÑADON ASFALTO,0
2020,2,2020-02,CUYANA,145.613756206897
2020,2,2020-02,DEL COLORADO,0
2020,2,2020-02,GOLFO SAN JORGE,11774.8210026086
2020,2,2020-02,MALVINAS,0
2020,2,2020-02,MALVINAS OESTE,0
2020,2,2020-02,NEUQUINA,79941.6658620693
2020,2,2020-02,ÑIRIHUAU,0
2020,2,2020-02,NORESTE,0
2020,2,2020-02,NOROESTE,4784.9524137931
2020,3,2020-03,AUSTRAL,31218.8871363226
2020,3,2020-03,CAÑADON ASFALTO,0
2020,3,2020-03,CUYANA,147.313592580645
2020,3,2020-03,DEL COLORADO,0
2020,3,2020-03,GOLFO SAN JORGE,12358.2704145952
2020,3,2020-03,MALVINAS,0
2020,3,2020-03,MALVINAS OESTE,0
2020,3,2020-03,NEUQUINA,78096.5484193545
2020,3,2020-03,ÑIRIHUAU,0
2020,3,2020-03,NORESTE,0
2020,3,2020-03,NOROESTE,4800.22716129032
2020,4,2020-04,AUSTRAL,29385.1410355
2020,4,2020-04,CAÑADON ASFALTO,0
2020,4,2020-04,CUYANA,135.339561
2020,4,2020-04,GOLFO SAN JORGE,12004.083264282
2020,4,2020-04,MALVINAS,0
2020,4,2020-04,MALVINAS OESTE,0
2020,4,2020-04,NEUQUINA,70489.74343
2020,4,2020-04,ÑIRIHUAU,0
2020,4,2020-04,NORESTE,0
2020,4,2020-04,NOROESTE,4725.9166
2020,5,2020-05,ARGENTINA NORTE,0
2020,5,2020-05,AUSTRAL,32678.3469553871
2020,5,2020-05,CAÑADON ASFALTO,0
2020,5,2020-05,CUYANA,128.063193225806
2020,5,2020-05,GOLFO SAN JORGE,11555.6931032746
2020,5,2020-05,MALVINAS,0
2020,5,2020-05,MALVINAS OESTE,0
2020,5,2020-05,NEUQUINA,75446.3543129036
2020,5,2020-05,ÑIRIHUAU,0
2020,5,2020-05,NORESTE,0
2020,5,2020-05,NOROESTE,4662.68083870968
2020,6,2020-06,ARGENTINA NORTE,0
2020,6,2020-06,AUSTRAL,32732.7748768
2020,6,2020-06,CAÑADON ASFALTO,0
2020,6,2020-06,CUYANA,117.462333333333
2020,6,2020-06,GOLFO SAN JORGE,11272.554308
2020,6,2020-06,MALVINAS,0
2020,6,2020-06,MALVINAS OESTE,0
2020,6,2020-06,NEUQUINA,77282.9772779997
2020,6,2020-06,ÑIRIHUAU,0
2020,6,2020-06,NORESTE,0
2020,6,2020-06,NOROESTE,4615.9804
2020,7,2020-07,ARGENTINA NORTE,0
2020,7,2020-07,AUSTRAL,32203.4152632258
2020,7,2020-07,CAÑADON ASFALTO,0
2020,7,2020-07,CUYANA,129.734488064516
2020,7,2020-07,GOLFO SAN JORGE,10908.30614
2020,7,2020-07,MALVINAS,0
2020,7,2020-07,MALVINAS OESTE,0
2020,7,2020-07,NEUQUINA,78964.2623487094
2020,7,2020-07,ÑIRIHUAU,0
2020,7,2020-07,NORESTE,0
2020,7,2020-07,NOROESTE,4622.16696774194
2020,8,2020-08,ARGENTINA NORTE,0
2020,8,2020-08,AUSTRAL,31774.4902372903
2020,8,2020-08,CAÑADON ASFALTO,0
2020,8,2020-08,CUYANA,136.670840967742
2020,8,2020-08,GOLFO SAN JORGE,10598.0652416129
2020,8,2020-08,MALVINAS,0
2020,8,2020-08,MALVINAS OESTE,0
2020,8,2020-08,NEUQUINA,78639.8198093548
2020,8,2020-08,ÑIRIHUAU,0
2020,8,2020-08,NORESTE,0
2020,8,2020-08,NOROESTE,4523.09667741935
2020,9,2020-09,ARGENTINA NORTE,0
2020,9,2020-09,AUSTRAL,31914.7303341333
2020,9,2020-09,CAÑADON ASFALTO,0
2020,9,2020-09,CUYANA,127.614951666667
2020,9,2020-09,GOLFO SAN JORGE,11050.679674
2020,9,2020-09,MALVINAS,0
2020,9,2020-09,MALVINAS OESTE,0
2020,9,2020-09,NEUQUINA,75131.0033980003
2020,9,2020-09,ÑIRIHUAU,0
2020,9,2020-09,NORESTE,0
2020,9,2020-09,NOROESTE,4629.7387
2020,10,2020-10,ARGENTINA NORTE,0
2020,10,2020-10,AUSTRAL,32065.7080419355
2020,10,2020-10,CAÑADON ASFALTO,0
2020,10,2020-10,CUYANA,133.878735806452
2020,10,2020-10,GOLFO SAN JORGE,10983.419363871
2020,10,2020-10,MALVINAS,0
2020,10,2020-10,MALVINAS OESTE,0
2020,10,2020-10,NEUQUINA,74034.6058322545
2020,10,2020-10,ÑIRIHUAU,0
2020,10,2020-10,NORESTE,0
2020,10,2020-10,NOROESTE,4663.55874193548
2020,11,2020-11,ARGENTINA NORTE,0
2020,11,2020-11,AUSTRAL,31082.2610722
2020,11,2020-11,CAÑADON ASFALTO,0
2020,11,2020-11,CUYANA,133.971312333333
2020,11,2020-11,GOLFO SAN JORGE,10846.0537573233
2020,11,2020-11,MALVINAS,0
2020,11,2020-11,MALVINAS OESTE,0
2020,11,2020-11,NEUQUINA,69115.972679333
2020,11,2020-11,ÑIRIHUAU,0
2020,11,2020-11,NORESTE,0
2020,11,2020-11,NOROESTE,4549.36446666667
2020,12,2020-12,ARGENTINA NORTE,0
2020,12,2020-12,AUSTRAL,30603.2495549677
2020,12,2020-12,CAÑADON ASFALTO,0
2020,12,2020-12,CUYANA,129.420513870968
2020,12,2020-12,GOLFO SAN JORGE,10865.6637793548
2020,12,2020-12,MALVINAS,0
2020,12,2020-12,MALVINAS OESTE,0
2020,12,2020-12,NEUQUINA,67836.0410109677
2020,12,2020-12,ÑIRIHUAU,0
2020,12,2020-12,NORESTE,0
2020,12,2020-12,NOROESTE,4438.83180645161
2021,1,2021-01,ARGENTINA NORTE,0
2021,1,2021-01,AUSTRAL,31172.7624136452
2021,1,2021-01,CAÑADON ASFALTO,0
2021,1,2021-01,CUYANA,128.969577096774
2021,1,2021-01,GOLFO SAN JORGE,10977.3077164516
2021,1,2021-01,MALVINAS OESTE,0
2021,1,2021-01,NEUQUINA,69302.83024871
2021,1,2021-01,ÑIRIHUAU,0
2021,1,2021-01,NORESTE,0
2021,1,2021-01,NOROESTE,4432.98456774194
2021,2,2021-02,ARGENTINA NORTE,0
2021,2,2021-02,AUSTRAL,30919.9675358214
2021,2,2021-02,CAÑADON ASFALTO,0
2021,2,2021-02,CUYANA,125.1944775
2021,2,2021-02,GOLFO SAN JORGE,10731.7627664286
2021,2,2021-02,MALVINAS OESTE,0
2021,2,2021-02,NEUQUINA,68413.3224678571
2021,2,2021-02,ÑIRIHUAU,0
2021,2,2021-02,NORESTE,0
2021,2,2021-02,NOROESTE,4388.97828571429
2021,3,2021-03,ARGENTINA NORTE,0
2021,3,2021-03,AUSTRAL,29287.0047263548
2021,3,2021-03,CAÑADON ASFALTO,0
2021,3,2021-03,CUYANA,126.999222258065
2021,3,2021-03,GOLFO SAN JORGE,10746.7023477419
2021,3,2021-03,MALVINAS OESTE,0
2021,3,2021-03,NEUQUINA,69955.5077670961
2021,3,2021-03,ÑIRIHUAU,0
2021,3,2021-03,NORESTE,0
2021,3,2021-03,NOROESTE,4407.73132258065
2021,4,2021-04,ARGENTINA NORTE,0
2021,4,2021-04,AUSTRAL,30583.7759008333
2021,4,2021-04,CAÑADON ASFALTO,0
2021,4,2021-04,CUYANA,130.721666666667
2021,4,2021-04,GOLFO SAN JORGE,10732.2936333333
2021,4,2021-04,MALVINAS OESTE,0
2021,4,2021-04,NEUQUINA,68470.6779040003
2021,4,2021-04,ÑIRIHUAU,0
2021,4,2021-04,NORESTE,0
2021,4,2021-04,NOROESTE,4322.4431
2021,5,2021-05,ARGENTINA NORTE,0
2021,5,2021-05,AUSTRAL,30263.3516597419
2021,5,2021-05,CAÑADON ASFALTO,0
2021,5,2021-05,CUYANA,131.651590322581
2021,5,2021-05,GOLFO SAN JORGE,10816.6527741935
2021,5,2021-05,MALVINAS OESTE,0
2021,5,2021-05,NEUQUINA,75801.2768774194
2021,5,2021-05,ÑIRIHUAU,0
2021,5,2021-05,NORESTE,0
2021,5,2021-05,NOROESTE,4273.70043925652
2021,6,2021-06,ARGENTINA NORTE,0
2021,6,2021-06,AUSTRAL,29519.9708228
2021,6,2021-06,CAÑADON ASFALTO,0
2021,6,2021-06,CUYANA,127.765633333333
2021,6,2021-06,GOLFO SAN JORGE,11125.81251
2021,6,2021-06,MALVINAS OESTE,0
2021,6,2021-06,NEUQUINA,81993.2087636673
2021,6,2021-06,ÑIRIHUAU,0
2021,6,2021-06,NORESTE,0
2021,6,2021-06,NOROESTE,4256.1335
2021,7,2021-07,ARGENTINA NORTE,0
2021,7,2021-07,AUSTRAL,29834.6122837419
2021,7,2021-07,CAÑADON ASFALTO,0
2021,7,2021-07,CUYANA,131.123838709677
2021,7,2021-07,GOLFO SAN JORGE,11055.3584193548
2021,7,2021-07,MALVINAS OESTE,0
2021,7,2021-07,NEUQUINA,85487.8000451674
2021,7,2021-07,ÑIRIHUAU,0
2021,7,2021-07,NORESTE,0
2021,7,2021-07,NOROESTE,4220.3205483871
2021,8,2021-08,ARGENTINA NORTE,0
2021,8,2021-08,AUSTRAL,29969.3751053226
2021,8,2021-08,CAÑADON ASFALTO,0
2021,8,2021-08,CUYANA,143.084483870968
2021,8,2021-08,GOLFO SAN JORGE,11098.1741419355
2021,8,2021-08,MALVINAS OESTE,0
2021,8,2021-08,NEUQUINA,88355.2958664516
2021,8,2021-08,ÑIRIHUAU,0
2021,8,2021-08,NORESTE,0
2021,8,2021-08,NOROESTE,4159.44206337644
2021,9,2021-09,ARGENTINA NORTE,0
2021,9,2021-09,AUSTRAL,29801.9028120333
2021,9,2021-09,CAÑADON ASFALTO,0
2021,9,2021-09,CUYANA,141.048666666667
2021,9,2021-09,GOLFO SAN JORGE,10641.9031866667
2021,9,2021-09,MALVINAS OESTE,0
2021,9,2021-09,NEUQUINA,87935.357714
2021,9,2021-09,ÑIRIHUAU,0
2021,9,2021-09,NORESTE,0
2021,9,2021-09,NOROESTE,4152.46676666667
2021,10,2021-10,ARGENTINA NORTE,0
2021,10,2021-10,AUSTRAL,28476.4449452903
2021,10,2021-10,CAÑADON ASFALTO,0
2021,10,2021-10,CUYANA,139.402225806452
2021,10,2021-10,GOLFO SAN JORGE,10477.3023225806
2021,10,2021-10,MALVINAS OESTE,0
2021,10,2021-10,NEUQUINA,84076.9745967741
2021,10,2021-10,ÑIRIHUAU,0
2021,10,2021-10,NORESTE,0
2021,10,2021-10,NOROESTE,4059.98680645161
2021,11,2021-11,ARGENTINA NORTE,0
2021,11,2021-11,AUSTRAL,28879.8084715667
2021,11,2021-11,CAÑADON ASFALTO,0
2021,11,2021-11,CUYANA,144.280333333333
2021,11,2021-11,GOLFO SAN JORGE,10454.6503166667
2021,11,2021-11,MALVINAS OESTE,0
2021,11,2021-11,NEUQUINA,84352.5788643337
2021,11,2021-11,ÑIRIHUAU,0
2021,11,2021-11,NORESTE,0
2021,11,2021-11,NOROESTE,4046.76223333333
2021,12,2021-12,ARGENTINA NORTE,0
2021,12,2021-12,AUSTRAL,28390.0097722581
2021,12,2021-12,CAÑADON ASFALTO,0
2021,12,2021-12,CUYANA,143.785161290323
2021,12,2021-12,GOLFO SAN JORGE,10690.9262516129
2021,12,2021-12,MALVINAS OESTE,0
2021,12,2021-12,NEUQUINA,85614.4989774599
2021,12,2021-12,ÑIRIHUAU,0
2021,12,2021-12,NORESTE,0
2021,12,2021-12,NOROESTE,4022.7154516129
2022,1,2022-01,ARGENTINA NORTE,0
2022,1,2022-01,AUSTRAL,28001.8617002258
2022,1,2022-01,CAÑADON ASFALTO,0
2022,1,2022-01,CUYANA,140.053193548387
2022,1,2022-01,GOLFO SAN JORGE,10683.9738451613
2022,1,2022-01,MALVINAS OESTE,0
2022,1,2022-01,NEUQUINA,87178.0670678781
2022,1,2022-01,ÑIRIHUAU,0
2022,1,2022-01,NORESTE,0
2022,1,2022-01,NOROESTE,3949.44993548387
2022,2,2022-02,ARGENTINA NORTE,0
2022,2,2022-02,AUSTRAL,28305.0999441071
2022,2,2022-02,CAÑADON ASFALTO,0
2022,2,2022-02,CUYANA,137.295
2022,2,2022-02,GOLFO SAN JORGE,10871.4855571429
2022,2,2022-02,MALVINAS OESTE,0
2022,2,2022-02,NEUQUINA,84056.6663178568
2022,2,2022-02,ÑIRIHUAU,0
2022,2,2022-02,NORESTE,0
2022,2,2022-02,NOROESTE,3956.46560714286
2022,3,2022-03,ARGENTINA NORTE,0
2022,3,2022-03,AUSTRAL,22785.8600192581
2022,3,2022-03,CAÑADON ASFALTO,0
2022,3,2022-03,CUYANA,141.160967741935
2022,3,2022-03,GOLFO SAN JORGE,11214.3564483871
2022,3,2022-03,MALVINAS OESTE,0
2022,3,2022-03,NEUQUINA,87396.0825493342
2022,3,2022-03,ÑIRIHUAU,0
2022,3,2022-03,NORESTE,0
2022,3,2022-03,NOROESTE,3938.99751612903
2022,4,2022-04,ARGENTINA NORTE,0
2022,4,2022-04,AUSTRAL,27856.4844266
2022,4,2022-04,CAÑADON ASFALTO,0
2022,4,2022-04,CUYANA,137.410666666667
2022,4,2022-04,GOLFO SAN JORGE,10943.1083026667
2022,4,2022-04,MALVINAS OESTE,0
2022,4,2022-04,NEUQUINA,84544.366323493
2022,4,2022-04,ÑIRIHUAU,0
2022,4,2022-04,NORESTE,0
2022,4,2022-04,NOROESTE,3892.68036666667
2022,5,2022-05,ARGENTINA NORTE,0
2022,5,2022-05,AUSTRAL,27745.2939510968
2022,5,2022-05,CAÑADON ASFALTO,0
2022,5,2022-05,CUYANA,141.446774193548
2022,5,2022-05,GOLFO SAN JORGE,11049.4994516129
2022,5,2022-05,MALVINAS OESTE,0
2022,5,2022-05,NEUQUINA,93560.0903919353
2022,5,2022-05,ÑIRIHUAU,0
2022,5,2022-05,NORESTE,0
2022,5,2022-05,NOROESTE,3847.055
2022,6,2022-06,ARGENTINA NORTE,0
2022,6,2022-06,AUSTRAL,28077.7977311333
2022,6,2022-06,CAÑADON ASFALTO,0
2022,6,2022-06,CUYANA,136.644
2022,6,2022-06,GOLFO SAN JORGE,11240.3881533333
2022,6,2022-06,MALVINAS OESTE,0
2022,6,2022-06,NEUQUINA,96472.0468649994
2022,6,2022-06,ÑIRIHUAU,0
2022,6,2022-06,NORESTE,0
2022,6,2022-06,NOROESTE,3824.2636
2022,7,2022-07,ARGENTINA NORTE,0
2022,7,2022-07,AUSTRAL,27862.7068283548
2022,7,2022-07,CAÑADON ASFALTO,0
2022,7,2022-07,CUYANA,132.986774193548
2022,7,2022-07,GOLFO SAN JORGE,11145.4841935484
2022,7,2022-07,MALVINAS OESTE,0
2022,7,2022-07,NEUQUINA,97504.1438751613
2022,7,2022-07,ÑIRIHUAU,0
2022,7,2022-07,NORESTE,0
2022,7,2022-07,NOROESTE,3830.35709677419
2022,8,2022-08,ARGENTINA NORTE,0
2022,8,2022-08,AUSTRAL,28096.8522726129
2022,8,2022-08,CAÑADON ASFALTO,0
2022,8,2022-08,CUYANA,143.05
2022,8,2022-08,GOLFO SAN JORGE,11591.1436580645
2022,8,2022-08,MALVINAS OESTE,0
2022,8,2022-08,NEUQUINA,98132.9677251615
2022,8,2022-08,ÑIRIHUAU,0
2022,8,2022-08,NORESTE,0
2022,8,2022-08,NOROESTE,3814.58887096774
2022,9,2022-09,ARGENTINA NORTE,0
2022,9,2022-09,AUSTRAL,27923.1254174667
2022,9,2022-09,CAÑADON ASFALTO,0
2022,9,2022-09,CUYANA,138.1259
2022,9,2022-09,GOLFO SAN JORGE,11314.6191666667
2022,9,2022-09,MALVINAS OESTE,0
2022,9,2022-09,NEUQUINA,93158.2887703333
2022,9,2022-09,ÑIRIHUAU,0
2022,9,2022-09,NORESTE,0
2022,9,2022-09,NOROESTE,3813.7683
2022,10,2022-10,ARGENTINA NORTE,0
2022,10,2022-10,AUSTRAL,27553.8674137419
2022,10,2022-10,CAÑADON ASFALTO,0
2022,10,2022-10,CUYANA,141.067612903226
2022,10,2022-10,GOLFO SAN JORGE,11270.4736387097
2022,10,2022-10,MALVINAS OESTE,0
2022,10,2022-10,NEUQUINA,90223.8563387077
2022,10,2022-10,ÑIRIHUAU,0
2022,10,2022-10,NORESTE,0
2022,10,2022-10,NOROESTE,3791.84267741935
2022,11,2022-11,ARGENTINA NORTE,0
2022,11,2022-11,AUSTRAL,27231.6034133333
2022,11,2022-11,CAÑADON ASFALTO,0
2022,11,2022-11,CUYANA,150.541466666667
2022,11,2022-11,GOLFO SAN JORGE,11353.7604533333
2022,11,2022-11,MALVINAS OESTE,0
2022,11,2022-11,NEUQUINA,84273.1851633333
2022,11,2022-11,ÑIRIHUAU,0
2022,11,2022-11,NORESTE,0
2022,11,2022-11,NOROESTE,3744.4949
2022,12,2022-12,ARGENTINA NORTE,0
2022,12,2022-12,AUSTRAL,27012.9614141613
2022,12,2022-12,CAÑADON ASFALTO,0
2022,12,2022-12,CUYANA,135.781548387097
2022,12,2022-12,GOLFO SAN JORGE,11363.4098419355
2022,12,2022-12,MALVINAS OESTE,0
2022,12,2022-12,NEUQUINA,86810.3043887097
2022,12,2022-12,ÑIRIHUAU,0
2022,12,2022-12,NORESTE,0
2022,12,2022-12,NOROESTE,3718.97825806452
2023,1,2023-01,ARGENTINA NORTE,0
2023,1,2023-01,AUSTRAL,26735.0245122258
2023,1,2023-01,CAÑADON ASFALTO,0
2023,1,2023-01,CUYANA,147.922064516129
2023,1,2023-01,GOLFO SAN JORGE,11175.511483871
2023,1,2023-01,MALVINAS OESTE,0
2023,1,2023-01,NEUQUINA,87259.1024216129
2023,1,2023-01,ÑIRIHUAU,0
2023,1,2023-01,NORESTE,0
2023,1,2023-01,NOROESTE,3710.57883870968
2023,2,2023-02,ARGENTINA NORTE,0
2023,2,2023-02,AUSTRAL,26749.5679836071
2023,2,2023-02,CAÑADON ASFALTO,0
2023,2,2023-02,CUYANA,148.776857142857
2023,2,2023-02,GOLFO SAN JORGE,11244.5404892857
2023,2,2023-02,MALVINAS OESTE,0
2023,2,2023-02,NEUQUINA,88358.1124928571
2023,2,2023-02,ÑIRIHUAU,0
2023,2,2023-02,NORESTE,0
2023,2,2023-02,NOROESTE,3690.28575
2023,3,2023-03,ARGENTINA NORTE,0
2023,3,2023-03,AUSTRAL,26451.9682263548
2023,3,2023-03,CAÑADON ASFALTO,0
2023,3,2023-03,CUYANA,147.471419354839
2023,3,2023-03,GOLFO SAN JORGE,11139.1402903226
2023,3,2023-03,MALVINAS OESTE,0
2023,3,2023-03,NEUQUINA,87479.7720925806
2023,3,2023-03,ÑIRIHUAU,0
2023,3,2023-03,NORESTE,0
2023,3,2023-03,NOROESTE,3635.39990322581
2023,4,2023-04,ARGENTINA NORTE,0
2023,4,2023-04,AUSTRAL,25052.6556697667
2023,4,2023-04,CAÑADON ASFALTO,0
2023,4,2023-04,CUYANA,150.202
2023,4,2023-04,GOLFO SAN JORGE,11002.9765166667
2023,4,2023-04,MALVINAS OESTE,0
2023,4,2023-04,NEUQUINA,88955.5029183333
2023,4,2023-04,ÑIRIHUAU,0
2023,4,2023-04,NORESTE,0
2023,4,2023-04,NOROESTE,3621.65536666667
2023,5,2023-05,ARGENTINA NORTE,0
2023,5,2023-05,AUSTRAL,26182.8491368064
2023,5,2023-05,CAÑADON ASFALTO,0
2023,5,2023-05,CUYANA,157.087225806452
2023,5,2023-05,GOLFO SAN JORGE,11202.9012451613
2023,5,2023-05,MALVINAS OESTE,0
2023,5,2023-05,NEUQUINA,93830.517866129
2023,5,2023-05,ÑIRIHUAU,0
2023,5,2023-05,NORESTE,0
2023,5,2023-05,NOROESTE,3601.62419354839
2023,6,2023-06,ARGENTINA NORTE,0
2023,6,2023-06,AUSTRAL,26408.0481972
2023,6,2023-06,CAÑADON ASFALTO,0
2023,6,2023-06,CUYANA,162.941333333333
2023,6,2023-06,GOLFO SAN JORGE,11347.7374133333
2023,6,2023-06,MALVINAS OESTE,0
2023,6,2023-06,NEUQUINA,96710.8117373333
2023,6,2023-06,ÑIRIHUAU,0
2023,6,2023-06,NORESTE,0
2023,6,2023-06,NOROESTE,3588.21663333333
2023,7,2023-07,ARGENTINA NORTE,0
2023,7,2023-07,AUSTRAL,25901.0631106774
2023,7,2023-07,CAÑADON ASFALTO,0
2023,7,2023-07,CUYANA,158.941096774194
2023,7,2023-07,GOLFO SAN JORGE,11415.1510806452
2023,7,2023-07,MALVINAS OESTE,0
2023,7,2023-07,NEUQUINA,97124.4806406452
2023,7,2023-07,ÑIRIHUAU,0
2023,7,2023-07,NORESTE,0
2023,7,2023-07,NOROESTE,3567.66093548387
2023,8,2023-08,ARGENTINA NORTE,0
2023,8,2023-08,AUSTRAL,25932.7393671935
2023,8,2023-08,CAÑADON ASFALTO,0
2023,8,2023-08,CUYANA,158.646225806452
2023,8,2023-08,GOLFO SAN JORGE,11360.0143483871
2023,8,2023-08,MALVINAS OESTE,0
2023,8,2023-08,NEUQUINA,103429.788690968
2023,8,2023-08,ÑIRIHUAU,0
2023,8,2023-08,NORESTE,0
2023,8,2023-08,NOROESTE,3538.9474516129
2023,9,2023-09,ARGENTINA NORTE,0
2023,9,2023-09,AUSTRAL,25691.9596527
2023,9,2023-09,CAÑADON ASFALTO,0
2023,9,2023-09,CUYANA,163.1218
2023,9,2023-09,GOLFO SAN JORGE,11465.90485
2023,9,2023-09,MALVINAS OESTE,0
2023,9,2023-09,NEUQUINA,102401.733663333
2023,9,2023-09,ÑIRIHUAU,0
2023,9,2023-09,NORESTE,0
2023,9,2023-09,NOROESTE,3508.05716666667
2023,10,2023-10,ARGENTINA NORTE,0
2023,10,2023-10,AUSTRAL,25224.2514538064
2023,10,2023-10,CAÑADON ASFALTO,0
2023,10,2023-10,CUYANA,150.776580645161
2023,10,2023-10,GOLFO SAN JORGE,11543.5438548387
2023,10,2023-10,MALVINAS OESTE,0
2023,10,2023-10,NEUQUINA,85567.7530548387
2023,10,2023-10,ÑIRIHUAU,0
2023,10,2023-10,NORESTE,0
2023,10,2023-10,NOROESTE,3494.08258064516
2023,11,2023-11,ARGENTINA NORTE,0
2023,11,2023-11,AUSTRAL,23824.3430866
2023,11,2023-11,CAÑADON ASFALTO,0
2023,11,2023-11,CUYANA,140.7425
2023,11,2023-11,GOLFO SAN JORGE,11235.1684666667
2023,11,2023-11,MALVINAS OESTE,0
2023,11,2023-11,NEUQUINA,87662.9656066667
2023,11,2023-11,ÑIRIHUAU,0
2023,11,2023-11,NORESTE,0
2023,11,2023-11,NOROESTE,3467.47093333333
2023,12,2023-12,ARGENTINA NORTE,0
2023,12,2023-12,AUSTRAL,21466.3173777742
2023,12,2023-12,CAÑADON ASFALTO,0
2023,12,2023-12,CUYANA,145.794322580645
2023,12,2023-12,GOLFO SAN JORGE,11194.168216129
2023,12,2023-12,MALVINAS OESTE,0
2023,12,2023-12,NEUQUINA,77903.4912741935
2023,12,2023-12,ÑIRIHUAU,0
2023,12,2023-12,NORESTE,0
2023,12,2023-12,NOROESTE,3451.86503225806
2024,1,2024-01,ARGENTINA NORTE,0
2024,1,2024-01,AUSTRAL,22019.8555990323
2024,1,2024-01,CAÑADON ASFALTO,0
2024,1,2024-01,CUYANA,147.001064516129
2024,1,2024-01,GOLFO SAN JORGE,11047.6811290323
2024,1,2024-01,MALVINAS OESTE,0
2024,1,2024-01,NEUQUINA,87163.7788129032
2024,1,2024-01,ÑIRIHUAU,0
2024,1,2024-01,NORESTE,0
2024,1,2024-01,NOROESTE,3425.56132258065
2024,2,2024-02,ARGENTINA NORTE,0
2024,2,2024-02,AUSTRAL,24690.1643773448
2024,2,2024-02,CAÑADON ASFALTO,0
2024,2,2024-02,CUYANA,139.528413793103
2024,2,2024-02,GOLFO SAN JORGE,11105.6574482759
2024,2,2024-02,MALVINAS OESTE,0
2024,2,2024-02,NEUQUINA,94709.665237931
2024,2,2024-02,ÑIRIHUAU,0
2024,2,2024-02,NORESTE,0
2024,2,2024-02,NOROESTE,3411.70593103448
2024,3,2024-03,ARGENTINA NORTE,0
2024,3,2024-03,AUSTRAL,24619.5528872903
2024,3,2024-03,CAÑADON ASFALTO,0
2024,3,2024-03,CUYANA,137.805
2024,3,2024-03,GOLFO SAN JORGE,10814.1621290323
2024,3,2024-03,MALVINAS OESTE,0
2024,3,2024-03,NEUQUINA,95689.8001612903
2024,3,2024-03,ÑIRIHUAU,0
2024,3,2024-03,NORESTE,0
2024,3,2024-03,NOROESTE,3396.88980645161
2024,4,2024-04,ARGENTINA NORTE,0
2024,4,2024-04,AUSTRAL,24154.4419637333
2024,4,2024-04,CAÑADON ASFALTO,0
2024,4,2024-04,CUYANA,146.846533333333
2024,4,2024-04,GOLFO SAN JORGE,10642.24471
2024,4,2024-04,MALVINAS OESTE,0
2024,4,2024-04,NEUQUINA,97831.8011866667
2024,4,2024-04,ÑIRIHUAU,0
2024,4,2024-04,NORESTE,0
2024,4,2024-04,NOROESTE,3382.14266666667
2024,5,2024-05,ARGENTINA NORTE,0
2024,5,2024-05,AUSTRAL,24903.9969389355
2024,5,2024-05,CAÑADON ASFALTO,0
2024,5,2024-05,CUYANA,139.783032258065
2024,5,2024-05,GOLFO SAN JORGE,10761.1416451613
2024,5,2024-05,MALVINAS OESTE,0
2024,5,2024-05,NEUQUINA,110957.94356129
2024,5,2024-05,ÑIRIHUAU,0
2024,5,2024-05,NORESTE,0
2024,5,2024-05,NOROESTE,3378.03393548387
2024,6,2024-06,ARGENTINA NORTE,0
2024,6,2024-06,AUSTRAL,24016.0193925667
2024,6,2024-06,CAÑADON ASFALTO,0
2024,6,2024-06,CUYANA,144.564666666667
2024,6,2024-06,GOLFO SAN JORGE,10513.2851133333
2024,6,2024-06,MALVINAS OESTE,0
2024,6,2024-06,NEUQUINA,109537.203206667
2024,6,2024-06,ÑIRIHUAU,0
2024,6,2024-06,NORESTE,0
2024,6,2024-06,NOROESTE,3346.20626666667
2024,7,2024-07,ARGENTINA NORTE,0
2024,7,2024-07,AUSTRAL,24030.4171563871
2024,7,2024-07,CAÑADON ASFALTO,0
2024,7,2024-07,CUYANA,115.515967741935
2024,7,2024-07,GOLFO SAN JORGE,10085.3038290323
2024,7,2024-07,MALVINAS OESTE,0
2024,7,2024-07,NEUQUINA,114334.402845161
2024,7,2024-07,ÑIRIHUAU,0
2024,7,2024-07,NORESTE,0
2024,7,2024-07,NOROESTE,3339.24025806452
2024,8,2024-08,ARGENTINA NORTE,0
2024,8,2024-08,AUSTRAL,23989.0127318387
2024,8,2024-08,CAÑADON ASFALTO,0
2024,8,2024-08,CUYANA,115.869709677419
2024,8,2024-08,GOLFO SAN JORGE,10689.9653322581
2024,8,2024-08,MALVINAS OESTE,0
2024,8,2024-08,NEUQUINA,114869.093806452
2024,8,2024-08,ÑIRIHUAU,0
2024,8,2024-08,NORESTE,0
2024,8,2024-08,NOROESTE,3368.52061290323
2024,9,2024-09,ARGENTINA NORTE,0
2024,9,2024-09,AUSTRAL,24199.8124066
2024,9,2024-09,CAÑADON ASFALTO,0
2024,9,2024-09,CUYANA,116.263433333333
2024,9,2024-09,GOLFO SAN JORGE,10718.7081
2024,9,2024-09,MALVINAS OESTE,0
2024,9,2024-09,NEUQUINA,108820.130503333
2024,9,2024-09,ÑIRIHUAU,0
2024,9,2024-09,NORESTE,0
2024,9,2024-09,NOROESTE,3363.77056666667
2024,10,2024-10,ARGENTINA NORTE,0
2024,10,2024-10,AUSTRAL,25949.1027400645
2024,10,2024-10,CAÑADON ASFALTO,0
2024,10,2024-10,CUYANA,115.420806451613
2024,10,2024-10,GOLFO SAN JORGE,10667.1469096774
2024,10,2024-10,NEUQUINA,93025.0266979977
2024,10,2024-10,ÑIRIHUAU,0
2024,10,2024-10,NORESTE,0
2024,10,2024-10,NOROESTE,3407.09019354839
2024,11,2024-11,ARGENTINA NORTE,0
2024,11,2024-11,AUSTRAL,24589.3514
2024,11,2024-11,CAÑADON ASFALTO,0
2024,11,2024-11,CUYANA,114.3705
2024,11,2024-11,GOLFO SAN JORGE,10359.2907686667
2024,11,2024-11,NEUQUINA,88739.02166
2024,11,2024-11,ÑIRIHUAU,0
2024,11,2024-11,NORESTE,0
2024,11,2024-11,NOROESTE,3375.36516666667
2024,12,2024-12,ARGENTINA NORTE,0
2024,12,2024-12,AUSTRAL,23333.7927419355
2024,12,2024-12,CAÑADON ASFALTO,0
2024,12,2024-12,CUYANA,116.750935483871
2024,12,2024-12,GOLFO SAN JORGE,10490.3168835484
2024,12,2024-12,NEUQUINA,87186.3778741936
2024,12,2024-12,ÑIRIHUAU,0
2024,12,2024-12,NORESTE,0
2024,12,2024-12,NOROESTE,3356.58751612903
2025,1,2025-01,ARGENTINA NORTE,0
2025,1,2025-01,AUSTRAL,27695.5850322581
2025,1,2025-01,CAÑADON ASFALTO,0
2025,1,2025-01,CUYANA,114.964258064516
2025,1,2025-01,GOLFO SAN JORGE,10236.8132774194
2025,1,2025-01,NEUQUINA,97191.3812258065
2025,1,2025-01,ÑIRIHUAU,0
2025,1,2025-01,NORESTE,12.7774193548387
2025,1,2025-01,NOROESTE,3271.95
2025,2,2025-02,ARGENTINA NORTE,0
2025,2,2025-02,AUSTRAL,28970.23775
2025,2,2025-02,CAÑADON ASFALTO,0
2025,2,2025-02,CUYANA,116.284071428571
2025,2,2025-02,GOLFO SAN JORGE,10084.5067321429
2025,2,2025-02,NEUQUINA,102343.460378571
2025,2,2025-02,ÑIRIHUAU,0
2025,2,2025-02,NORESTE,12.5714285714286
2025,2,2025-02,NOROESTE,3275.89221428571
2025,3,2025-03,ARGENTINA NORTE,0
2025,3,2025-03,AUSTRAL,27143.724483871
2025,3,2025-03,CAÑADON ASFALTO,0
2025,3,2025-03,CUYANA,112.369322580645
2025,3,2025-03,GOLFO SAN JORGE,9870.25938709678
2025,3,2025-03,NEUQUINA,93384.3095806452
2025,3,2025-03,ÑIRIHUAU,0
2025,3,2025-03,NORESTE,13.0032258064516
2025,3,2025-03,NOROESTE,3280.78129032258
2025,4,2025-04,ARGENTINA NORTE,0
2025,4,2025-04,AUSTRAL,27272.6268
2025,4,2025-04,CAÑADON ASFALTO,0
2025,4,2025-04,CUYANA,109.764933333333
2025,4,2025-04,GOLFO SAN JORGE,10172.8776333333
2025,4,2025-04,NEUQUINA,95853.3922433333
2025,4,2025-04,ÑIRIHUAU,0
2025,4,2025-04,NORESTE,0
2025,4,2025-04,NOROESTE,3312.20496666667
2025,5,2025-05,ARGENTINA NORTE,0
2025,5,2025-05,AUSTRAL,27461.9841612903
2025,5,2025-05,CAÑADON ASFALTO,0
2025,5,2025-05,CUYANA,123.380838709677
2025,5,2025-05,GOLFO SAN JORGE,9980.87132258065
2025,5,2025-05,NEUQUINA,106910.028951613
2025,5,2025-05,ÑIRIHUAU,0
2025,5,2025-05,NORESTE,0
2025,5,2025-05,NOROESTE,3204.17616129032
2025,6,2025-06,ARGENTINA NORTE,0
2025,6,2025-06,AUSTRAL,28943.5823666667
2025,6,2025-06,CAÑADON ASFALTO,0
2025,6,2025-06,CUYANA,96.8616
2025,6,2025-06,GOLFO SAN JORGE,9860.76976666667
2025,6,2025-06,NEUQUINA,117322.796326667
2025,6,2025-06,ÑIRIHUAU,0
2025,6,2025-06,NORESTE,0
2025,6,2025-06,NOROESTE,3127.13286666667
2025,7,2025-07,ARGENTINA NORTE,0
2025,7,2025-07,AUSTRAL,28777.5388064516
2025,7,2025-07,CAÑADON ASFALTO,0
2025,7,2025-07,CUYANA,95.8956451612903
2025,7,2025-07,GOLFO SAN JORGE,9886.31019354839
2025,7,2025-07,NEUQUINA,118926.864527419
2025,7,2025-07,ÑIRIHUAU,0
2025,7,2025-07,NORESTE,0
2025,7,2025-07,NOROESTE,3074.98641935484
2025,8,2025-08,ARGENTINA NORTE,0
2025,8,2025-08,AUSTRAL,27856.3928387097
2025,8,2025-08,CAÑADON ASFALTO,0
2025,8,2025-08,CUYANA,98.8144516129032
2025,8,2025-08,GOLFO SAN JORGE,9590.5270516129
2025,8,2025-08,NEUQUINA,117544.171451613
2025,8,2025-08,ÑIRIHUAU,0
2025,8,2025-08,NORESTE,0
2025,8,2025-08,NOROESTE,3008.94874193548
2025,9,2025-09,ARGENTINA NORTE,0
2025,9,2025-09,AUSTRAL,26202.3119
2025,9,2025-09,CAÑADON ASFALTO,0
2025,9,2025-09,CUYANA,98.6362333333333
2025,9,2025-09,GOLFO SAN JORGE,9402.6903
2025,9,2025-09,NEUQUINA,99999.4651333333
2025,9,2025-09,ÑIRIHUAU,0
2025,9,2025-09,NORESTE,0
2025,9,2025-09,NOROESTE,2942.80476666667
2025,10,2025-10,ARGENTINA NORTE,0
2025,10,2025-10,AUSTRAL,24846.5869032258
2025,10,2025-10,CAÑADON ASFALTO,0
2025,10,2025-10,CUYANA,98.9185161290323
2025,10,2025-10,GOLFO SAN JORGE,9335.42963870968
2025,10,2025-10,NEUQUINA,86830.2915483871
2025,10,2025-10,ÑIRIHUAU,0
2025,10,2025-10,NORESTE,0
2025,10,2025-10,NOROESTE,2864.07529032258
2025,11,2025-11,ARGENTINA NORTE,0
2025,11,2025-11,AUSTRAL,24982.4033666667
2025,11,2025-11,CAÑADON ASFALTO,0
2025,11,2025-11,CUYANA,97.8054666666667
2025,11,2025-11,GOLFO SAN JORGE,9041.01873333333
2025,11,2025-11,NEUQUINA,85311.8076666667
2025,11,2025-11,ÑIRIHUAU,0
2025,11,2025-11,NORESTE,0
2025,11,2025-11,NOROESTE,2783.9751
2025,12,2025-12,ARGENTINA NORTE,0
2025,12,2025-12,AUSTRAL,25100.9595806452
2025,12,2025-12,CAÑADON ASFALTO,0
2025,12,2025-12,CUYANA,97.5076774193548
2025,12,2025-12,GOLFO SAN JORGE,8949.4377
2025,12,2025-12,NEUQUINA,94856.675516129
2025,12,2025-12,ÑIRIHUAU,0
2025,12,2025-12,NORESTE,0
2025,12,2025-12,NOROESTE,2740.7425483871
2026,1,2026-01,ARGENTINA NORTE,0
2026,1,2026-01,AUSTRAL,24811.1676774194
2026,1,2026-01,CAÑADON ASFALTO,0
2026,1,2026-01,CUYANA,93.6926451612903
2026,1,2026-01,GOLFO SAN JORGE,8787.86634516129
2026,1,2026-01,NEUQUINA,95255.2239677419
2026,1,2026-01,ÑIRIHUAU,0
2026,1,2026-01,NORESTE,0
2026,1,2026-01,NOROESTE,2727.50477419355
2026,2,2026-02,ARGENTINA NORTE,0
2026,2,2026-02,AUSTRAL,26938.39
2026,2,2026-02,CAÑADON ASFALTO,0
2026,2,2026-02,CUYANA,88.587
2026,2,2026-02,GOLFO SAN JORGE,8745.01035714286
2026,2,2026-02,NEUQUINA,101638.302535714
2026,2,2026-02,ÑIRIHUAU,0
2026,2,2026-02,NORESTE,0
2026,2,2026-02,NOROESTE,2721.02157142857
2026,3,2026-03,ARGENTINA NORTE,0
2026,3,2026-03,AUSTRAL,25724.5079677419
2026,3,2026-03,CAÑADON ASFALTO,0
2026,3,2026-03,CUYANA,87.6075161290323
2026,3,2026-03,GOLFO SAN JORGE,8354.21377419355
2026,3,2026-03,NEUQUINA,104965.209903226
2026,3,2026-03,ÑIRIHUAU,0
2026,3,2026-03,NORESTE,0
2026,3,2026-03,NOROESTE,2701.86290322581
2026,4,2026-04,ARGENTINA NORTE,0
2026,4,2026-04,AUSTRAL,24575.0165
2026,4,2026-04,CAÑADON ASFALTO,0
2026,4,2026-04,CUYANA,92.6254
2026,4,2026-04,GOLFO SAN JORGE,8255.9472
2026,4,2026-04,NEUQUINA,105021.7729
2026,4,2026-04,ÑIRIHUAU,0
2026,4,2026-04,NORESTE,0
2026,4,2026-04,NOROESTE,2683.26323333333
2026,5,2026-05,ARGENTINA NORTE,0
2026,5,2026-05,AUSTRAL,26242.5987549355
2026,5,2026-05,CAÑADON ASFALTO,0
2026,5,2026-05,CUYANA,88.1460967741936
2026,5,2026-05,GOLFO SAN JORGE,8319.29490322581
2026,5,2026-05,NEUQUINA,119261.612064516
2026,5,2026-05,ÑIRIHUAU,0
2026,5,2026-05,NORESTE,0
2026,5,2026-05,NOROESTE,2672.5824516129
2026,6,2026-06,ARGENTINA NORTE,0
2026,6,2026-06,AUSTRAL,1469.65866666667
2026,6,2026-06,CAÑADON ASFALTO,0
2026,6,2026-06,CUYANA,6.31933333333333
2026,6,2026-06,GOLFO SAN JORGE,454.633766666667
2026,6,2026-06,NEUQUINA,53160.8074
2026,6,2026-06,NOROESTE,17.9095333333333
