anio,mes,indice_tiempo,provincia,produccion_gas_promedio_dia_mm3
2009,1,2009-01,Chubut,9100.13898387097
2009,1,2009-01,Estado Nacional,4561.64903225806
2009,1,2009-01,Formosa,102.39
2009,1,2009-01,Jujuy,13.7148387096774
2009,1,2009-01,La Pampa,1007.93406451613
2009,1,2009-01,Mendoza,6443.19341935484
2009,1,2009-01,Neuquén,65538.8607778387
2009,1,2009-01,Rio Negro,2337.49196774194
2009,1,2009-01,Salta,17328.2856774194
2009,1,2009-01,San Juan,0
2009,1,2009-01,Santa Cruz,13724.0848003226
2009,1,2009-01,Tierra del Fuego,11065.2672580645
2009,2,2009-02,Chubut,9452.643025
2009,2,2009-02,Estado Nacional,5150.75153571429
2009,2,2009-02,Formosa,97.5832142857143
2009,2,2009-02,Jujuy,12.8189285714286
2009,2,2009-02,La Pampa,1209.58571428571
2009,2,2009-02,Mendoza,6714.55984657143
2009,2,2009-02,Neuquén,64607.2591785714
2009,2,2009-02,Rio Negro,2370.45110714286
2009,2,2009-02,Salta,17765.29925
2009,2,2009-02,San Juan,0
2009,2,2009-02,Santa Cruz,14159.7285107143
2009,2,2009-02,Tierra del Fuego,11292.588
2009,3,2009-03,Chubut,9463.46468064516
2009,3,2009-03,Estado Nacional,5395.60090322581
2009,3,2009-03,Formosa,96.5635483870968
2009,3,2009-03,Jujuy,12.7890322580645
2009,3,2009-03,La Pampa,1271.86358064516
2009,3,2009-03,Mendoza,6731.41431051613
2009,3,2009-03,Neuquén,67170.9990346452
2009,3,2009-03,Rio Negro,2382.38112903226
2009,3,2009-03,Salta,17357.4739354839
2009,3,2009-03,San Juan,0
2009,3,2009-03,Santa Cruz,14103.7159516129
2009,3,2009-03,Tierra del Fuego,11374.9386774194
2009,4,2009-04,Chubut,9582.13269333333
2009,4,2009-04,Estado Nacional,6548.44386666667
2009,4,2009-04,Formosa,98.9276666666667
2009,4,2009-04,Jujuy,13.408
2009,4,2009-04,La Pampa,1304.31856666667
2009,4,2009-04,Mendoza,6849.72691413333
2009,4,2009-04,Neuquén,66385.2020702
2009,4,2009-04,Rio Negro,2355.6491
2009,4,2009-04,Salta,15915.5382333333
2009,4,2009-04,San Juan,0
2009,4,2009-04,Santa Cruz,14608.04334
2009,4,2009-04,Tierra del Fuego,11831.8557
2009,5,2009-05,Chubut,9704.52359354839
2009,5,2009-05,Estado Nacional,7009.25425806452
2009,5,2009-05,Formosa,113.670967741935
2009,5,2009-05,Jujuy,11.0839032258065
2009,5,2009-05,La Pampa,1310.75393548387
2009,5,2009-05,Mendoza,6642.27237764516
2009,5,2009-05,Neuquén,66040.9265594516
2009,5,2009-05,Rio Negro,2460.30487096774
2009,5,2009-05,Salta,17289.5247419355
2009,5,2009-05,San Juan,0
2009,5,2009-05,Santa Cruz,13080.6929387097
2009,5,2009-05,Tierra del Fuego,11711.4248064516
2009,6,2009-06,Chubut,9804.62042666667
2009,6,2009-06,Estado Nacional,7655.18883333333
2009,6,2009-06,Formosa,106.946
2009,6,2009-06,Jujuy,11.523
2009,6,2009-06,La Pampa,1290.79666666667
2009,6,2009-06,Mendoza,7042.07227333333
2009,6,2009-06,Neuquén,67261.1478646667
2009,6,2009-06,Rio Negro,2440.1445
2009,6,2009-06,Salta,17387.1017333333
2009,6,2009-06,San Juan,0
2009,6,2009-06,Santa Cruz,13486.7835866667
2009,6,2009-06,Tierra del Fuego,12438.6786666667
2009,7,2009-07,Chubut,9833.17684516129
2009,7,2009-07,Estado Nacional,8284.46064516129
2009,7,2009-07,Formosa,101.65064516129
2009,7,2009-07,Jujuy,12.3925806451613
2009,7,2009-07,La Pampa,1294.88225806452
2009,7,2009-07,Mendoza,6862.06627419355
2009,7,2009-07,Neuquén,66515.9218741935
2009,7,2009-07,Rio Negro,2159.74129032258
2009,7,2009-07,Salta,17218.8649354839
2009,7,2009-07,San Juan,0
2009,7,2009-07,Santa Cruz,13658.792816129
2009,7,2009-07,Tierra del Fuego,12260.7605806452
2009,8,2009-08,Chubut,9866.8277516129
2009,8,2009-08,Estado Nacional,8060.59129032258
2009,8,2009-08,Formosa,107.582258064516
2009,8,2009-08,Jujuy,12.3735483870968
2009,8,2009-08,La Pampa,1340.138
2009,8,2009-08,Mendoza,6957.24052903226
2009,8,2009-08,Neuquén,64427.5643216129
2009,8,2009-08,Rio Negro,2183.11964516129
2009,8,2009-08,Salta,17372.0087419355
2009,8,2009-08,San Juan,0
2009,8,2009-08,Santa Cruz,6690.92600322581
2009,8,2009-08,Tierra del Fuego,12565.9998709677
2009,9,2009-09,Chubut,9898.6948
2009,9,2009-09,Estado Nacional,8136.42096666667
2009,9,2009-09,Formosa,105.034
2009,9,2009-09,Jujuy,12.5696666666667
2009,9,2009-09,La Pampa,1254.2447
2009,9,2009-09,Mendoza,6304.89048
2009,9,2009-09,Neuquén,62870.53995
2009,9,2009-09,Rio Negro,2166.47803333333
2009,9,2009-09,Salta,16961.9142333333
2009,9,2009-09,San Juan,0
2009,9,2009-09,Santa Cruz,13737.9181433333
2009,9,2009-09,Tierra del Fuego,11698.8629333333
2009,10,2009-10,Chubut,9648.89323548387
2009,10,2009-10,Estado Nacional,7650.92155645161
2009,10,2009-10,Formosa,106.058387096774
2009,10,2009-10,Jujuy,12.1058064516129
2009,10,2009-10,La Pampa,1271.33925806452
2009,10,2009-10,Mendoza,6292.57154193548
2009,10,2009-10,Neuquén,62641.62421
2009,10,2009-10,Rio Negro,2263.28312903226
2009,10,2009-10,Salta,17170.9050967742
2009,10,2009-10,San Juan,0
2009,10,2009-10,Santa Cruz,14022.1770451613
2009,10,2009-10,Tierra del Fuego,11720.8412903226
2009,11,2009-11,Chubut,9494.18723
2009,11,2009-11,Estado Nacional,7519.7719
2009,11,2009-11,Formosa,107.947333333333
2009,11,2009-11,Jujuy,11.6743333333333
2009,11,2009-11,La Pampa,1153.69546666667
2009,11,2009-11,Mendoza,5984.29950666667
2009,11,2009-11,Neuquén,55912.1246163333
2009,11,2009-11,Rio Negro,2291.67166666667
2009,11,2009-11,Salta,16829.1170333333
2009,11,2009-11,San Juan,0
2009,11,2009-11,Santa Cruz,13385.7564966667
2009,11,2009-11,Tierra del Fuego,11640.4734333333
2009,12,2009-12,Chubut,9493.92145483871
2009,12,2009-12,Estado Nacional,7445.08103225806
2009,12,2009-12,Formosa,97.0354838709677
2009,12,2009-12,Jujuy,11.0483870967742
2009,12,2009-12,La Pampa,1118.11741935484
2009,12,2009-12,Mendoza,6231.38293225807
2009,12,2009-12,Neuquén,57817.5304680645
2009,12,2009-12,Rio Negro,2145.2865483871
2009,12,2009-12,Salta,16517.2547419355
2009,12,2009-12,San Juan,0
2009,12,2009-12,Santa Cruz,12576.4254064516
2009,12,2009-12,Tierra del Fuego,11194.7168064516
2010,1,2010-01,Chubut,9516.04311612903
2010,1,2010-01,Estado Nacional,6848.93564516129
2010,1,2010-01,Formosa,107.247419354839
2010,1,2010-01,Jujuy,11.6329032258065
2010,1,2010-01,La Pampa,1086.48322580645
2010,1,2010-01,Mendoza,6219.12538709677
2010,1,2010-01,Neuquén,59359.7703277419
2010,1,2010-01,Rio Negro,2106.43783064516
2010,1,2010-01,Salta,15951.1497096774
2010,1,2010-01,San Juan,0
2010,1,2010-01,Santa Cruz,13149.882616129
2010,1,2010-01,Tierra del Fuego,10935.2804193548
2010,2,2010-02,Chubut,9602.7981
2010,2,2010-02,Estado Nacional,8332.25864285714
2010,2,2010-02,Formosa,106.511428571429
2010,2,2010-02,Jujuy,12.3010714285714
2010,2,2010-02,La Pampa,1251.91028571429
2010,2,2010-02,Mendoza,6156.26274285714
2010,2,2010-02,Neuquén,61472.4324360714
2010,2,2010-02,Rio Negro,2153.72164285714
2010,2,2010-02,Salta,15654.0308928571
2010,2,2010-02,San Juan,0
2010,2,2010-02,Santa Cruz,13327.1527357143
2010,2,2010-02,Tierra del Fuego,11285.8249285714
2010,3,2010-03,Chubut,9396.37730322581
2010,3,2010-03,Estado Nacional,8886.4585483871
2010,3,2010-03,Formosa,101.083548387097
2010,3,2010-03,Jujuy,13.0770967741935
2010,3,2010-03,La Pampa,1251.58580645161
2010,3,2010-03,Mendoza,6130.27323548387
2010,3,2010-03,Neuquén,60331.1839064516
2010,3,2010-03,Rio Negro,2176.91593548387
2010,3,2010-03,Salta,14805.9682580645
2010,3,2010-03,San Juan,0
2010,3,2010-03,Santa Cruz,13241.5693419355
2010,3,2010-03,Tierra del Fuego,10864.3593548387
2010,4,2010-04,Chubut,8983.19905666667
2010,4,2010-04,Estado Nacional,8063.89543333333
2010,4,2010-04,Formosa,102.09
2010,4,2010-04,Jujuy,13.2313333333333
2010,4,2010-04,La Pampa,1267.60576666667
2010,4,2010-04,Mendoza,6196.73512333333
2010,4,2010-04,Neuquén,60968.6245186667
2010,4,2010-04,Rio Negro,2302.51153333333
2010,4,2010-04,Salta,15358.0366333333
2010,4,2010-04,San Juan,0
2010,4,2010-04,Santa Cruz,12123.5548966667
2010,4,2010-04,Tierra del Fuego,11775.9139666667
2010,5,2010-05,Chubut,9821.86834193548
2010,5,2010-05,Estado Nacional,8515.65496774194
2010,5,2010-05,Formosa,95.0445161290323
2010,5,2010-05,Jujuy,13.2041935483871
2010,5,2010-05,La Pampa,1310.26958064516
2010,5,2010-05,Mendoza,6329.16601935484
2010,5,2010-05,Neuquén,63296.0247129032
2010,5,2010-05,Rio Negro,2515.32603225806
2010,5,2010-05,Salta,15216.9442903226
2010,5,2010-05,San Juan,0
2010,5,2010-05,Santa Cruz,12657.5824419355
2010,5,2010-05,Tierra del Fuego,12718.7710322581
2010,6,2010-06,Chubut,9960.704001
2010,6,2010-06,Estado Nacional,11325.6713333333
2010,6,2010-06,Formosa,89.7373333333333
2010,6,2010-06,Jujuy,12.6993333333333
2010,6,2010-06,La Pampa,1281.08536666667
2010,6,2010-06,Mendoza,6317.89769533333
2010,6,2010-06,Neuquén,62938.9235653333
2010,6,2010-06,Rio Negro,2603.66013333333
2010,6,2010-06,Salta,15255.2396
2010,6,2010-06,San Juan,0
2010,6,2010-06,Santa Cruz,12267.6987053333
2010,6,2010-06,Tierra del Fuego,11372.5424
2010,7,2010-07,Chubut,9907.12953387097
2010,7,2010-07,Estado Nacional,12126.5884193548
2010,7,2010-07,Formosa,87.8341935483871
2010,7,2010-07,Jujuy,12.7693548387097
2010,7,2010-07,La Pampa,1149.54629032258
2010,7,2010-07,Mendoza,6274.51876064516
2010,7,2010-07,Neuquén,62555.1907448387
2010,7,2010-07,Rio Negro,2460.52096774194
2010,7,2010-07,Salta,14921.5163870968
2010,7,2010-07,San Juan,0
2010,7,2010-07,Santa Cruz,12800.9231196774
2010,7,2010-07,Tierra del Fuego,11908.4572903226
2010,8,2010-08,Chubut,9825.76088290323
2010,8,2010-08,Estado Nacional,12081.5516774194
2010,8,2010-08,Formosa,90.0990322580645
2010,8,2010-08,Jujuy,14.6596774193548
2010,8,2010-08,La Pampa,1220.58003225806
2010,8,2010-08,Mendoza,6385.93161580645
2010,8,2010-08,Neuquén,63433.0265742258
2010,8,2010-08,Rio Negro,2461.14903225806
2010,8,2010-08,Salta,14475.4655483871
2010,8,2010-08,San Juan,0
2010,8,2010-08,Santa Cruz,12261.3713235484
2010,8,2010-08,Tierra del Fuego,11696.0519354839
2010,9,2010-09,Chubut,9623.22074966667
2010,9,2010-09,Estado Nacional,11336.2835666667
2010,9,2010-09,Formosa,94.0516666666667
2010,9,2010-09,Jujuy,15.4676666666667
2010,9,2010-09,La Pampa,1227.24233333333
2010,9,2010-09,Mendoza,6437.54028133333
2010,9,2010-09,Neuquén,62744.163375
2010,9,2010-09,Rio Negro,2563.56696666667
2010,9,2010-09,Salta,14103.5193333333
2010,9,2010-09,San Juan,0
2010,9,2010-09,Santa Cruz,11746.3126636667
2010,9,2010-09,Tierra del Fuego,11401.8892
2010,10,2010-10,Chubut,9825.91183354839
2010,10,2010-10,Estado Nacional,10350.7239032258
2010,10,2010-10,Formosa,99.8835483870968
2010,10,2010-10,Jujuy,15.5890322580645
2010,10,2010-10,La Pampa,1148.4235483871
2010,10,2010-10,Mendoza,6329.92882516129
2010,10,2010-10,Misiones,0
2010,10,2010-10,Neuquén,61025.4016045161
2010,10,2010-10,Rio Negro,2535.52080645161
2010,10,2010-10,Salta,13909.5517741935
2010,10,2010-10,San Juan,0
2010,10,2010-10,Santa Cruz,11642.8437848387
2010,10,2010-10,Tierra del Fuego,10960.9820645161
2010,11,2010-11,Chubut,9619.19482366667
2010,11,2010-11,Estado Nacional,9566.1919
2010,11,2010-11,Formosa,88.0706666666667
2010,11,2010-11,Jujuy,15.8466666666667
2010,11,2010-11,La Pampa,1262.9851
2010,11,2010-11,Mendoza,6389.28332233333
2010,11,2010-11,Neuquén,58580.2303726667
2010,11,2010-11,Rio Negro,2710.3364
2010,11,2010-11,Salta,13339.1562666667
2010,11,2010-11,San Juan,0
2010,11,2010-11,Santa Cruz,11225.6673533333
2010,11,2010-11,Tierra del Fuego,10937.0305333333
2010,12,2010-12,Chubut,9094.94333645161
2010,12,2010-12,Estado Nacional,10064.1219677419
2010,12,2010-12,Formosa,84.95
2010,12,2010-12,Jujuy,15.038064516129
2010,12,2010-12,La Pampa,1044.088
2010,12,2010-12,Mendoza,6295.78582354839
2010,12,2010-12,Neuquén,59994.5530658065
2010,12,2010-12,Rio Negro,2773.50764516129
2010,12,2010-12,Salta,13403.8320322581
2010,12,2010-12,San Juan,0
2010,12,2010-12,Santa Cruz,9438.59995870968
2010,12,2010-12,Tierra del Fuego,10601.0199032258
2011,1,2011-01,Chubut,9555.80046032258
2011,1,2011-01,Estado Nacional,9240.04893548387
2011,1,2011-01,Formosa,75.1306451612903
2011,1,2011-01,Jujuy,12.5370967741935
2011,1,2011-01,La Pampa,1264.65793548387
2011,1,2011-01,Mendoza,6177.87150870968
2011,1,2011-01,Neuquén,59156.8928064516
2011,1,2011-01,Rio Negro,2905.19525806452
2011,1,2011-01,Salta,13149.9693548387
2011,1,2011-01,San Juan,0
2011,1,2011-01,Santa Cruz,11623.7603741935
2011,1,2011-01,Tierra del Fuego,9965.74890322581
2011,2,2011-02,Chubut,9447.82539607143
2011,2,2011-02,Estado Nacional,9692.53510714286
2011,2,2011-02,Formosa,72.0228571428571
2011,2,2011-02,Jujuy,12.3353571428571
2011,2,2011-02,La Pampa,1232.25475
2011,2,2011-02,Mendoza,6157.12086071429
2011,2,2011-02,Neuquén,58799.2399285714
2011,2,2011-02,Rio Negro,3099.00017857143
2011,2,2011-02,Salta,12883.3279285714
2011,2,2011-02,San Juan,0
2011,2,2011-02,Santa Cruz,11616.4151853571
2011,2,2011-02,Tierra del Fuego,10452.1993571429
2011,3,2011-03,Chubut,9404.40840580645
2011,3,2011-03,Estado Nacional,9754.42061290323
2011,3,2011-03,Formosa,71.2367741935484
2011,3,2011-03,Jujuy,11.0503225806452
2011,3,2011-03,La Pampa,1206.25561290323
2011,3,2011-03,Mendoza,6088.80652354839
2011,3,2011-03,Neuquén,58483.5877096774
2011,3,2011-03,Rio Negro,3268.24374193548
2011,3,2011-03,Salta,12637.5799032258
2011,3,2011-03,San Juan,0
2011,3,2011-03,Santa Cruz,11557.8516874194
2011,3,2011-03,Tierra del Fuego,9068.90564516129
2011,4,2011-04,Chubut,9313.51386833333
2011,4,2011-04,Estado Nacional,13041.6362666667
2011,4,2011-04,Formosa,69.7583666666667
2011,4,2011-04,Jujuy,12.342
2011,4,2011-04,La Pampa,1207.3668
2011,4,2011-04,Mendoza,6055.53066066667
2011,4,2011-04,Neuquén,57385.4859
2011,4,2011-04,Rio Negro,3422.2606
2011,4,2011-04,Salta,11902.3864666667
2011,4,2011-04,San Juan,0
2011,4,2011-04,Santa Cruz,7557.02985933333
2011,4,2011-04,Tierra del Fuego,10456.8145
2011,5,2011-05,Chubut,9228.48278258065
2011,5,2011-05,Estado Nacional,12606.5369354839
2011,5,2011-05,Formosa,66.508064516129
2011,5,2011-05,Jujuy,13.3909677419355
2011,5,2011-05,La Pampa,1302.36696774194
2011,5,2011-05,Mendoza,6028.07836419355
2011,5,2011-05,Neuquén,58813.1459354839
2011,5,2011-05,Rio Negro,3476.0185483871
2011,5,2011-05,Salta,13044.3250645161
2011,5,2011-05,San Juan,0
2011,5,2011-05,Santa Cruz,9432.50867903226
2011,5,2011-05,Tierra del Fuego,10971.8207096774
2011,6,2011-06,Chubut,9640.93418166667
2011,6,2011-06,Estado Nacional,13105.6122666667
2011,6,2011-06,Formosa,62.6693333333333
2011,6,2011-06,Jujuy,13.4006666666667
2011,6,2011-06,La Pampa,1209.271
2011,6,2011-06,Mendoza,6215.10799
2011,6,2011-06,Neuquén,59771.9391666667
2011,6,2011-06,Rio Negro,3478.75986666667
2011,6,2011-06,Salta,13082.7877666667
2011,6,2011-06,San Juan,0
2011,6,2011-06,Santa Cruz,9473.121066
2011,6,2011-06,Tierra del Fuego,11197.0934666667
2011,7,2011-07,Chubut,9661.09760233776
2011,7,2011-07,Estado Nacional,12433.1330322581
2011,7,2011-07,Formosa,62.1270967741936
2011,7,2011-07,Jujuy,12.7441935483871
2011,7,2011-07,La Pampa,1242.48241935484
2011,7,2011-07,Mendoza,6231.75463483871
2011,7,2011-07,Neuquén,59108.9786451613
2011,7,2011-07,Rio Negro,3571.46306451613
2011,7,2011-07,Salta,12767.3998709677
2011,7,2011-07,San Juan,0
2011,7,2011-07,Santa Cruz,10313.4639604516
2011,7,2011-07,Tierra del Fuego,11095.7578387097
2011,8,2011-08,Chubut,9758.28650967742
2011,8,2011-08,Estado Nacional,13686.2229032258
2011,8,2011-08,Formosa,65.7158064516129
2011,8,2011-08,Jujuy,13.4938709677419
2011,8,2011-08,La Pampa,1273.12422580645
2011,8,2011-08,Mendoza,6214.1691716129
2011,8,2011-08,Neuquén,57783.4800967742
2011,8,2011-08,Rio Negro,4534.61270967742
2011,8,2011-08,Salta,12689.0790645161
2011,8,2011-08,Santa Cruz,11132.2648572903
2011,8,2011-08,Tierra del Fuego,10584.082516129
2011,9,2011-09,Chubut,9990.0338563323
2011,9,2011-09,Estado Nacional,13709.4545
2011,9,2011-09,Formosa,64.671
2011,9,2011-09,Jujuy,13.3456666666667
2011,9,2011-09,La Pampa,1294.59623333333
2011,9,2011-09,Mendoza,5760.64523433333
2011,9,2011-09,Neuquén,58359.6784
2011,9,2011-09,Rio Negro,3809.90913333333
2011,9,2011-09,Salta,12488.3954666667
2011,9,2011-09,San Juan,0
2011,9,2011-09,Santa Cruz,10983.5864959593
2011,9,2011-09,Tierra del Fuego,10793.6437666667
2011,10,2011-10,Chubut,10020.6711709677
2011,10,2011-10,Estado Nacional,13021.3255483871
2011,10,2011-10,Formosa,62.7683870967742
2011,10,2011-10,Jujuy,10.3577096774194
2011,10,2011-10,La Pampa,1244.03658064516
2011,10,2011-10,Mendoza,6094.91348387097
2011,10,2011-10,Neuquén,57580.9621935484
2011,10,2011-10,Rio Negro,3864.54932258064
2011,10,2011-10,Salta,12134.9547419355
2011,10,2011-10,San Juan,0
2011,10,2011-10,Santa Cruz,11908.7099741935
2011,10,2011-10,Tierra del Fuego,10550.9622903226
2011,11,2011-11,Chubut,9663.26445353226
2011,11,2011-11,Estado Nacional,12278.7824333333
2011,11,2011-11,Formosa,58.648
2011,11,2011-11,Jujuy,12.956
2011,11,2011-11,La Pampa,1269.18566666667
2011,11,2011-11,Mendoza,6068.481815
2011,11,2011-11,Neuquén,57213.3080333333
2011,11,2011-11,Rio Negro,3946.83016666667
2011,11,2011-11,Salta,12000.9054
2011,11,2011-11,San Juan,0
2011,11,2011-11,Santa Cruz,12239.1460732547
2011,11,2011-11,Tierra del Fuego,9994.98016666667
2011,12,2011-12,Chubut,10024.7651854839
2011,12,2011-12,Estado Nacional,12380.1049677419
2011,12,2011-12,Formosa,56.6974193548387
2011,12,2011-12,Jujuy,12.9941935483871
2011,12,2011-12,La Pampa,1240.82774193548
2011,12,2011-12,Mendoza,5786.44323096774
2011,12,2011-12,Neuquén,55369.1165806452
2011,12,2011-12,Rio Negro,4125.62103225806
2011,12,2011-12,Salta,11805.8480967742
2011,12,2011-12,San Juan,0
2011,12,2011-12,Santa Cruz,12413.7444822581
2011,12,2011-12,Tierra del Fuego,9935.92774193548
2012,1,2012-01,Chubut,9907.82071213095
2012,1,2012-01,Estado Nacional,12795.6187096774
2012,1,2012-01,Formosa,51.0312903225806
2012,1,2012-01,Jujuy,13.0332258064516
2012,1,2012-01,La Pampa,1235.7524516129
2012,1,2012-01,Mendoza,6071.78005322581
2012,1,2012-01,Neuquén,55820.7837741936
2012,1,2012-01,Rio Negro,4079.15296774194
2012,1,2012-01,Salta,11434.5557096774
2012,1,2012-01,San Juan,0
2012,1,2012-01,Santa Cruz,12355.4015587097
2012,1,2012-01,Tierra del Fuego,9269.68396774194
2012,2,2012-02,Chubut,9636.06076896552
2012,2,2012-02,Estado Nacional,11707.9893793103
2012,2,2012-02,Formosa,51.8348275862069
2012,2,2012-02,Jujuy,13.2344827586207
2012,2,2012-02,La Pampa,1240.21324137931
2012,2,2012-02,Mendoza,6169.78317206897
2012,2,2012-02,Neuquén,53128.7792758621
2012,2,2012-02,Rio Negro,4269.34148275862
2012,2,2012-02,Salta,11314.0134137931
2012,2,2012-02,San Juan,0
2012,2,2012-02,Santa Cruz,12263.6586341379
2012,2,2012-02,Tierra del Fuego,9730.8265862069
2012,3,2012-03,Chubut,9688.27941645161
2012,3,2012-03,Estado Nacional,11534.715516129
2012,3,2012-03,Formosa,55.891935483871
2012,3,2012-03,Jujuy,12.898064516129
2012,3,2012-03,La Pampa,1077.05593548387
2012,3,2012-03,Mendoza,6239.76824677419
2012,3,2012-03,Neuquén,54603.0380967742
2012,3,2012-03,Rio Negro,4477.30432258065
2012,3,2012-03,Salta,11151.33
2012,3,2012-03,San Juan,0
2012,3,2012-03,Santa Cruz,11790.6824493548
2012,3,2012-03,Tierra del Fuego,10420.8319677419
2012,4,2012-04,Chubut,9379.555204
2012,4,2012-04,Estado Nacional,13679.6709333333
2012,4,2012-04,Formosa,73.485
2012,4,2012-04,Jujuy,13.3826666666667
2012,4,2012-04,La Pampa,1248.48516666667
2012,4,2012-04,Mendoza,6286.76478733333
2012,4,2012-04,Neuquén,54163.8141666667
2012,4,2012-04,Rio Negro,4444.29416666667
2012,4,2012-04,Salta,10948.9565333333
2012,4,2012-04,Santa Cruz,11770.6740956667
2012,4,2012-04,Tierra del Fuego,10434.4224333333
2012,5,2012-05,Chubut,9778.32712032258
2012,5,2012-05,Estado Nacional,13528.7712258065
2012,5,2012-05,Formosa,80.7609677419355
2012,5,2012-05,Jujuy,12.8825806451613
2012,5,2012-05,La Pampa,1271.43806451613
2012,5,2012-05,Mendoza,6401.8008016129
2012,5,2012-05,Neuquén,54107.3242258064
2012,5,2012-05,Rio Negro,4526.26974193548
2012,5,2012-05,Salta,10601.8236129032
2012,5,2012-05,San Juan,0
2012,5,2012-05,Santa Cruz,11625.7332812903
2012,5,2012-05,Tierra del Fuego,10528.6742580645
2012,6,2012-06,Chubut,9180.20931166667
2012,6,2012-06,Estado Nacional,13666.6741333333
2012,6,2012-06,Formosa,78.2651
2012,6,2012-06,Jujuy,13.5676666666667
2012,6,2012-06,La Pampa,1228.78266666667
2012,6,2012-06,Mendoza,6678.97070166667
2012,6,2012-06,Neuquén,53660.0785
2012,6,2012-06,Rio Negro,4716.6557
2012,6,2012-06,Salta,10489.0911333333
2012,6,2012-06,San Juan,0
2012,6,2012-06,Santa Cruz,11365.357628
2012,6,2012-06,Tierra del Fuego,10553.8942333333
2012,7,2012-07,Chubut,9436.54217612903
2012,7,2012-07,Estado Nacional,14212.1841290323
2012,7,2012-07,Formosa,78.9054838709677
2012,7,2012-07,Jujuy,13.0664516129032
2012,7,2012-07,La Pampa,1209.83870967742
2012,7,2012-07,Mendoza,6729.41312258064
2012,7,2012-07,Neuquén,53345.2784193548
2012,7,2012-07,Rio Negro,4659.02696774194
2012,7,2012-07,Salta,10346.6397741935
2012,7,2012-07,San Juan,0
2012,7,2012-07,Santa Cruz,11319.9424480645
2012,7,2012-07,Tierra del Fuego,10099.1916774194
2012,8,2012-08,Chubut,9716.39987677419
2012,8,2012-08,Estado Nacional,14452.7647741935
2012,8,2012-08,Formosa,84.7803225806452
2012,8,2012-08,Jujuy,13.1961290322581
2012,8,2012-08,La Pampa,1248.12451612903
2012,8,2012-08,La Rioja,0
2012,8,2012-08,Mendoza,6742.95011709677
2012,8,2012-08,Neuquén,53583.3800967742
2012,8,2012-08,Rio Negro,4717.09893548387
2012,8,2012-08,Salta,10127.0102580645
2012,8,2012-08,San Juan,0
2012,8,2012-08,Santa Cruz,11557.3935816129
2012,8,2012-08,Tierra del Fuego,9186.60293548387
2012,9,2012-09,Chubut,9669.12814566667
2012,9,2012-09,Estado Nacional,14585.8671666667
2012,9,2012-09,Formosa,78.0116666666667
2012,9,2012-09,Jujuy,12.586
2012,9,2012-09,La Pampa,1265.54873333333
2012,9,2012-09,La Rioja,0
2012,9,2012-09,Mendoza,6718.49659933333
2012,9,2012-09,Neuquén,52864.8635
2012,9,2012-09,Rio Negro,4690.94666666667
2012,9,2012-09,Salta,10059.5446333333
2012,9,2012-09,San Juan,0
2012,9,2012-09,Santa Cruz,11987.109787
2012,9,2012-09,Tierra del Fuego,9331.44876666667
2012,10,2012-10,Chubut,9577.02268612903
2012,10,2012-10,Estado Nacional,14248.8436129032
2012,10,2012-10,Formosa,77.61
2012,10,2012-10,Jujuy,12.3338709677419
2012,10,2012-10,La Pampa,1264.10290322581
2012,10,2012-10,La Rioja,0
2012,10,2012-10,Mendoza,6475.89167774194
2012,10,2012-10,Neuquén,52075.8620645161
2012,10,2012-10,Rio Negro,4720.28570967742
2012,10,2012-10,Salta,9845.77083870968
2012,10,2012-10,San Juan,0
2012,10,2012-10,Santa Cruz,11449.471106129
2012,10,2012-10,Tierra del Fuego,9996.77835483871
2012,11,2012-11,Chubut,9371.84527633333
2012,11,2012-11,Estado Nacional,14258.9595333333
2012,11,2012-11,Formosa,81.7666666666667
2012,11,2012-11,Jujuy,13.2166666666667
2012,11,2012-11,La Pampa,1139.13743333333
2012,11,2012-11,La Rioja,0
2012,11,2012-11,Mendoza,6322.09177066667
2012,11,2012-11,Neuquén,50996.133
2012,11,2012-11,Rio Negro,4636.1785
2012,11,2012-11,Salta,9549.14683333333
2012,11,2012-11,San Juan,0
2012,11,2012-11,Santa Cruz,11231.202153
2012,11,2012-11,Tierra del Fuego,9597.67246666667
2012,12,2012-12,Chubut,9138.96748778484
2012,12,2012-12,Estado Nacional,13855.5087096774
2012,12,2012-12,Formosa,84.0932258064516
2012,12,2012-12,Jujuy,13.4103225806452
2012,12,2012-12,La Pampa,1124.27438709677
2012,12,2012-12,La Rioja,0
2012,12,2012-12,Mendoza,6424.25221387097
2012,12,2012-12,Neuquén,49385.7696774194
2012,12,2012-12,Rio Negro,4601.173
2012,12,2012-12,Salta,9452.75835483871
2012,12,2012-12,San Juan,0
2012,12,2012-12,Santa Cruz,11196.4722880645
2012,12,2012-12,Tierra del Fuego,10109.6970967742
2013,1,2013-01,Chubut,9123.6321208
2013,1,2013-01,Estado Nacional,13435.4676129032
2013,1,2013-01,Formosa,83.22
2013,1,2013-01,Jujuy,13.4048387096774
2013,1,2013-01,La Pampa,989.429935483871
2013,1,2013-01,La Rioja,0
2013,1,2013-01,Mendoza,6593.14114096484
2013,1,2013-01,Neuquén,49783.8918387097
2013,1,2013-01,Rio Negro,4441.73683870968
2013,1,2013-01,Salta,9534.208
2013,1,2013-01,San Juan,0
2013,1,2013-01,Santa Cruz,11145.385107871
2013,1,2013-01,Tierra del Fuego,9493.59167741936
2013,2,2013-02,Chubut,8901.103245
2013,2,2013-02,Estado Nacional,14061.1861785714
2013,2,2013-02,Formosa,79.1435714285714
2013,2,2013-02,Jujuy,13.1975
2013,2,2013-02,La Pampa,1051.89096428571
2013,2,2013-02,La Rioja,0
2013,2,2013-02,Mendoza,6646.28582714286
2013,2,2013-02,Neuquén,49842.2256428571
2013,2,2013-02,Rio Negro,4425.37775
2013,2,2013-02,Salta,9392.88660714286
2013,2,2013-02,San Juan,0
2013,2,2013-02,Santa Cruz,11026.0187778571
2013,2,2013-02,Tierra del Fuego,9830.97453571429
2013,3,2013-03,Chubut,9234.99789209677
2013,3,2013-03,Estado Nacional,11784.6122258065
2013,3,2013-03,Formosa,74.281935483871
2013,3,2013-03,Jujuy,13.1535483870968
2013,3,2013-03,La Pampa,1073.8335483871
2013,3,2013-03,La Rioja,0
2013,3,2013-03,Mendoza,6571.12279387097
2013,3,2013-03,Neuquén,49127.3043870968
2013,3,2013-03,Rio Negro,4375.83332258065
2013,3,2013-03,Salta,9333.38596774194
2013,3,2013-03,San Juan,0
2013,3,2013-03,Santa Cruz,10734.1045006452
2013,3,2013-03,Tierra del Fuego,9281.93916129032
2013,4,2013-04,Chubut,9479.49003433333
2013,4,2013-04,Estado Nacional,13021.7773333333
2013,4,2013-04,Formosa,69.7756666666667
2013,4,2013-04,Jujuy,12.6996666666667
2013,4,2013-04,La Pampa,1085.83473333333
2013,4,2013-04,La Rioja,0
2013,4,2013-04,Mendoza,6678.33704233333
2013,4,2013-04,Neuquén,49103.1946666667
2013,4,2013-04,Rio Negro,4415.475
2013,4,2013-04,Salta,8752.5655
2013,4,2013-04,San Juan,0
2013,4,2013-04,Santa Cruz,10542.494545
2013,4,2013-04,Tierra del Fuego,9352.66656666666
2013,5,2013-05,Chubut,9553.62794746884
2013,5,2013-05,Estado Nacional,14044.0280967742
2013,5,2013-05,Formosa,78.6864193548387
2013,5,2013-05,Jujuy,12.4638709677419
2013,5,2013-05,La Pampa,1251.45474193548
2013,5,2013-05,La Rioja,0
2013,5,2013-05,Mendoza,6741.14299774194
2013,5,2013-05,Neuquén,49315.1223225806
2013,5,2013-05,Rio Negro,4379.97609677419
2013,5,2013-05,Salta,9081.08638709678
2013,5,2013-05,San Juan,0
2013,5,2013-05,Santa Cruz,10611.4126651613
2013,5,2013-05,Tierra del Fuego,9377.93074193548
2013,6,2013-06,Chubut,9259.7783481804
2013,6,2013-06,Estado Nacional,14021.4790333333
2013,6,2013-06,Formosa,76.554
2013,6,2013-06,Jujuy,11.9246666666667
2013,6,2013-06,La Pampa,1267.69166666667
2013,6,2013-06,La Rioja,0
2013,6,2013-06,Mendoza,6757.42749366633
2013,6,2013-06,Neuquén,49558.4556333333
2013,6,2013-06,Rio Negro,4442.66286666667
2013,6,2013-06,Salta,8769.7667
2013,6,2013-06,San Juan,0
2013,6,2013-06,Santa Cruz,10979.6794916667
2013,6,2013-06,Tierra del Fuego,9897.09023333333
2013,7,2013-07,Chubut,9105.00895822923
2013,7,2013-07,Estado Nacional,13955.9819032258
2013,7,2013-07,Formosa,71.4593870967742
2013,7,2013-07,Jujuy,11.2722580645161
2013,7,2013-07,La Pampa,1223.855
2013,7,2013-07,La Rioja,0
2013,7,2013-07,Mendoza,6830.90485161258
2013,7,2013-07,Neuquén,49532.0772903226
2013,7,2013-07,Rio Negro,4568.21787096774
2013,7,2013-07,Salta,8565.61635483871
2013,7,2013-07,San Juan,0
2013,7,2013-07,Santa Cruz,10803.8173280645
2013,7,2013-07,Tierra del Fuego,9797.30916129032
2013,8,2013-08,Chubut,9189.05325025574
2013,8,2013-08,Estado Nacional,13992.1461290323
2013,8,2013-08,Formosa,71.6729032258065
2013,8,2013-08,Jujuy,11.2225806451613
2013,8,2013-08,La Pampa,1258.33025806452
2013,8,2013-08,La Rioja,0
2013,8,2013-08,Mendoza,6982.8495816129
2013,8,2013-08,Neuquén,50044.6864193548
2013,8,2013-08,Rio Negro,4646.651
2013,8,2013-08,Salta,8495.63990322581
2013,8,2013-08,San Juan,0
2013,8,2013-08,Santa Cruz,10719.3538864516
2013,8,2013-08,Tierra del Fuego,9859.17519354839
2013,9,2013-09,Chubut,9273.80272859037
2013,9,2013-09,Estado Nacional,13869.0795666667
2013,9,2013-09,Formosa,73.556
2013,9,2013-09,Jujuy,10.9963333333333
2013,9,2013-09,La Pampa,1349.2446
2013,9,2013-09,La Rioja,0
2013,9,2013-09,Mendoza,7017.356239
2013,9,2013-09,Neuquén,49772.6164666667
2013,9,2013-09,Rio Negro,4835.1096
2013,9,2013-09,Salta,8574.17166666667
2013,9,2013-09,San Juan,0
2013,9,2013-09,Santa Cruz,10717.0740686667
2013,9,2013-09,Tierra del Fuego,9888.89106666667
2013,10,2013-10,Chubut,9226.62789685135
2013,10,2013-10,Córdoba,0
2013,10,2013-10,Estado Nacional,13746.1843225806
2013,10,2013-10,Formosa,74.8938709677419
2013,10,2013-10,Jujuy,11.2954838709677
2013,10,2013-10,La Pampa,1365.14893548387
2013,10,2013-10,La Rioja,0
2013,10,2013-10,Mendoza,7039.21208741968
2013,10,2013-10,Neuquén,49645.9965483871
2013,10,2013-10,Rio Negro,4850.36251612903
2013,10,2013-10,Salta,8490.97741935484
2013,10,2013-10,San Juan,0
2013,10,2013-10,Santa Cruz,10817.9122341935
2013,10,2013-10,Tierra del Fuego,9306.19180645161
2013,11,2013-11,Chubut,9248.14984985393
2013,11,2013-11,Córdoba,0
2013,11,2013-11,Estado Nacional,13276.7325333333
2013,11,2013-11,Formosa,74.6353333333333
2013,11,2013-11,Jujuy,11.8493333333333
2013,11,2013-11,La Pampa,1310.6433
2013,11,2013-11,La Rioja,0
2013,11,2013-11,Mendoza,6906.06989133333
2013,11,2013-11,Neuquén,50098.084
2013,11,2013-11,Rio Negro,4678.42863333333
2013,11,2013-11,Salta,8662.93206666667
2013,11,2013-11,San Juan,0
2013,11,2013-11,Santa Cruz,10860.9662323333
2013,11,2013-11,Tierra del Fuego,9561.1949
2013,12,2013-12,Chubut,9193.04486252029
2013,12,2013-12,Córdoba,0
2013,12,2013-12,Estado Nacional,13465.2040322581
2013,12,2013-12,Formosa,75.3732258064516
2013,12,2013-12,Jujuy,11.57
2013,12,2013-12,La Pampa,1308.37241935516
2013,12,2013-12,La Rioja,0
2013,12,2013-12,Mendoza,6821.68042419355
2013,12,2013-12,Neuquén,49713.5718387097
2013,12,2013-12,Rio Negro,4582.15158064516
2013,12,2013-12,Salta,8516.38435483871
2013,12,2013-12,San Juan,0
2013,12,2013-12,Santa Cruz,10295.2408683871
2013,12,2013-12,Tierra del Fuego,9465.16983870968
2014,1,2014-01,Chubut,9157.98928111807
2014,1,2014-01,Córdoba,0
2014,1,2014-01,Estado Nacional,13416.838483871
2014,1,2014-01,Formosa,73.8359032258064
2014,1,2014-01,Jujuy,11.6661290322581
2014,1,2014-01,La Pampa,1239.58441935484
2014,1,2014-01,La Rioja,0
2014,1,2014-01,Mendoza,6734.25107193548
2014,1,2014-01,Neuquén,50338.9007419355
2014,1,2014-01,Rio Negro,4574.89690322581
2014,1,2014-01,Salta,8414.35196774194
2014,1,2014-01,San Juan,0
2014,1,2014-01,Santa Cruz,10515.0790745161
2014,1,2014-01,Tierra del Fuego,9722.34393548387
2014,2,2014-02,Chubut,9254.05489418471
2014,2,2014-02,Córdoba,0
2014,2,2014-02,Estado Nacional,13351.5852142857
2014,2,2014-02,Formosa,73.1821428571428
2014,2,2014-02,Jujuy,11.6139285714286
2014,2,2014-02,La Pampa,1261.96642857143
2014,2,2014-02,La Rioja,0
2014,2,2014-02,Mendoza,6948.22962535679
2014,2,2014-02,Neuquén,50079.3243571429
2014,2,2014-02,Rio Negro,4607.29321428571
2014,2,2014-02,Salta,8254.64842857143
2014,2,2014-02,San Juan,0
2014,2,2014-02,Santa Cruz,10551.6900696429
2014,2,2014-02,Tierra del Fuego,9594.24971428572
2014,3,2014-03,Chubut,9333.85920244519
2014,3,2014-03,Córdoba,0
2014,3,2014-03,Estado Nacional,13409.5328387097
2014,3,2014-03,Formosa,69.6838709677419
2014,3,2014-03,Jujuy,11.4974193548387
2014,3,2014-03,La Pampa,1310.96419354839
2014,3,2014-03,La Rioja,0
2014,3,2014-03,Mendoza,6579.91638290323
2014,3,2014-03,Neuquén,48465.1402903226
2014,3,2014-03,Rio Negro,4622.73941935484
2014,3,2014-03,Salta,8124.64703225806
2014,3,2014-03,San Juan,0
2014,3,2014-03,Santa Cruz,10688.27105
2014,3,2014-03,Tierra del Fuego,9575.27667741936
2014,4,2014-04,Chubut,9304.90859493137
2014,4,2014-04,Córdoba,0
2014,4,2014-04,Estado Nacional,11099.0816333333
2014,4,2014-04,Formosa,69.5743333333333
2014,4,2014-04,Jujuy,11.948
2014,4,2014-04,La Pampa,1313.13083333333
2014,4,2014-04,La Rioja,0
2014,4,2014-04,Mendoza,5946.633111
2014,4,2014-04,Neuquén,49456.5996
2014,4,2014-04,Rio Negro,4547.34276666667
2014,4,2014-04,Salta,7888.89423333333
2014,4,2014-04,San Juan,0
2014,4,2014-04,Santa Cruz,10426.413429
2014,4,2014-04,Tierra del Fuego,8470.04276666667
2014,5,2014-05,Chubut,9206.57622544039
2014,5,2014-05,Córdoba,0
2014,5,2014-05,Estado Nacional,13620.586
2014,5,2014-05,Formosa,68.6564516129032
2014,5,2014-05,Jujuy,12.1829032258065
2014,5,2014-05,La Pampa,1280.73451612903
2014,5,2014-05,La Rioja,0
2014,5,2014-05,Mendoza,6027.40037870968
2014,5,2014-05,Neuquén,51525.3112909677
2014,5,2014-05,Rio Negro,4750.22316129032
2014,5,2014-05,Salta,7898.02903225806
2014,5,2014-05,San Juan,0
2014,5,2014-05,Santa Cruz,10453.0766670968
2014,5,2014-05,Tierra del Fuego,9479.24506451613
2014,6,2014-06,Chubut,9200.46595654787
2014,6,2014-06,Córdoba,0
2014,6,2014-06,Estado Nacional,13301.5579
2014,6,2014-06,Formosa,66.4713333333333
2014,6,2014-06,Jujuy,12.2893333333333
2014,6,2014-06,La Pampa,1377.12726666667
2014,6,2014-06,La Rioja,0
2014,6,2014-06,Mendoza,6302.691216667
2014,6,2014-06,Neuquén,51517.607593
2014,6,2014-06,Rio Negro,4680.6685
2014,6,2014-06,Salta,7836.68446666667
2014,6,2014-06,San Juan,0
2014,6,2014-06,Santa Cruz,10574.0155733333
2014,6,2014-06,Tierra del Fuego,9613.80533333333
2014,7,2014-07,Chubut,9508.44835760561
2014,7,2014-07,Córdoba,0
2014,7,2014-07,Estado Nacional,13520.0246129032
2014,7,2014-07,Formosa,69.296064516129
2014,7,2014-07,Jujuy,11.7545161290323
2014,7,2014-07,La Pampa,1410.42322580645
2014,7,2014-07,La Rioja,0
2014,7,2014-07,Mendoza,6385.97543871
2014,7,2014-07,Neuquén,52129.3719083871
2014,7,2014-07,Rio Negro,4507.79406451613
2014,7,2014-07,Salta,7714.24303225806
2014,7,2014-07,San Juan,0
2014,7,2014-07,Santa Cruz,10375.6401283871
2014,7,2014-07,Tierra del Fuego,9669.43587096774
2014,8,2014-08,Chubut,9638.98489235265
2014,8,2014-08,Córdoba,0
2014,8,2014-08,Estado Nacional,13177.7652580645
2014,8,2014-08,Formosa,73.181
2014,8,2014-08,Jujuy,12.3022580645161
2014,8,2014-08,La Pampa,1359.91090322581
2014,8,2014-08,La Rioja,0
2014,8,2014-08,Mendoza,6357.52236741935
2014,8,2014-08,Neuquén,52688.3374432258
2014,8,2014-08,Rio Negro,4538.38106451613
2014,8,2014-08,Salta,7652.14596774194
2014,8,2014-08,San Juan,0
2014,8,2014-08,Santa Cruz,10018.521746129
2014,8,2014-08,Tierra del Fuego,9285.42351612903
2014,9,2014-09,Chubut,9572.8088071973
2014,9,2014-09,Córdoba,0
2014,9,2014-09,Estado Nacional,13434.9797666667
2014,9,2014-09,Formosa,90.1995333333333
2014,9,2014-09,Jujuy,12.0653333333333
2014,9,2014-09,La Pampa,1359.51653333333
2014,9,2014-09,La Rioja,0
2014,9,2014-09,Mendoza,6452.52292566667
2014,9,2014-09,Neuquén,52669.7035333333
2014,9,2014-09,Rio Negro,4536.0604
2014,9,2014-09,Salta,7645.1122
2014,9,2014-09,San Juan,0
2014,9,2014-09,Santa Cruz,10341.726169
2014,9,2014-09,Tierra del Fuego,9073.01936666667
2014,10,2014-10,Chubut,9492.56787433258
2014,10,2014-10,Córdoba,0
2014,10,2014-10,Estado Nacional,11115.2312258065
2014,10,2014-10,Formosa,89.3778064516129
2014,10,2014-10,Jujuy,11.3806451612903
2014,10,2014-10,La Pampa,1327.18064516129
2014,10,2014-10,La Rioja,0
2014,10,2014-10,Mendoza,6494.79791129032
2014,10,2014-10,Neuquén,52450.0146354839
2014,10,2014-10,Rio Negro,4402.14425806452
2014,10,2014-10,Salta,7548.52216129032
2014,10,2014-10,San Juan,0
2014,10,2014-10,Santa Cruz,10330.9886306452
2014,10,2014-10,Tierra del Fuego,9070.65319354839
2014,11,2014-11,Chubut,9179.49565170587
2014,11,2014-11,Córdoba,0
2014,11,2014-11,Estado Nacional,12999.6875333333
2014,11,2014-11,Formosa,83.046
2014,11,2014-11,Jujuy,12.5423333333333
2014,11,2014-11,La Pampa,1310.39590000033
2014,11,2014-11,La Rioja,0
2014,11,2014-11,Mendoza,6277.479233
2014,11,2014-11,Neuquén,53199.96935
2014,11,2014-11,Rio Negro,4300.2973
2014,11,2014-11,Salta,7488.5023
2014,11,2014-11,San Juan,0
2014,11,2014-11,Santa Cruz,10043.275764
2014,11,2014-11,Tierra del Fuego,9086.501
2014,12,2014-12,Chubut,9483.67014912287
2014,12,2014-12,Córdoba,0
2014,12,2014-12,Estado Nacional,12955.1182580645
2014,12,2014-12,Formosa,73.3922580645161
2014,12,2014-12,Jujuy,11.8974193548387
2014,12,2014-12,La Pampa,1241.70441935484
2014,12,2014-12,La Rioja,0
2014,12,2014-12,Mendoza,6721.34690548387
2014,12,2014-12,Neuquén,53159.8932483871
2014,12,2014-12,Rio Negro,4312.7514516129
2014,12,2014-12,Salta,7636.72303225806
2014,12,2014-12,San Juan,0
2014,12,2014-12,Santa Cruz,9786.01118064516
2014,12,2014-12,Tierra del Fuego,9103.87677419355
2015,1,2015-01,Chubut,9643.21394027203
2015,1,2015-01,Estado Nacional,12970.1336774194
2015,1,2015-01,Formosa,74.4372258064516
2015,1,2015-01,Jujuy,11.9464516129032
2015,1,2015-01,La Pampa,1267.49764516129
2015,1,2015-01,La Rioja,0
2015,1,2015-01,Mendoza,6594.25151290323
2015,1,2015-01,Neuquén,53601.4606322581
2015,1,2015-01,Rio Negro,4242.70129032258
2015,1,2015-01,Salta,7823.78009677419
2015,1,2015-01,San Juan,0
2015,1,2015-01,Santa Cruz,10612.3049525806
2015,1,2015-01,Tierra del Fuego,9139.14612903226
2015,2,2015-02,Chubut,9769.78362901029
2015,2,2015-02,Estado Nacional,12303.7747142857
2015,2,2015-02,Formosa,76.4027857142857
2015,2,2015-02,Jujuy,12.2546428571429
2015,2,2015-02,La Pampa,1316.77835714286
2015,2,2015-02,La Rioja,0
2015,2,2015-02,Mendoza,6723.18939892857
2015,2,2015-02,Neuquén,53877.7988321429
2015,2,2015-02,Rio Negro,4165.35396428571
2015,2,2015-02,Salta,7740.26171428571
2015,2,2015-02,San Juan,0
2015,2,2015-02,Santa Cruz,10474.8217375
2015,2,2015-02,Tierra del Fuego,8874.35667857143
2015,3,2015-03,Chubut,9658.88157685061
2015,3,2015-03,Estado Nacional,12746.1761290323
2015,3,2015-03,Formosa,77.5993225806452
2015,3,2015-03,Jujuy,11.8706451612903
2015,3,2015-03,La Pampa,1326.78606451613
2015,3,2015-03,La Rioja,0
2015,3,2015-03,Mendoza,6819.43550099226
2015,3,2015-03,Neuquén,54783.9427258065
2015,3,2015-03,Rio Negro,4107.23693548387
2015,3,2015-03,Salta,7638.735
2015,3,2015-03,San Juan,0
2015,3,2015-03,Santa Cruz,10523.2604536161
2015,3,2015-03,Tierra del Fuego,8829.01396774194
2015,4,2015-04,Chubut,9773.14500326593
2015,4,2015-04,Estado Nacional,14037.5188666667
2015,4,2015-04,Formosa,79.7296666666667
2015,4,2015-04,Jujuy,11.7786666666667
2015,4,2015-04,La Pampa,1347.24786666667
2015,4,2015-04,La Rioja,0
2015,4,2015-04,Mendoza,6636.78512233333
2015,4,2015-04,Neuquén,54907.4012166667
2015,4,2015-04,Rio Negro,4166.40536666667
2015,4,2015-04,Salta,7773.14063333333
2015,4,2015-04,San Juan,0
2015,4,2015-04,Santa Cruz,10624.237222
2015,4,2015-04,Tierra del Fuego,7830.8057
2015,5,2015-05,Chubut,9521.15252705568
2015,5,2015-05,Estado Nacional,14068.3424193548
2015,5,2015-05,Formosa,79.9406451612903
2015,5,2015-05,Jujuy,11.5635483870968
2015,5,2015-05,La Pampa,1363.02919354871
2015,5,2015-05,La Rioja,0
2015,5,2015-05,Mendoza,6730.06724951613
2015,5,2015-05,Neuquén,55313.0511930645
2015,5,2015-05,Rio Negro,4297.8124516129
2015,5,2015-05,Salta,7833.97093548387
2015,5,2015-05,San Juan,0
2015,5,2015-05,Santa Cruz,10447.2796467742
2015,5,2015-05,Tierra del Fuego,8717.71141935484
2015,6,2015-06,Chubut,9536.0759906179
2015,6,2015-06,Estado Nacional,13760.1710666667
2015,6,2015-06,Formosa,74.6314666666667
2015,6,2015-06,Jujuy,10.7133333333333
2015,6,2015-06,La Pampa,1324.84156666667
2015,6,2015-06,La Rioja,0
2015,6,2015-06,Mendoza,6797.42470466667
2015,6,2015-06,Neuquén,55328.1430666667
2015,6,2015-06,Rio Negro,4275.19503333333
2015,6,2015-06,Salta,7765.95946666667
2015,6,2015-06,San Juan,0
2015,6,2015-06,Santa Cruz,10326.0513836667
2015,6,2015-06,Tierra del Fuego,8804.11656666667
2015,7,2015-07,Chubut,9542.98874980997
2015,7,2015-07,Estado Nacional,13114.1914193548
2015,7,2015-07,Formosa,100.396387096774
2015,7,2015-07,Jujuy,11.5248387096774
2015,7,2015-07,La Pampa,1302.02819354839
2015,7,2015-07,La Rioja,0
2015,7,2015-07,Mendoza,6924.88227838645
2015,7,2015-07,Neuquén,55852.1979354839
2015,7,2015-07,Rio Negro,4156.49619354839
2015,7,2015-07,Salta,7633.38135483871
2015,7,2015-07,San Juan,0
2015,7,2015-07,Santa Cruz,10268.0946464516
2015,7,2015-07,Tierra del Fuego,8419.12693548387
2015,8,2015-08,Chubut,9950.36618104806
2015,8,2015-08,Estado Nacional,14652.5523548387
2015,8,2015-08,Formosa,141.989903225806
2015,8,2015-08,Jujuy,11.2035483870968
2015,8,2015-08,La Pampa,1325.1105483871
2015,8,2015-08,La Rioja,0
2015,8,2015-08,Mendoza,6870.19260193516
2015,8,2015-08,Neuquén,56467.0451290323
2015,8,2015-08,Rio Negro,4200.21841935484
2015,8,2015-08,Salta,7775.58880645161
2015,8,2015-08,San Juan,0
2015,8,2015-08,Santa Cruz,10090.7107032258
2015,8,2015-08,Tierra del Fuego,8377.36409677419
2015,9,2015-09,Chubut,10112.5479312263
2015,9,2015-09,Estado Nacional,14420.5025333333
2015,9,2015-09,Formosa,131.560233333333
2015,9,2015-09,Jujuy,10.7686666666667
2015,9,2015-09,La Pampa,1304.55283333367
2015,9,2015-09,La Rioja,0
2015,9,2015-09,Mendoza,7240.64070113497
2015,9,2015-09,Neuquén,55160.8277666667
2015,9,2015-09,Rio Negro,4448.4031
2015,9,2015-09,Salta,7650.969
2015,9,2015-09,San Juan,0
2015,9,2015-09,Santa Cruz,9792.75869626667
2015,9,2015-09,Tierra del Fuego,7703.6460190241
2015,10,2015-10,Chubut,10279.2169544113
2015,10,2015-10,Estado Nacional,14729.6979032258
2015,10,2015-10,Formosa,131.385193548387
2015,10,2015-10,Jujuy,11.0122580645161
2015,10,2015-10,La Pampa,1192.97803225839
2015,10,2015-10,La Rioja,0
2015,10,2015-10,Mendoza,6585.19194427074
2015,10,2015-10,Neuquén,55868.2465965484
2015,10,2015-10,Rio Negro,4139.24896774194
2015,10,2015-10,Salta,7649.34316129032
2015,10,2015-10,San Juan,0
2015,10,2015-10,Santa Cruz,10711.5568529355
2015,10,2015-10,Tierra del Fuego,8269.49216076719
2015,11,2015-11,Chubut,10175.0558731068
2015,11,2015-11,Estado Nacional,14342.9956
2015,11,2015-11,Formosa,134.3551
2015,11,2015-11,Jujuy,11.411
2015,11,2015-11,La Pampa,1191.23733333333
2015,11,2015-11,La Rioja,0
2015,11,2015-11,Mendoza,6588.65783393653
2015,11,2015-11,Neuquén,55617.2270666667
2015,11,2015-11,Rio Negro,4322.23903333333
2015,11,2015-11,Salta,7534.12603333333
2015,11,2015-11,San Juan,0
2015,11,2015-11,Santa Cruz,10600.6771882667
2015,11,2015-11,Tierra del Fuego,8045.59343333333
2015,12,2015-12,Chubut,10098.8021817537
2015,12,2015-12,Estado Nacional,10998.9589032258
2015,12,2015-12,Formosa,106.989
2015,12,2015-12,Jujuy,11.1274193548387
2015,12,2015-12,La Pampa,1133.30080645129
2015,12,2015-12,La Rioja,0
2015,12,2015-12,Mendoza,6475.97958123655
2015,12,2015-12,Neuquén,57189.1755483871
2015,12,2015-12,Rio Negro,4526.52609677419
2015,12,2015-12,Salta,7610.88122580645
2015,12,2015-12,San Juan,0
2015,12,2015-12,Santa Cruz,10835.7201503548
2015,12,2015-12,Tierra del Fuego,6730.77535999739
2016,1,2016-01,Chubut,9954.40911343849
2016,1,2016-01,Estado Nacional,14394.7770322581
2016,1,2016-01,Formosa,106.772290322581
2016,1,2016-01,Jujuy,10.2867741935484
2016,1,2016-01,La Pampa,1128.25995443065
2016,1,2016-01,La Rioja,0
2016,1,2016-01,Mendoza,6352.53745436955
2016,1,2016-01,Neuquén,57269.5401612903
2016,1,2016-01,Rio Negro,4491.58061290323
2016,1,2016-01,Salta,7539.253
2016,1,2016-01,San Juan,0
2016,1,2016-01,Santa Cruz,10861.7611973606
2016,1,2016-01,Tierra del Fuego,7613.77559313906
2016,2,2016-02,Chubut,9795.0820062469
2016,2,2016-02,Estado Nacional,14380.5070689655
2016,2,2016-02,Formosa,97.8803448275862
2016,2,2016-02,Jujuy,9.58431034482759
2016,2,2016-02,La Pampa,1193.1462032031
2016,2,2016-02,La Rioja,0
2016,2,2016-02,Mendoza,6619.64605609093
2016,2,2016-02,Neuquén,57594.2855862069
2016,2,2016-02,Rio Negro,4498.08955172414
2016,2,2016-02,Salta,7454.61786206897
2016,2,2016-02,San Juan,0
2016,2,2016-02,Santa Cruz,10685.6019088276
2016,2,2016-02,Tierra del Fuego,7792.12008308855
2016,3,2016-03,Chubut,9655.84723872184
2016,3,2016-03,Estado Nacional,13074.840916129
2016,3,2016-03,Formosa,95.792
2016,3,2016-03,Jujuy,10.2235483870968
2016,3,2016-03,La Pampa,1222.68354188161
2016,3,2016-03,La Rioja,0
2016,3,2016-03,Mendoza,6711.02912807981
2016,3,2016-03,Neuquén,58400.8821612903
2016,3,2016-03,Rio Negro,4559.27951612903
2016,3,2016-03,Salta,7216.60703225806
2016,3,2016-03,San Juan,0
2016,3,2016-03,Santa Cruz,10813.2845333871
2016,3,2016-03,Tierra del Fuego,10240.2729627486
2016,4,2016-04,Chubut,9834.14149474833
2016,4,2016-04,Estado Nacional,14602.8485
2016,4,2016-04,Formosa,90.9878
2016,4,2016-04,Jujuy,9.63433333333333
2016,4,2016-04,La Pampa,1160.911363497
2016,4,2016-04,La Rioja,0
2016,4,2016-04,Mendoza,6317.34676971737
2016,4,2016-04,Neuquén,57981.1313
2016,4,2016-04,Rio Negro,4488.3922
2016,4,2016-04,Salta,7192.0438
2016,4,2016-04,San Juan,0
2016,4,2016-04,Santa Cruz,10860.2725413333
2016,4,2016-04,Tierra del Fuego,10382.2860521704
2016,5,2016-05,Chubut,9809.64116233116
2016,5,2016-05,Estado Nacional,13696.3204193548
2016,5,2016-05,Formosa,81.2245161290323
2016,5,2016-05,Jujuy,10.8422580645161
2016,5,2016-05,La Pampa,1112.5411860371
2016,5,2016-05,La Rioja,0
2016,5,2016-05,Mendoza,6393.87583860926
2016,5,2016-05,Neuquén,59818.9449677419
2016,5,2016-05,Rio Negro,4547.35948387097
2016,5,2016-05,Salta,7399.26674193548
2016,5,2016-05,San Juan,0
2016,5,2016-05,Santa Cruz,10593.5306680645
2016,5,2016-05,Tierra del Fuego,10812.014516129
2016,6,2016-06,Chubut,9675.76070410693
2016,6,2016-06,Estado Nacional,14356.0267
2016,6,2016-06,Formosa,93.3232
2016,6,2016-06,Jujuy,10.504
2016,6,2016-06,La Pampa,1050.38246666667
2016,6,2016-06,La Rioja,0
2016,6,2016-06,Mendoza,6425.473165666
2016,6,2016-06,Neuquén,59439.0319633333
2016,6,2016-06,Rio Negro,4616.2092
2016,6,2016-06,Salta,7311.33023333333
2016,6,2016-06,San Juan,0
2016,6,2016-06,Santa Cruz,10238.6980236333
2016,6,2016-06,Tierra del Fuego,10834.5129666667
2016,7,2016-07,Chubut,9788.97943633558
2016,7,2016-07,Estado Nacional,14049.9120322581
2016,7,2016-07,Formosa,81.1562580645161
2016,7,2016-07,Jujuy,10.1135483870968
2016,7,2016-07,La Pampa,1109.11103225806
2016,7,2016-07,La Rioja,0
2016,7,2016-07,Mendoza,6343.85804483871
2016,7,2016-07,Neuquén,60331.6777419355
2016,7,2016-07,Rio Negro,4533.87438709677
2016,7,2016-07,Salta,7283.28477419355
2016,7,2016-07,San Juan,0
2016,7,2016-07,Santa Cruz,10702.1349546774
2016,7,2016-07,Tierra del Fuego,11392.0118709677
2016,8,2016-08,Chubut,9749.72384097732
2016,8,2016-08,Estado Nacional,13674.5019354839
2016,8,2016-08,Formosa,74.2037741935484
2016,8,2016-08,Jujuy,10.5541935483871
2016,8,2016-08,La Pampa,1054.57716129
2016,8,2016-08,La Rioja,0
2016,8,2016-08,Mendoza,6243.97357096774
2016,8,2016-08,Neuquén,59891.6470645161
2016,8,2016-08,Rio Negro,4653.38790322581
2016,8,2016-08,Salta,7199.5364516129
2016,8,2016-08,San Juan,0
2016,8,2016-08,Santa Cruz,10483.7451875161
2016,8,2016-08,Tierra del Fuego,11823.653483871
2016,9,2016-09,Chubut,9626.70308526383
2016,9,2016-09,Estado Nacional,12038.9671666667
2016,9,2016-09,Formosa,63.919
2016,9,2016-09,Jujuy,10.8943333333333
2016,9,2016-09,La Pampa,1041.29886666667
2016,9,2016-09,La Rioja,0
2016,9,2016-09,Mendoza,6027.941709333
2016,9,2016-09,Neuquén,59588.6227
2016,9,2016-09,Rio Negro,4700.60656666667
2016,9,2016-09,Salta,7095.76613333333
2016,9,2016-09,San Juan,0
2016,9,2016-09,Santa Cruz,10231.3578060333
2016,9,2016-09,Tierra del Fuego,13568.7488666667
2016,10,2016-10,Chubut,9504.4505928779
2016,10,2016-10,Estado Nacional,12794.9617096774
2016,10,2016-10,Formosa,74.2102580645161
2016,10,2016-10,Jujuy,10.9506451612903
2016,10,2016-10,La Pampa,1018.87609677419
2016,10,2016-10,La Rioja,0
2016,10,2016-10,Mendoza,6069.04319354871
2016,10,2016-10,Neuquén,60664.122516129
2016,10,2016-10,Rio Negro,4644.32729032258
2016,10,2016-10,Salta,6981.28983870968
2016,10,2016-10,San Juan,0
2016,10,2016-10,Santa Cruz,10443.0370103226
2016,10,2016-10,Tierra del Fuego,12410.1324516129
2016,11,2016-11,Chubut,9637.4149764423
2016,11,2016-11,Estado Nacional,12997.8102666667
2016,11,2016-11,Formosa,72.1607666666667
2016,11,2016-11,Jujuy,11.418
2016,11,2016-11,La Pampa,1045.88769999967
2016,11,2016-11,La Rioja,0
2016,11,2016-11,Mendoza,5952.88165433333
2016,11,2016-11,Neuquén,59158.8146333333
2016,11,2016-11,Rio Negro,4637.6414
2016,11,2016-11,Salta,6948.85366666667
2016,11,2016-11,San Juan,0
2016,11,2016-11,Santa Cruz,10263.9936766933
2016,11,2016-11,Tierra del Fuego,10507.1744333333
2016,12,2016-12,Chubut,9496.37851854
2016,12,2016-12,Estado Nacional,12205.5543548387
2016,12,2016-12,Formosa,75.0401290322581
2016,12,2016-12,Jujuy,11.2474193548387
2016,12,2016-12,La Pampa,1022.76522580645
2016,12,2016-12,La Rioja,0
2016,12,2016-12,Mendoza,5715.00311129065
2016,12,2016-12,Neuquén,59465.1000645161
2016,12,2016-12,Rio Negro,4742.23287096774
2016,12,2016-12,Salta,6834.86887096774
2016,12,2016-12,San Juan,0
2016,12,2016-12,Santa Cruz,9874.12769390323
2016,12,2016-12,Tierra del Fuego,11987.589
2017,1,2017-01,Chubut,9452.32692378655
2017,1,2017-01,Estado Nacional,12667.5719354839
2017,1,2017-01,Formosa,70.1145483870968
2017,1,2017-01,Jujuy,10.2712903225806
2017,1,2017-01,La Pampa,1035.42251612871
2017,1,2017-01,La Rioja,0
2017,1,2017-01,Mendoza,5808.61227806452
2017,1,2017-01,Neuquén,59964.9329677419
2017,1,2017-01,Rio Negro,4813.19677419355
2017,1,2017-01,Salta,6850.93880645161
2017,1,2017-01,San Juan,0
2017,1,2017-01,Santa Cruz,10303.3983311613
2017,1,2017-01,Tierra del Fuego,12119.7071290323
2017,2,2017-02,Chubut,9536.2177194215
2017,2,2017-02,Estado Nacional,9612.11210714286
2017,2,2017-02,Formosa,70.466
2017,2,2017-02,Jujuy,10.4642857142857
2017,2,2017-02,La Pampa,1026.74067857143
2017,2,2017-02,La Rioja,0
2017,2,2017-02,Mendoza,5727.36255571429
2017,2,2017-02,Neuquén,60152.1585
2017,2,2017-02,Rio Negro,4619.91935714286
2017,2,2017-02,Salta,6837.98203571429
2017,2,2017-02,San Juan,0
2017,2,2017-02,Santa Cruz,10132.8039565
2017,2,2017-02,Tierra del Fuego,9198.15235714286
2017,3,2017-03,Chubut,9528.03694540452
2017,3,2017-03,Estado Nacional,12809.7372258065
2017,3,2017-03,Formosa,69.869064516129
2017,3,2017-03,Jujuy,9.73564516129032
2017,3,2017-03,La Pampa,1126.5277096771
2017,3,2017-03,La Rioja,0
2017,3,2017-03,Mendoza,5649.08683870968
2017,3,2017-03,Neuquén,59532.7731612903
2017,3,2017-03,Rio Negro,4605.29519354839
2017,3,2017-03,Salta,6737.73038709677
2017,3,2017-03,San Juan,0
2017,3,2017-03,Santa Cruz,9983.33372906452
2017,3,2017-03,Tierra del Fuego,12167.8009032258
2017,4,2017-04,Chubut,9075.10941237243
2017,4,2017-04,Estado Nacional,12725.9002666667
2017,4,2017-04,Formosa,69.546
2017,4,2017-04,Jujuy,9.455
2017,4,2017-04,La Pampa,1057.39053333333
2017,4,2017-04,La Rioja,0
2017,4,2017-04,Mendoza,5566.388175667
2017,4,2017-04,Neuquén,61240.2153333333
2017,4,2017-04,Rio Negro,4594.63536666667
2017,4,2017-04,Salta,6701.21766666667
2017,4,2017-04,San Juan,0
2017,4,2017-04,Santa Cruz,9920.30655593333
2017,4,2017-04,Tierra del Fuego,12326.4699333333
2017,5,2017-05,Chubut,9455.63882039865
2017,5,2017-05,Estado Nacional,11902.8737741935
2017,5,2017-05,Formosa,64.793935483871
2017,5,2017-05,Jujuy,11.3287096774194
2017,5,2017-05,La Pampa,1131.95274193581
2017,5,2017-05,La Rioja,0
2017,5,2017-05,Mendoza,5349.61739685774
2017,5,2017-05,Neuquén,61154.1773870968
2017,5,2017-05,Rio Negro,4599.69787096774
2017,5,2017-05,Salta,6635.57138709677
2017,5,2017-05,San Juan,0
2017,5,2017-05,Santa Cruz,10088.4861477516
2017,5,2017-05,Tierra del Fuego,11715.6765483871
2017,6,2017-06,Chubut,9306.9253999804
2017,6,2017-06,Estado Nacional,12225.6868666667
2017,6,2017-06,Formosa,64.7123333333333
2017,6,2017-06,Jujuy,11.5896666666667
2017,6,2017-06,La Pampa,1074.130666667
2017,6,2017-06,La Rioja,0
2017,6,2017-06,Mendoza,5273.511060667
2017,6,2017-06,Neuquén,60753.5045333333
2017,6,2017-06,Rio Negro,4748.53726666667
2017,6,2017-06,Salta,6519.121
2017,6,2017-06,San Juan,0
2017,6,2017-06,Santa Cruz,9696.39449703333
2017,6,2017-06,Tierra del Fuego,12617.8666666667
2017,7,2017-07,Chubut,9316.25788964716
2017,7,2017-07,Estado Nacional,12826.2113225806
2017,7,2017-07,Formosa,63.769064516129
2017,7,2017-07,Jujuy,11.1674193548387
2017,7,2017-07,La Pampa,997.05183871
2017,7,2017-07,La Rioja,0
2017,7,2017-07,Mendoza,5115.21859096806
2017,7,2017-07,Neuquén,61269.1087096774
2017,7,2017-07,Rio Negro,4973.59348387097
2017,7,2017-07,Salta,6458.99390322581
2017,7,2017-07,San Juan,0
2017,7,2017-07,Santa Cruz,9655.03896258065
2017,7,2017-07,Tierra del Fuego,12707.0696774194
2017,8,2017-08,Chubut,9473.2946024409
2017,8,2017-08,Estado Nacional,12364.4782258065
2017,8,2017-08,Formosa,65.995935483871
2017,8,2017-08,Jujuy,10.4558064516129
2017,8,2017-08,La Pampa,980.016580645161
2017,8,2017-08,La Rioja,0
2017,8,2017-08,Mendoza,5148.74299677484
2017,8,2017-08,Neuquén,61598.8386774194
2017,8,2017-08,Rio Negro,5012.00470967742
2017,8,2017-08,Salta,6387.77898287097
2017,8,2017-08,San Juan,0
2017,8,2017-08,Santa Cruz,10027.4909520968
2017,8,2017-08,Tierra del Fuego,12753.3913548387
2017,9,2017-09,Chubut,9636.90840084663
2017,9,2017-09,Estado Nacional,12956.2897333333
2017,9,2017-09,Formosa,63.6815333333333
2017,9,2017-09,Jujuy,9.97166666666667
2017,9,2017-09,La Pampa,1034.268
2017,9,2017-09,La Rioja,0
2017,9,2017-09,Mendoza,5112.57337366667
2017,9,2017-09,Neuquén,61493.1932333333
2017,9,2017-09,Rio Negro,5014.45226666667
2017,9,2017-09,Salta,6305.6788
2017,9,2017-09,San Juan,0
2017,9,2017-09,Santa Cruz,9635.78457316667
2017,9,2017-09,Tierra del Fuego,12155.6276333333
2017,10,2017-10,Chubut,9522.08945781865
2017,10,2017-10,Estado Nacional,13377.1472903226
2017,10,2017-10,Formosa,64.4832258064516
2017,10,2017-10,Jujuy,9.78096774193548
2017,10,2017-10,La Pampa,1711.95348387097
2017,10,2017-10,La Rioja,0
2017,10,2017-10,Mendoza,5053.08124096774
2017,10,2017-10,Neuquén,60921.6139032258
2017,10,2017-10,Rio Negro,5164.23364516129
2017,10,2017-10,Salta,6257.78509677419
2017,10,2017-10,San Juan,0
2017,10,2017-10,Santa Cruz,10447.3321020645
2017,10,2017-10,Tierra del Fuego,12292.2759677419
2017,11,2017-11,Chubut,9208.48934240757
2017,11,2017-11,Estado Nacional,12003.4660666667
2017,11,2017-11,Formosa,68.1368333333333
2017,11,2017-11,Jujuy,9.15833333333333
2017,11,2017-11,La Pampa,1620.85226666667
2017,11,2017-11,La Rioja,0
2017,11,2017-11,Mendoza,4784.41875833333
2017,11,2017-11,Neuquén,58010.3261333333
2017,11,2017-11,Rio Negro,5210.77416666667
2017,11,2017-11,Salta,6181.09706666667
2017,11,2017-11,San Juan,0
2017,11,2017-11,Santa Cruz,10680.7358471333
2017,11,2017-11,Tierra del Fuego,11417.3440333333
2017,12,2017-12,Chubut,9440.85764281384
2017,12,2017-12,Estado Nacional,12952.5887741935
2017,12,2017-12,Formosa,66.9857741935484
2017,12,2017-12,Jujuy,8.64806451612903
2017,12,2017-12,La Pampa,1570.38290322548
2017,12,2017-12,La Rioja,0
2017,12,2017-12,Mendoza,4828.4593870971
2017,12,2017-12,Neuquén,59683.3830967742
2017,12,2017-12,Rio Negro,5247.98538709677
2017,12,2017-12,Salta,6156.57383870968
2017,12,2017-12,San Juan,0
2017,12,2017-12,Santa Cruz,10950.4461512258
2017,12,2017-12,Tierra del Fuego,12124.9366451613
2018,1,2018-01,Chubut,9399.79312996616
2018,1,2018-01,Estado Nacional,13240.8167741935
2018,1,2018-01,Formosa,66.3266451612903
2018,1,2018-01,Jujuy,9.62290322580645
2018,1,2018-01,La Pampa,964.071032258065
2018,1,2018-01,La Rioja,0
2018,1,2018-01,Mendoza,4912.65489258032
2018,1,2018-01,Neuquén,61110.7745806452
2018,1,2018-01,Rio Negro,5347.10032258064
2018,1,2018-01,Salta,6088.0165483871
2018,1,2018-01,San Juan,0
2018,1,2018-01,Santa Cruz,10630.5505677419
2018,1,2018-01,Tierra del Fuego,12275.1077741935
2018,2,2018-02,Chubut,9084.13564285714
2018,2,2018-02,Estado Nacional,13504.1317857143
2018,2,2018-02,Formosa,65.7918928571429
2018,2,2018-02,Jujuy,10.6039285714286
2018,2,2018-02,La Pampa,966.899285714286
2018,2,2018-02,La Rioja,0
2018,2,2018-02,Mendoza,4948.38389464286
2018,2,2018-02,Neuquén,63824.7241392857
2018,2,2018-02,Rio Negro,5227.98346428571
2018,2,2018-02,Salta,5850.82089285714
2018,2,2018-02,San Juan,0
2018,2,2018-02,Santa Cruz,10038.024369
2018,2,2018-02,Tierra del Fuego,11317.3276071429
2018,3,2018-03,Chubut,9252.57335483871
2018,3,2018-03,Estado Nacional,14134.5870967742
2018,3,2018-03,Formosa,60.1914516129032
2018,3,2018-03,Jujuy,10.8245161290323
2018,3,2018-03,La Pampa,955.619483870968
2018,3,2018-03,La Rioja,0
2018,3,2018-03,Mendoza,4959.01236677419
2018,3,2018-03,Neuquén,64215.8095483871
2018,3,2018-03,Rio Negro,5455.39187096774
2018,3,2018-03,Salta,5711.99983870968
2018,3,2018-03,San Juan,0
2018,3,2018-03,Santa Cruz,10358.1060487742
2018,3,2018-03,Tierra del Fuego,10753.7760967742
2018,4,2018-04,Chubut,9238.5304
2018,4,2018-04,Estado Nacional,14064.4371
2018,4,2018-04,Formosa,62.7869333333333
2018,4,2018-04,Jujuy,10.9883333333333
2018,4,2018-04,La Pampa,897.709266666667
2018,4,2018-04,La Rioja,0
2018,4,2018-04,Mendoza,4810.899642667
2018,4,2018-04,Neuquén,66255.7596333333
2018,4,2018-04,Rio Negro,5951.04346666667
2018,4,2018-04,Salta,5541.12666666667
2018,4,2018-04,San Juan,0
2018,4,2018-04,Santa Cruz,10583.1968023
2018,4,2018-04,Tierra del Fuego,11832.3502333333
2018,5,2018-05,Chubut,8909.43967741936
2018,5,2018-05,Estado Nacional,14093.0610967742
2018,5,2018-05,Formosa,60.8075161290323
2018,5,2018-05,Jujuy,9.56870967741935
2018,5,2018-05,La Pampa,908.581451612903
2018,5,2018-05,La Rioja,0
2018,5,2018-05,Mendoza,4805.70440000032
2018,5,2018-05,Neuquén,64297.6310322581
2018,5,2018-05,Rio Negro,5953.82129032258
2018,5,2018-05,Salta,5790.33587096774
2018,5,2018-05,San Juan,0
2018,5,2018-05,Santa Cruz,10798.4667746129
2018,5,2018-05,Tierra del Fuego,11646.1041290323
2018,6,2018-06,Chubut,8993.12206666667
2018,6,2018-06,Estado Nacional,14218.2696666667
2018,6,2018-06,Formosa,57.4767666666667
2018,6,2018-06,Jujuy,10.5413333333333
2018,6,2018-06,La Pampa,903.868466666667
2018,6,2018-06,La Rioja,0
2018,6,2018-06,Mendoza,4776.24549766667
2018,6,2018-06,Neuquén,68594.3994
2018,6,2018-06,Rio Negro,5886.34036666667
2018,6,2018-06,Salta,5800.6015
2018,6,2018-06,San Juan,0
2018,6,2018-06,Santa Cruz,11072.2395247333
2018,6,2018-06,Tierra del Fuego,11916.2486666667
2018,7,2018-07,Chubut,9197.153
2018,7,2018-07,Estado Nacional,14069.0287096774
2018,7,2018-07,Formosa,58.2557096774194
2018,7,2018-07,Jujuy,9.59096774193548
2018,7,2018-07,La Pampa,876.065806451613
2018,7,2018-07,La Rioja,0
2018,7,2018-07,Mendoza,4786.51832451645
2018,7,2018-07,Neuquén,68121.7933225806
2018,7,2018-07,Rio Negro,5889.63335483871
2018,7,2018-07,Salta,5788.97293548387
2018,7,2018-07,San Juan,0
2018,7,2018-07,Santa Cruz,11332.9572439032
2018,7,2018-07,Tierra del Fuego,12010.6191935484
2018,8,2018-08,Chubut,9005.58890322581
2018,8,2018-08,Estado Nacional,13922.0490322581
2018,8,2018-08,Formosa,60.5414193548387
2018,8,2018-08,Jujuy,10.0845161290323
2018,8,2018-08,La Pampa,855.378387096774
2018,8,2018-08,La Rioja,0
2018,8,2018-08,Mendoza,4723.83616451581
2018,8,2018-08,Neuquén,69792.1215806452
2018,8,2018-08,Rio Negro,5814.15777419355
2018,8,2018-08,Salta,5803.03129032258
2018,8,2018-08,San Juan,0
2018,8,2018-08,Santa Cruz,11706.3340570323
2018,8,2018-08,Tierra del Fuego,12112.3960645161
2018,9,2018-09,Chubut,9157.48163333333
2018,9,2018-09,Estado Nacional,13695.665
2018,9,2018-09,Formosa,54.3092
2018,9,2018-09,Jujuy,9.26533333333333
2018,9,2018-09,La Pampa,875.066666666667
2018,9,2018-09,Mendoza,4596.54326666667
2018,9,2018-09,Neuquén,68218.7934333333
2018,9,2018-09,Rio Negro,5939.5493
2018,9,2018-09,Salta,5673.50143333333
2018,9,2018-09,San Juan,0
2018,9,2018-09,Santa Cruz,11890.1762055667
2018,9,2018-09,Tierra del Fuego,11689.8208
2018,10,2018-10,Chubut,8601.81304580645
2018,10,2018-10,Estado Nacional,13882.5822580645
2018,10,2018-10,Formosa,46.8212258064516
2018,10,2018-10,Jujuy,9.53322580645161
2018,10,2018-10,La Pampa,899.151161290323
2018,10,2018-10,Mendoza,4590.80409774194
2018,10,2018-10,Neuquén,69370.0130645161
2018,10,2018-10,Rio Negro,5648.9844516129
2018,10,2018-10,Salta,5610.06964516129
2018,10,2018-10,San Juan,0
2018,10,2018-10,Santa Cruz,12092.0402661935
2018,10,2018-10,Tierra del Fuego,11612.9908387097
2018,11,2018-11,Chubut,8927.589
2018,11,2018-11,Estado Nacional,8875.33533333333
2018,11,2018-11,Formosa,46.7429
2018,11,2018-11,Jujuy,9.745
2018,11,2018-11,La Pampa,966.924333333333
2018,11,2018-11,Mendoza,4526.70297300033
2018,11,2018-11,Neuquén,67756.6068333333
2018,11,2018-11,Rio Negro,5520.31116666667
2018,11,2018-11,Salta,5523.36046666667
2018,11,2018-11,San Juan,0
2018,11,2018-11,Santa Cruz,11903.5818001
2018,11,2018-11,Tierra del Fuego,9172.6067
2018,12,2018-12,Chubut,8845.09232258065
2018,12,2018-12,Estado Nacional,12303.7980645161
2018,12,2018-12,Formosa,59.8125806451613
2018,12,2018-12,Jujuy,8.84645161290323
2018,12,2018-12,La Pampa,816.014193548387
2018,12,2018-12,Mendoza,4192.38286258097
2018,12,2018-12,Neuquén,67804.9729354839
2018,12,2018-12,Rio Negro,5467.71803225806
2018,12,2018-12,Salta,5340.22241935484
2018,12,2018-12,San Juan,0
2018,12,2018-12,Santa Cruz,12467.7354946774
2018,12,2018-12,Tierra del Fuego,11415.5163548387
2019,1,2019-01,Chubut,8720.76773225806
2019,1,2019-01,Estado Nacional,12471.1883870968
2019,1,2019-01,Formosa,62.6238709677419
2019,1,2019-01,Jujuy,9.15548387096774
2019,1,2019-01,La Pampa,658.63
2019,1,2019-01,Mendoza,4085.03086677452
2019,1,2019-01,Neuquén,69000.2627419355
2019,1,2019-01,Rio Negro,5743.72093548387
2019,1,2019-01,Salta,5196.56319354839
2019,1,2019-01,San Juan,0
2019,1,2019-01,Santa Cruz,12016.3190469032
2019,1,2019-01,Tierra del Fuego,11074.2684516129
2019,2,2019-02,Chubut,8885.02410714286
2019,2,2019-02,Estado Nacional,13206.8414285714
2019,2,2019-02,Formosa,54.3660714285714
2019,2,2019-02,Jujuy,9.27107142857143
2019,2,2019-02,La Pampa,751.843214285714
2019,2,2019-02,Mendoza,4299.02539107214
2019,2,2019-02,Neuquén,73498.6529642857
2019,2,2019-02,Rio Negro,5869.39103571429
2019,2,2019-02,Salta,5091.31996428571
2019,2,2019-02,San Juan,0
2019,2,2019-02,Santa Cruz,11949.2259161786
2019,2,2019-02,Tierra del Fuego,11048.6151428571
2019,3,2019-03,Chubut,8978.3545483871
2019,3,2019-03,Estado Nacional,13445.404516129
2019,3,2019-03,Formosa,62.341935483871
2019,3,2019-03,Jujuy,9.08887096774193
2019,3,2019-03,La Pampa,771.303548387097
2019,3,2019-03,Mendoza,4053.89128032226
2019,3,2019-03,Neuquén,68231.5082258065
2019,3,2019-03,Rio Negro,5797.93909677419
2019,3,2019-03,Salta,5015.2504516129
2019,3,2019-03,San Juan,0
2019,3,2019-03,Santa Cruz,12495.0273216774
2019,3,2019-03,Tierra del Fuego,10627.1260967742
2019,4,2019-04,Chubut,8920.1144
2019,4,2019-04,Estado Nacional,14304.9473333333
2019,4,2019-04,Formosa,60.891
2019,4,2019-04,Jujuy,9.20266666666667
2019,4,2019-04,La Pampa,732.3841
2019,4,2019-04,Mendoza,3924.01821
2019,4,2019-04,Neuquén,70451.8150333333
2019,4,2019-04,Rio Negro,5836.95033333333
2019,4,2019-04,Salta,5071.1004
2019,4,2019-04,San Juan,0
2019,4,2019-04,Santa Cruz,12599.5339870333
2019,4,2019-04,Tierra del Fuego,9716.7933
2019,5,2019-05,Chubut,8815.40822580645
2019,5,2019-05,Estado Nacional,15321.2283870968
2019,5,2019-05,Formosa,49.2096774193548
2019,5,2019-05,Jujuy,8.75903225806452
2019,5,2019-05,La Pampa,904.484677419355
2019,5,2019-05,Mendoza,3738.62512133623
2019,5,2019-05,Neuquén,74057.0023548387
2019,5,2019-05,Rio Negro,6110.67538709677
2019,5,2019-05,Salta,5050.84593548387
2019,5,2019-05,Santa Cruz,12470.6596941977
2019,5,2019-05,Tierra del Fuego,10433.7201612903
2019,6,2019-06,Chubut,8954.237
2019,6,2019-06,Estado Nacional,15331.8146666667
2019,6,2019-06,Formosa,61.7605666666667
2019,6,2019-06,Jujuy,9.75616666666667
2019,6,2019-06,La Pampa,939.616033333333
2019,6,2019-06,Mendoza,3759.864987
2019,6,2019-06,Neuquén,76832.2482666667
2019,6,2019-06,Rio Negro,6101.69203333333
2019,6,2019-06,Salta,5028.38463333333
2019,6,2019-06,Santa Cruz,12341.0557571667
2019,6,2019-06,Tierra del Fuego,10635.2516666667
2019,7,2019-07,Chubut,8951.56551612903
2019,7,2019-07,Estado Nacional,16051.7119354839
2019,7,2019-07,Formosa,58.2216129032258
2019,7,2019-07,Jujuy,9.64258064516129
2019,7,2019-07,La Pampa,942.611290322581
2019,7,2019-07,Mendoza,3717.15847354871
2019,7,2019-07,Neuquén,80337.4734516129
2019,7,2019-07,Rio Negro,6287.5024516129
2019,7,2019-07,Salta,4925.035
2019,7,2019-07,Santa Cruz,12274.4963353226
2019,7,2019-07,Tierra del Fuego,10863.1080645161
2019,8,2019-08,Chubut,8836.85688699655
2019,8,2019-08,Estado Nacional,15924.8877419355
2019,8,2019-08,Formosa,54.5258064516129
2019,8,2019-08,Jujuy,9.85225806451613
2019,8,2019-08,La Pampa,985.858322580645
2019,8,2019-08,Mendoza,3794.95606516129
2019,8,2019-08,Neuquén,80426.5627476462
2019,8,2019-08,Rio Negro,6402.877
2019,8,2019-08,Salta,4891.40396774194
2019,8,2019-08,Santa Cruz,12878.5440361613
2019,8,2019-08,Tierra del Fuego,10216.4873870968
2019,9,2019-09,Chubut,8523.00666995713
2019,9,2019-09,Estado Nacional,14535.6783333333
2019,9,2019-09,Formosa,55.9423333333333
2019,9,2019-09,Jujuy,8.78166666666667
2019,9,2019-09,La Pampa,914.115333333333
2019,9,2019-09,Mendoza,3654.65873433341
2019,9,2019-09,Neuquén,75472.1434583207
2019,9,2019-09,Rio Negro,6286.10523333333
2019,9,2019-09,Salta,4871.29236666667
2019,9,2019-09,Santa Cruz,12948.3350591667
2019,9,2019-09,Tierra del Fuego,10673.1257
2019,10,2019-10,Chubut,8563.53443257168
2019,10,2019-10,Estado Nacional,15295.0393548387
2019,10,2019-10,Formosa,58.0770967741935
2019,10,2019-10,Jujuy,9.47354838709678
2019,10,2019-10,La Pampa,924.088709677419
2019,10,2019-10,Mendoza,3351.00885580613
2019,10,2019-10,Neuquén,78224.3375806452
2019,10,2019-10,Rio Negro,6117.27096774194
2019,10,2019-10,Salta,4920.30893548387
2019,10,2019-10,Santa Cruz,12807.9308977097
2019,10,2019-10,Tierra del Fuego,9629.78441935484
2019,11,2019-11,Chubut,8370.2060344033
2019,11,2019-11,Estado Nacional,14059.1816666667
2019,11,2019-11,Formosa,59.35
2019,11,2019-11,Jujuy,9.38333333333333
2019,11,2019-11,La Pampa,858.711333333333
2019,11,2019-11,Mendoza,3283.92290399967
2019,11,2019-11,Neuquén,68858.3604173333
2019,11,2019-11,Rio Negro,5766.4226
2019,11,2019-11,Salta,4875.77086666667
2019,11,2019-11,Santa Cruz,12389.4787864667
2019,11,2019-11,Tierra del Fuego,8453.75073333333
2019,12,2019-12,Chubut,8128.29660017239
2019,12,2019-12,Estado Nacional,12830.4851612903
2019,12,2019-12,Formosa,57.5467741935484
2019,12,2019-12,Jujuy,10.03
2019,12,2019-12,La Pampa,854.337903225806
2019,12,2019-12,Mendoza,3170.12142032226
2019,12,2019-12,Neuquén,69353.0860645161
2019,12,2019-12,Rio Negro,5903.41025806452
2019,12,2019-12,Salta,4847.35009677419
2019,12,2019-12,Santa Cruz,12269.2326037742
2019,12,2019-12,Tierra del Fuego,9441.7305483871
2020,1,2020-01,Chubut,8404.12089627622
2020,1,2020-01,Estado Nacional,13657.2819354839
2020,1,2020-01,Formosa,71.2961290322581
2020,1,2020-01,Jujuy,9.14564516129032
2020,1,2020-01,La Pampa,920.241935483871
2020,1,2020-01,Mendoza,2964.71372709645
2020,1,2020-01,Neuquén,72165.7688709677
2020,1,2020-01,Rio Negro,5756.87206451613
2020,1,2020-01,Salta,4827.41041935484
2020,1,2020-01,Santa Cruz,12226.5000652903
2020,1,2020-01,Tierra del Fuego,9228.99151612903
2020,2,2020-02,Chubut,8125.40900398786
2020,2,2020-02,Estado Nacional,12979.2520689655
2020,2,2020-02,Formosa,58.5968965517241
2020,2,2020-02,Jujuy,9.07862068965517
2020,2,2020-02,La Pampa,940.006034482759
2020,2,2020-02,Mendoza,2858.00613551759
2020,2,2020-02,Neuquén,70687.181137931
2020,2,2020-02,Rio Negro,5602.08631034483
2020,2,2020-02,Salta,4717.27689655172
2020,2,2020-02,Santa Cruz,12014.390796
2020,2,2020-02,Tierra del Fuego,9724.7555862069
2020,3,2020-03,Chubut,8716.26134395
2020,3,2020-03,Estado Nacional,13376.2429032258
2020,3,2020-03,Formosa,55.9683870967742
2020,3,2020-03,Jujuy,9.25225806451613
2020,3,2020-03,La Pampa,875.069677419355
2020,3,2020-03,Mendoza,2774.03523774161
2020,3,2020-03,Neuquén,69048.8009032258
2020,3,2020-03,Rio Negro,5545.95619354839
2020,3,2020-03,Salta,4735.00651612903
2020,3,2020-03,Santa Cruz,11590.4752069677
2020,3,2020-03,Tierra del Fuego,9894.17809677419
2020,4,2020-04,Chubut,8427.51266428203
2020,4,2020-04,Estado Nacional,11664.5673333333
2020,4,2020-04,Formosa,55.4
2020,4,2020-04,Jujuy,9.45433333333333
2020,4,2020-04,La Pampa,664.2654
2020,4,2020-04,Mendoza,2598.97239433333
2020,4,2020-04,Neuquén,62459.7187
2020,4,2020-04,Rio Negro,4902.12649666667
2020,4,2020-04,Salta,4661.06226666667
2020,4,2020-04,Santa Cruz,11459.1781021667
2020,4,2020-04,Tierra del Fuego,9837.9662
2020,5,2020-05,Chubut,8182.90460133913
2020,5,2020-05,Estado Nacional,14963.3912903226
2020,5,2020-05,Formosa,51.4751612903226
2020,5,2020-05,Jujuy,9.81741935483871
2020,5,2020-05,La Pampa,827.592806451613
2020,5,2020-05,Mendoza,2457.89225774226
2020,5,2020-05,Neuquén,67584.2393870968
2020,5,2020-05,Rio Negro,4704.69305483871
2020,5,2020-05,Salta,4601.38825806452
2020,5,2020-05,Santa Cruz,11130.5111347419
2020,5,2020-05,Tierra del Fuego,9957.23303225806
2020,6,2020-06,Chubut,8040.3737
2020,6,2020-06,Estado Nacional,15146.6883333333
2020,6,2020-06,Formosa,49.8663333333333
2020,6,2020-06,Jujuy,9.95166666666667
2020,6,2020-06,La Pampa,783.641
2020,6,2020-06,Mendoza,2388.79979999967
2020,6,2020-06,Neuquén,69064.7821646667
2020,6,2020-06,Rio Negro,5163.21664666667
2020,6,2020-06,Salta,4556.1624
2020,6,2020-06,Santa Cruz,10725.1260514667
2020,6,2020-06,Tierra del Fuego,10093.1411
2020,7,2020-07,Chubut,7831.15993548387
2020,7,2020-07,Estado Nacional,15169.2658064516
2020,7,2020-07,Formosa,50.991935483871
2020,7,2020-07,Jujuy,9.28967741935484
2020,7,2020-07,La Pampa,775.993225806452
2020,7,2020-07,Mendoza,2354.68710096742
2020,7,2020-07,Neuquén,70673.5915712903
2020,7,2020-07,Rio Negro,5289.72493870968
2020,7,2020-07,Salta,4561.88535483871
2020,7,2020-07,Santa Cruz,10276.5592741935
2020,7,2020-07,Tierra del Fuego,9834.73638709677
2020,8,2020-08,Chubut,7671.94196774194
2020,8,2020-08,Estado Nacional,14844.8651290323
2020,8,2020-08,Formosa,48.7054838709677
2020,8,2020-08,Jujuy,18.2735483870968
2020,8,2020-08,La Pampa,756.653870967742
2020,8,2020-08,Mendoza,2396.73461516129
2020,8,2020-08,Neuquén,70516.0966287097
2020,8,2020-08,Rio Negro,5107.00553548387
2020,8,2020-08,Salta,4456.11764516129
2020,8,2020-08,Santa Cruz,10022.2706401935
2020,8,2020-08,Tierra del Fuego,9833.47774193548
2020,9,2020-09,Chubut,7958.0464
2020,9,2020-09,Estado Nacional,14913.3396333333
2020,9,2020-09,Formosa,48.2856666666667
2020,9,2020-09,Jujuy,19.4413333333333
2020,9,2020-09,La Pampa,745.264333333333
2020,9,2020-09,Mendoza,2365.509151667
2020,9,2020-09,Neuquén,67221.103508
2020,9,2020-09,Rio Negro,4926.74135666667
2020,9,2020-09,Salta,4562.0117
2020,9,2020-09,Santa Cruz,10326.8601414667
2020,9,2020-09,Tierra del Fuego,9767.16383333333
2020,10,2020-10,Chubut,7909.06996774194
2020,10,2020-10,Estado Nacional,14954.6516129032
2020,10,2020-10,Formosa,43.8312903225806
2020,10,2020-10,Jujuy,18.2206451612903
2020,10,2020-10,La Pampa,708.605483870968
2020,10,2020-10,Mendoza,2322.0482196771
2020,10,2020-10,Neuquén,66388.2939999968
2020,10,2020-10,Rio Negro,4749.53686451613
2020,10,2020-10,Salta,4601.50680645161
2020,10,2020-10,Santa Cruz,10464.68618
2020,10,2020-10,Tierra del Fuego,9720.71964516129
2020,11,2020-11,Chubut,7825.9824
2020,11,2020-11,Estado Nacional,14703.2003333333
2020,11,2020-11,Formosa,21.278
2020,11,2020-11,Jujuy,17.4481333333333
2020,11,2020-11,La Pampa,717.065666666667
2020,11,2020-11,Mendoza,2335.23784566633
2020,11,2020-11,Neuquén,61619.438426
2020,11,2020-11,Rio Negro,4578.20205333333
2020,11,2020-11,Salta,4510.63833333333
2020,11,2020-11,Santa Cruz,9923.32699619
2020,11,2020-11,Tierra del Fuego,9475.8051
2020,12,2020-12,Chubut,7867.51264516129
2020,12,2020-12,Estado Nacional,13952.362516129
2020,12,2020-12,Formosa,19.7451612903226
2020,12,2020-12,Jujuy,19.165935483871
2020,12,2020-12,La Pampa,708.887612903226
2020,12,2020-12,Mendoza,2302.36919129032
2020,12,2020-12,Neuquén,60539.7415270968
2020,12,2020-12,Rio Negro,4414.46319354839
2020,12,2020-12,Salta,4399.92070967742
2020,12,2020-12,Santa Cruz,10381.8116569032
2020,12,2020-12,Tierra del Fuego,9267.22651612903
2021,1,2021-01,Chubut,7988.34148387097
2021,1,2021-01,Estado Nacional,14496.6966451613
2021,1,2021-01,Formosa,24.4181483870968
2021,1,2021-01,Jujuy,18.741935483871
2021,1,2021-01,La Pampa,707.136419354839
2021,1,2021-01,Mendoza,2203.65899645194
2021,1,2021-01,Neuquén,62090.5010519355
2021,1,2021-01,Rio Negro,4430.50335806452
2021,1,2021-01,Salta,4389.82448387097
2021,1,2021-01,Santa Cruz,10222.9010010645
2021,1,2021-01,Tierra del Fuego,9442.131
2021,2,2021-02,Chubut,7862.99032142857
2021,2,2021-02,Estado Nacional,14480.0251071429
2021,2,2021-02,Formosa,35.8042857142857
2021,2,2021-02,Jujuy,19.3682142857143
2021,2,2021-02,La Pampa,693.144107142857
2021,2,2021-02,Mendoza,2124.85687035714
2021,2,2021-02,Neuquén,61361.7017857143
2021,2,2021-02,Rio Negro,4358.81418214286
2021,2,2021-02,Salta,4333.80578571429
2021,2,2021-02,Santa Cruz,9936.97973082143
2021,2,2021-02,Tierra del Fuego,9371.73514285714
2021,3,2021-03,Chubut,7951.10319354839
2021,3,2021-03,Estado Nacional,13525.358
2021,3,2021-03,Formosa,29.9203225806452
2021,3,2021-03,Jujuy,19.4348387096774
2021,3,2021-03,La Pampa,700.854129032258
2021,3,2021-03,Mendoza,2175.91183516065
2021,3,2021-03,Neuquén,62986.5761283871
2021,3,2021-03,Rio Negro,4219.16489677419
2021,3,2021-03,Salta,4358.37616129032
2021,3,2021-03,Santa Cruz,9869.11262248387
2021,3,2021-03,Tierra del Fuego,8688.13325806452
2021,4,2021-04,Chubut,7856.21053333333
2021,4,2021-04,Estado Nacional,14508.5436
2021,4,2021-04,Formosa,26.1146666666667
2021,4,2021-04,Jujuy,18.2006666666667
2021,4,2021-04,La Pampa,682.006766666667
2021,4,2021-04,Mendoza,2062.03783600033
2021,4,2021-04,Neuquén,61567.6907413333
2021,4,2021-04,Rio Negro,4289.66422666667
2021,4,2021-04,Salta,4278.12776666667
2021,4,2021-04,Santa Cruz,9753.58453416667
2021,4,2021-04,Tierra del Fuego,9197.73086666667
2021,5,2021-05,Chubut,7820.2564516129
2021,5,2021-05,Estado Nacional,14427.1760322581
2021,5,2021-05,Formosa,16.2506328049032
2021,5,2021-05,Jujuy,18.518064516129
2021,5,2021-05,La Pampa,733.058096774194
2021,5,2021-05,Mendoza,2100.09039677419
2021,5,2021-05,Neuquén,68673.3694774193
2021,5,2021-05,Rio Negro,4426.41049677419
2021,5,2021-05,Salta,4238.93174193548
2021,5,2021-05,Santa Cruz,9708.63040167742
2021,5,2021-05,Tierra del Fuego,9123.9415483871
2021,6,2021-06,Chubut,8152.24544333333
2021,6,2021-06,Estado Nacional,14203.889
2021,6,2021-06,Formosa,12.6036666666667
2021,6,2021-06,Jujuy,9.14166666666667
2021,6,2021-06,La Pampa,713.194666666667
2021,6,2021-06,Mendoza,2099.46510000067
2021,6,2021-06,Neuquén,74658.121367
2021,6,2021-06,Rio Negro,4650.19326333333
2021,6,2021-06,Salta,4234.38816666667
2021,6,2021-06,Santa Cruz,9546.8406228
2021,6,2021-06,Tierra del Fuego,8742.80826666667
2021,7,2021-07,Chubut,8062.65612903226
2021,7,2021-07,Estado Nacional,14375.1892258065
2021,7,2021-07,Formosa,17.3441935483871
2021,7,2021-07,Jujuy,8.1241935483871
2021,7,2021-07,La Pampa,708.433161290323
2021,7,2021-07,Mendoza,2077.7033871029
2021,7,2021-07,Neuquén,78164.158883871
2021,7,2021-07,Rio Negro,4668.6284516129
2021,7,2021-07,Salta,4194.85216129032
2021,7,2021-07,Santa Cruz,9555.75809019355
2021,7,2021-07,Tierra del Fuego,8896.36725806452
2021,8,2021-08,Chubut,8112.53933548387
2021,8,2021-08,Estado Nacional,14436.2173225806
2021,8,2021-08,Formosa,33.7362891828955
2021,8,2021-08,Jujuy,8.28548387096774
2021,8,2021-08,La Pampa,709.348387096774
2021,8,2021-08,Mendoza,1975.81887096774
2021,8,2021-08,Neuquén,81057.0408503226
2021,8,2021-08,Rio Negro,4756.17224193548
2021,8,2021-08,Salta,4117.42029032258
2021,8,2021-08,Santa Cruz,9598.56552467742
2021,8,2021-08,Tierra del Fuego,8920.22706451613
2021,9,2021-09,Chubut,7746.50592
2021,9,2021-09,Estado Nacional,14329.3459666667
2021,9,2021-09,Formosa,59.7993333333333
2021,9,2021-09,Jujuy,8.22766666666667
2021,9,2021-09,La Pampa,688.883
2021,9,2021-09,Mendoza,1867.9423
2021,9,2021-09,Neuquén,80875.6010006667
2021,9,2021-09,Rio Negro,4643.98008
2021,9,2021-09,Salta,4084.43976666667
2021,9,2021-09,Santa Cruz,9498.37721203333
2021,9,2021-09,Tierra del Fuego,8869.5769
2021,10,2021-10,Chubut,7612.7644516129
2021,10,2021-10,Estado Nacional,13449.087483871
2021,10,2021-10,Formosa,45.4090322580645
2021,10,2021-10,Jujuy,8.18903225806452
2021,10,2021-10,La Pampa,685.807451612903
2021,10,2021-10,Mendoza,1856.91583870958
2021,10,2021-10,Neuquén,77025.3581935484
2021,10,2021-10,Rio Negro,4648.29533870968
2021,10,2021-10,Salta,4006.38874193548
2021,10,2021-10,Santa Cruz,9424.22539690323
2021,10,2021-10,Tierra del Fuego,8467.66993548387
2021,11,2021-11,Chubut,7535.49761666667
2021,11,2021-11,Estado Nacional,13766.0534666667
2021,11,2021-11,Formosa,33.2396666666667
2021,11,2021-11,Jujuy,8.336
2021,11,2021-11,La Pampa,692.7951
2021,11,2021-11,Mendoza,1835.49166666709
2021,11,2021-11,Neuquén,77535.1836176667
2021,11,2021-11,Rio Negro,4433.38881333333
2021,11,2021-11,Salta,4005.18656666667
2021,11,2021-11,Santa Cruz,9414.07687156667
2021,11,2021-11,Tierra del Fuego,8618.83083333333
2021,12,2021-12,Chubut,7708.8698
2021,12,2021-12,Estado Nacional,13368.6561935484
2021,12,2021-12,Formosa,35.82
2021,12,2021-12,Jujuy,8.28774193548387
2021,12,2021-12,La Pampa,711.631483870968
2021,12,2021-12,Mendoza,1827.617725847
2021,12,2021-12,Neuquén,78989.1522580645
2021,12,2021-12,Rio Negro,4229.88267096774
2021,12,2021-12,Salta,3978.60770967742
2021,12,2021-12,Santa Cruz,9367.3601916129
2021,12,2021-12,Tierra del Fuego,8636.04983870968
2022,1,2022-01,Chubut,7865.97768387097
2022,1,2022-01,Estado Nacional,13229.5903548387
2022,1,2022-01,Formosa,39.2722580645161
2022,1,2022-01,Jujuy,8.40903225806452
2022,1,2022-01,La Pampa,714.260046528064
2022,1,2022-01,Mendoza,1812.79935038226
2022,1,2022-01,Neuquén,80705.5727741936
2022,1,2022-01,Rio Negro,4085.48809032258
2022,1,2022-01,Salta,3901.76864516129
2022,1,2022-01,Santa Cruz,9276.12073248387
2022,1,2022-01,Tierra del Fuego,8314.14677419355
2022,2,2022-02,Chubut,8021.68387857143
2022,2,2022-02,Estado Nacional,13901.9492857143
2022,2,2022-02,Formosa,45.0339285714286
2022,2,2022-02,Jujuy,8.46142857142857
2022,2,2022-02,La Pampa,710.346142857143
2022,2,2022-02,Mendoza,1800.73932142821
2022,2,2022-02,Neuquén,77761.4215
2022,2,2022-02,Rio Negro,3921.45435357143
2022,2,2022-02,Salta,3902.97025
2022,2,2022-02,Santa Cruz,9172.78762267857
2022,2,2022-02,Tierra del Fuego,8080.16471428571
2022,3,2022-03,Chubut,8234.62012580645
2022,3,2022-03,Estado Nacional,10151.302
2022,3,2022-03,Formosa,39.7932258064516
2022,3,2022-03,Jujuy,8.55241935483871
2022,3,2022-03,La Pampa,727.752290322581
2022,3,2022-03,Mendoza,1830.14168804389
2022,3,2022-03,Neuquén,81127.2856129032
2022,3,2022-03,Rio Negro,3852.06392580645
2022,3,2022-03,Salta,3890.65187096774
2022,3,2022-03,Santa Cruz,9219.57782570968
2022,3,2022-03,Tierra del Fuego,6394.71651612903
2022,4,2022-04,Chubut,7950.621236
2022,4,2022-04,Estado Nacional,13640.0909
2022,4,2022-04,Formosa,29.2216666666667
2022,4,2022-04,Jujuy,8.498
2022,4,2022-04,La Pampa,744.283566666667
2022,4,2022-04,Mendoza,1836.58910349304
2022,4,2022-04,Neuquén,78321.9576666667
2022,4,2022-04,Rio Negro,3778.94665333333
2022,4,2022-04,Salta,3854.9607
2022,4,2022-04,Santa Cruz,8987.82909326667
2022,4,2022-04,Tierra del Fuego,8221.0515
2022,5,2022-05,Chubut,7949.06796774193
2022,5,2022-05,Estado Nacional,13296.3437741935
2022,5,2022-05,Formosa,23.6893548387097
2022,5,2022-05,Jujuy,8.56064516129032
2022,5,2022-05,La Pampa,725.154774193548
2022,5,2022-05,Mendoza,1754.60086612886
2022,5,2022-05,Neuquén,87392.2123870968
2022,5,2022-05,Rio Negro,3829.56913870968
2022,5,2022-05,Salta,3814.805
2022,5,2022-05,Santa Cruz,9392.56159625807
2022,5,2022-05,Tierra del Fuego,8156.82006451613
2022,6,2022-06,Chubut,8116.09088666667
2022,6,2022-06,Estado Nacional,13621.199
2022,6,2022-06,Formosa,18.0233333333333
2022,6,2022-06,Jujuy,8.43466666666667
2022,6,2022-06,La Pampa,737.927433333333
2022,6,2022-06,Mendoza,1753.33363499944
2022,6,2022-06,Neuquén,90188.9063
2022,6,2022-06,Rio Negro,3928.52349666667
2022,6,2022-06,Salta,3797.8056
2022,6,2022-06,Santa Cruz,9312.5035978
2022,6,2022-06,Tierra del Fuego,8268.3924
2022,7,2022-07,Chubut,8047.02290322581
2022,7,2022-07,Estado Nacional,13559.9247096774
2022,7,2022-07,Formosa,20.9441935483871
2022,7,2022-07,Jujuy,8.35274193548387
2022,7,2022-07,La Pampa,766.88
2022,7,2022-07,Mendoza,1715.58027193553
2022,7,2022-07,Neuquén,91157.7333225807
2022,7,2022-07,Rio Negro,3996.93705483871
2022,7,2022-07,Salta,3801.06016129032
2022,7,2022-07,Santa Cruz,9105.00211867742
2022,7,2022-07,Tierra del Fuego,8296.24129032258
2022,8,2022-08,Chubut,8392.04570322581
2022,8,2022-08,Estado Nacional,13471.9402580645
2022,8,2022-08,Formosa,21.9696774193548
2022,8,2022-08,Jujuy,8.01612903225806
2022,8,2022-08,La Pampa,769.641
2022,8,2022-08,Mendoza,1736.37245741957
2022,8,2022-08,Neuquén,91589.3186774194
2022,8,2022-08,Rio Negro,4180.68559032258
2022,8,2022-08,Salta,3784.60306451613
2022,8,2022-08,Santa Cruz,9496.29525970968
2022,8,2022-08,Tierra del Fuego,8327.71470967742
2022,9,2022-09,Chubut,8087.7112
2022,9,2022-09,Estado Nacional,13437.914
2022,9,2022-09,Formosa,17.6833333333333
2022,9,2022-09,Jujuy,8.112
2022,9,2022-09,La Pampa,764.244866666667
2022,9,2022-09,Mendoza,1717.31424033333
2022,9,2022-09,Neuquén,86664.2741333333
2022,9,2022-09,Rio Negro,4150.58143
2022,9,2022-09,Salta,3787.97296666667
2022,9,2022-09,Santa Cruz,9476.8722508
2022,9,2022-09,Tierra del Fuego,8235.24713333333
2022,10,2022-10,Chubut,7897.0688
2022,10,2022-10,Estado Nacional,13067.4633225806
2022,10,2022-10,Formosa,17.9193548387097
2022,10,2022-10,Jujuy,8.19
2022,10,2022-10,La Pampa,777.720258064516
2022,10,2022-10,Mendoza,1697.15098064323
2022,10,2022-10,Neuquén,83840.3451935484
2022,10,2022-10,Rio Negro,4049.70751935484
2022,10,2022-10,Salta,3765.73332258065
2022,10,2022-10,Santa Cruz,9668.93628470968
2022,10,2022-10,Tierra del Fuego,8190.87264516129
2022,11,2022-11,Chubut,7974.13978666667
2022,11,2022-11,Estado Nacional,13227.9858333333
2022,11,2022-11,Formosa,20.1333333333333
2022,11,2022-11,Jujuy,7.81533333333333
2022,11,2022-11,La Pampa,785.375833333333
2022,11,2022-11,Mendoza,1671.65388
2022,11,2022-11,Neuquén,77990.7773666667
2022,11,2022-11,Rio Negro,3975.91955
2022,11,2022-11,Salta,3716.54623333333
2022,11,2022-11,Santa Cruz,9304.07964666667
2022,11,2022-11,Tierra del Fuego,8079.1586
2022,12,2022-12,Chubut,7976.5821
2022,12,2022-12,Estado Nacional,13213.202516129
2022,12,2022-12,Formosa,22.7412903225806
2022,12,2022-12,Jujuy,7.76645161290323
2022,12,2022-12,La Pampa,745.082677419355
2022,12,2022-12,Mendoza,1624.59473709677
2022,12,2022-12,Neuquén,80624.9269354839
2022,12,2022-12,Rio Negro,3951.48158709677
2022,12,2022-12,Salta,3688.47051612903
2022,12,2022-12,Santa Cruz,9292.44515609677
2022,12,2022-12,Tierra del Fuego,7894.14148387097
2023,1,2023-01,Chubut,7773.66729032258
2023,1,2023-01,Estado Nacional,13019.4322580645
2023,1,2023-01,Formosa,22.0325806451613
2023,1,2023-01,Jujuy,7.93096774193548
2023,1,2023-01,La Pampa,727.953290322581
2023,1,2023-01,Mendoza,1604.81910870968
2023,1,2023-01,Neuquén,81237.3338387097
2023,1,2023-01,Rio Negro,3836.9182483871
2023,1,2023-01,Salta,3680.61529032258
2023,1,2023-01,Santa Cruz,9098.75489932258
2023,1,2023-01,Tierra del Fuego,8018.6815483871
2023,2,2023-02,Chubut,7760.62584642857
2023,2,2023-02,Estado Nacional,12937.3452857143
2023,2,2023-02,Formosa,21.6785714285714
2023,2,2023-02,Jujuy,8.32607142857143
2023,2,2023-02,La Pampa,722.15225
2023,2,2023-02,Mendoza,1620.9333
2023,2,2023-02,Neuquén,82307.0285357143
2023,2,2023-02,Rio Negro,3856.77526428571
2023,2,2023-02,Salta,3660.28110714286
2023,2,2023-02,Santa Cruz,9362.29634075
2023,2,2023-02,Tierra del Fuego,7933.841
2023,3,2023-03,Chubut,7666.42803225806
2023,3,2023-03,Estado Nacional,12885.5437741935
2023,3,2023-03,Formosa,20.4838709677419
2023,3,2023-03,Jujuy,8.1841935483871
2023,3,2023-03,La Pampa,697.934516129032
2023,3,2023-03,Mendoza,1602.38187322581
2023,3,2023-03,Neuquén,81668.3524193548
2023,3,2023-03,Rio Negro,3658.57470322581
2023,3,2023-03,Salta,3606.73183870968
2023,3,2023-03,Santa Cruz,9149.21938764516
2023,3,2023-03,Tierra del Fuego,7889.91732258065
2023,4,2023-04,Chubut,7405.07218333333
2023,4,2023-04,Estado Nacional,12257.0247333333
2023,4,2023-04,Formosa,20.0333333333333
2023,4,2023-04,Jujuy,8.071
2023,4,2023-04,La Pampa,689.9738
2023,4,2023-04,Mendoza,1614.05403833333
2023,4,2023-04,Neuquén,83123.1233666667
2023,4,2023-04,Rio Negro,3678.55371333333
2023,4,2023-04,Salta,3593.55103333333
2023,4,2023-04,Santa Cruz,8814.32673643333
2023,4,2023-04,Tierra del Fuego,7579.20853333333
2023,5,2023-05,Chubut,7566.73769677419
2023,5,2023-05,Estado Nacional,12726.1235483871
2023,5,2023-05,Formosa,21.8064516129032
2023,5,2023-05,Jujuy,8.03887096774194
2023,5,2023-05,La Pampa,702.860225806452
2023,5,2023-05,Mendoza,1604.17789516129
2023,5,2023-05,Neuquén,88098.0709677419
2023,5,2023-05,Rio Negro,3582.49600322581
2023,5,2023-05,Salta,3571.77887096774
2023,5,2023-05,Santa Cruz,9408.23574970968
2023,5,2023-05,Tierra del Fuego,7684.65338709677
2023,6,2023-06,Chubut,7723.27638
2023,6,2023-06,Estado Nacional,12884.5678
2023,6,2023-06,Formosa,20.5
2023,6,2023-06,Jujuy,7.461
2023,6,2023-06,La Pampa,706.287233333333
2023,6,2023-06,Mendoza,1586.176514
2023,6,2023-06,Neuquén,91024.6513333333
2023,6,2023-06,Rio Negro,3556.63799
2023,6,2023-06,Salta,3560.25563333333
2023,6,2023-06,Santa Cruz,9310.47953053333
2023,6,2023-06,Tierra del Fuego,7837.4619
2023,7,2023-07,Chubut,7835.44588709677
2023,7,2023-07,Estado Nacional,12770.4767419355
2023,7,2023-07,Formosa,19.29
2023,7,2023-07,Jujuy,7.9541935483871
2023,7,2023-07,La Pampa,688.120677419355
2023,7,2023-07,Mendoza,1567.07979870968
2023,7,2023-07,Neuquén,91424.061516129
2023,7,2023-07,Rio Negro,3604.15974516129
2023,7,2023-07,Salta,3540.41674193548
2023,7,2023-07,Santa Cruz,9020.54804616129
2023,7,2023-07,Tierra del Fuego,7689.74351612903
2023,8,2023-08,Chubut,7826.57696129032
2023,8,2023-08,Estado Nacional,12707.0543225806
2023,8,2023-08,Formosa,17.1935483870968
2023,8,2023-08,Jujuy,8.00741935483871
2023,8,2023-08,La Pampa,667.758258064516
2023,8,2023-08,Mendoza,1526.54328129032
2023,8,2023-08,Neuquén,97812.1107677419
2023,8,2023-08,Rio Negro,3582.02260967742
2023,8,2023-08,Salta,3513.74648387097
2023,8,2023-08,Santa Cruz,9178.66656074194
2023,8,2023-08,Tierra del Fuego,7580.45587096774
2023,9,2023-09,Chubut,7790.29915
2023,9,2023-09,Estado Nacional,12621.0612333333
2023,9,2023-09,Formosa,17.9996666666667
2023,9,2023-09,Jujuy,8.03866666666667
2023,9,2023-09,La Pampa,690.660366666667
2023,9,2023-09,Mendoza,1500.01844666667
2023,9,2023-09,Neuquén,96818.7271666667
2023,9,2023-09,Rio Negro,3555.44948333333
2023,9,2023-09,Salta,3482.01883333333
2023,9,2023-09,Santa Cruz,9200.30811936667
2023,9,2023-09,Tierra del Fuego,7546.196
2023,10,2023-10,Chubut,7788.54353225807
2023,10,2023-10,Estado Nacional,12330.9235483871
2023,10,2023-10,Formosa,17.6451612903226
2023,10,2023-10,Jujuy,7.71290322580645
2023,10,2023-10,La Pampa,684.751516129032
2023,10,2023-10,Mendoza,1527.57138709677
2023,10,2023-10,Neuquén,79963.0660967742
2023,10,2023-10,Rio Negro,3543.14063548387
2023,10,2023-10,Salta,3468.72451612903
2023,10,2023-10,Santa Cruz,9537.95158283871
2023,10,2023-10,Tierra del Fuego,7110.37664516129
2023,11,2023-11,Chubut,7516.84263333333
2023,11,2023-11,Estado Nacional,11363.0586666667
2023,11,2023-11,Formosa,16.9333333333333
2023,11,2023-11,Jujuy,8.008
2023,11,2023-11,La Pampa,651.1527
2023,11,2023-11,Mendoza,1538.79836666667
2023,11,2023-11,Neuquén,82223.0292666667
2023,11,2023-11,Rio Negro,3390.72777333333
2023,11,2023-11,Salta,3442.5296
2023,11,2023-11,Santa Cruz,9133.32695326667
2023,11,2023-11,Tierra del Fuego,7046.2833
2023,12,2023-12,Chubut,7544.09695806452
2023,12,2023-12,Estado Nacional,10763.8956774194
2023,12,2023-12,Formosa,16.0967741935484
2023,12,2023-12,Jujuy,7.80677419354839
2023,12,2023-12,La Pampa,630.056290322581
2023,12,2023-12,Mendoza,1543.01619677419
2023,12,2023-12,Neuquén,72547.6598064516
2023,12,2023-12,Rio Negro,3328.55330322581
2023,12,2023-12,Salta,3427.96148387097
2023,12,2023-12,Santa Cruz,9172.44389390323
2023,12,2023-12,Tierra del Fuego,5180.04906451613
2024,1,2024-01,Chubut,7335.97167741935
2024,1,2024-01,Estado Nacional,11916.9767096774
2024,1,2024-01,Formosa,17.9677419354839
2024,1,2024-01,Jujuy,7.54774193548387
2024,1,2024-01,La Pampa,640.374451612903
2024,1,2024-01,Mendoza,1504.60806451613
2024,1,2024-01,Neuquén,81862.9990322581
2024,1,2024-01,Rio Negro,3302.79832903226
2024,1,2024-01,Salta,3400.04583870968
2024,1,2024-01,Santa Cruz,9202.26466354839
2024,1,2024-01,Tierra del Fuego,4612.32367741936
2024,2,2024-02,Chubut,7453.893
2024,2,2024-02,Estado Nacional,11852.4873103448
2024,2,2024-02,Formosa,16.1379310344828
2024,2,2024-02,Jujuy,7.70275862068966
2024,2,2024-02,La Pampa,641.580206896552
2024,2,2024-02,Mendoza,1500.76968965517
2024,2,2024-02,Neuquén,89373.1281034483
2024,2,2024-02,Rio Negro,3333.71565172414
2024,2,2024-02,Salta,3387.86524137931
2024,2,2024-02,Santa Cruz,8958.45837734483
2024,2,2024-02,Tierra del Fuego,7530.98313793103
2024,3,2024-03,Chubut,7221.76903225806
2024,3,2024-03,Estado Nacional,11749.405516129
2024,3,2024-03,Formosa,15.8064516129032
2024,3,2024-03,Jujuy,7.95870967741936
2024,3,2024-03,La Pampa,629.607161290323
2024,3,2024-03,Mendoza,1503.81793548387
2024,3,2024-03,Neuquén,90219.5530967742
2024,3,2024-03,Rio Negro,3474.62696774194
2024,3,2024-03,Salta,3373.12464516129
2024,3,2024-03,Santa Cruz,9059.107726
2024,3,2024-03,Tierra del Fuego,7403.43274193548
2024,4,2024-04,Chubut,7009.46064333333
2024,4,2024-04,Estado Nacional,11760.6049333333
2024,4,2024-04,Formosa,14
2024,4,2024-04,Jujuy,7.618
2024,4,2024-04,La Pampa,618.7953
2024,4,2024-04,Mendoza,1513.6001
2024,4,2024-04,Neuquén,92345.7849
2024,4,2024-04,Rio Negro,3500.46742
2024,4,2024-04,Salta,3360.52466666667
2024,4,2024-04,Santa Cruz,9062.1342304
2024,4,2024-04,Tierra del Fuego,6964.48686666667
2024,5,2024-05,Chubut,7026.61987096774
2024,5,2024-05,Estado Nacional,12208.6411290323
2024,5,2024-05,Formosa,14
2024,5,2024-05,Jujuy,7.95322580645161
2024,5,2024-05,La Pampa,603.42564516129
2024,5,2024-05,Mendoza,1550.12948387097
2024,5,2024-05,Neuquén,105586.312
2024,5,2024-05,Rio Negro,3357.85946451613
2024,5,2024-05,Salta,3356.08070967742
2024,5,2024-05,Santa Cruz,9187.83242280645
2024,5,2024-05,Tierra del Fuego,7242.04516129032
2024,6,2024-06,Chubut,6757.00954666667
2024,6,2024-06,Estado Nacional,12198.5958666667
2024,6,2024-06,Formosa,13.6666666666667
2024,6,2024-06,Jujuy,7.56433333333333
2024,6,2024-06,La Pampa,596.255133333333
2024,6,2024-06,Mendoza,1560.13876666667
2024,6,2024-06,Neuquén,104224.627166667
2024,6,2024-06,Rio Negro,3300.74680666667
2024,6,2024-06,Salta,3324.97526666667
2024,6,2024-06,Santa Cruz,8643.24269256667
2024,6,2024-06,Tierra del Fuego,6930.4564
2024,7,2024-07,Chubut,6786.73182903226
2024,7,2024-07,Estado Nacional,12183.7381935484
2024,7,2024-07,Formosa,12.4516129032258
2024,7,2024-07,Jujuy,7.52322580645161
2024,7,2024-07,La Pampa,592.81135483871
2024,7,2024-07,Mendoza,1481.48741935484
2024,7,2024-07,Neuquén,109128.464387097
2024,7,2024-07,Rio Negro,3247.1556516129
2024,7,2024-07,Salta,3319.26541935484
2024,7,2024-07,Santa Cruz,8135.60518864516
2024,7,2024-07,Tierra del Fuego,7009.64577419355
2024,8,2024-08,Chubut,7190.17491290323
2024,8,2024-08,Estado Nacional,12047.3542903226
2024,8,2024-08,Formosa,12.8709677419355
2024,8,2024-08,Jujuy,7.51096774193548
2024,8,2024-08,La Pampa,566.978741935484
2024,8,2024-08,Mendoza,1516.83087096774
2024,8,2024-08,Neuquén,109639.803548387
2024,8,2024-08,Rio Negro,3261.35035483871
2024,8,2024-08,Salta,3348.13867741935
2024,8,2024-08,Santa Cruz,8531.57731248387
2024,8,2024-08,Tierra del Fuego,6909.8715483871
2024,9,2024-09,Chubut,7157.64836666667
2024,9,2024-09,Estado Nacional,12708.1154333333
2024,9,2024-09,Formosa,12.1666666666667
2024,9,2024-09,Jujuy,7.62466666666667
2024,9,2024-09,La Pampa,564.1529
2024,9,2024-09,Mendoza,1462.70506666667
2024,9,2024-09,Neuquén,103723.6191
2024,9,2024-09,Rio Negro,3185.91687
2024,9,2024-09,Salta,3343.97923333333
2024,9,2024-09,Santa Cruz,8684.6022066
2024,9,2024-09,Tierra del Fuego,6368.1545
2024,10,2024-10,Chubut,6983.33267096774
2024,10,2024-10,Estado Nacional,15873.9455483871
2024,10,2024-10,Formosa,11
2024,10,2024-10,Jujuy,7.52064516129032
2024,10,2024-10,La Pampa,554.557516129032
2024,10,2024-10,Mendoza,1522.91687096774
2024,10,2024-10,Neuquén,88057.558743159
2024,10,2024-10,Rio Negro,3005.41437419355
2024,10,2024-10,Salta,3388.5695483871
2024,10,2024-10,Santa Cruz,8813.67275296774
2024,10,2024-10,Tierra del Fuego,4945.29867741935
2024,11,2024-11,Chubut,6546.54939
2024,11,2024-11,Estado Nacional,15002.8229
2024,11,2024-11,Formosa,14.6
2024,11,2024-11,Jujuy,7.519
2024,11,2024-11,La Pampa,551.776566666667
2024,11,2024-11,Mendoza,1534.31213333333
2024,11,2024-11,Neuquén,83696.8368333333
2024,11,2024-11,Rio Negro,3070.46662666667
2024,11,2024-11,Salta,3353.24616666667
2024,11,2024-11,Santa Cruz,8645.38387866667
2024,11,2024-11,Tierra del Fuego,4753.886
2024,12,2024-12,Chubut,6740.53687096774
2024,12,2024-12,Estado Nacional,14176.652
2024,12,2024-12,Formosa,14.0677419354839
2024,12,2024-12,Jujuy,7.32032258064516
2024,12,2024-12,La Pampa,526.514451612903
2024,12,2024-12,Mendoza,1502.65648387097
2024,12,2024-12,Neuquén,82241.0800322581
2024,12,2024-12,Rio Negro,3032.87784193548
2024,12,2024-12,Salta,3335.1994516129
2024,12,2024-12,Santa Cruz,8741.94581903226
2024,12,2024-12,Tierra del Fuego,4164.97493548387
2025,1,2025-01,Chubut,6587.48708387097
2025,1,2025-01,Estado Nacional,19524.0200967742
2025,1,2025-01,Formosa,12.7774193548387
2025,1,2025-01,Jujuy,7.25612903225806
2025,1,2025-01,La Pampa,507.813806451613
2025,1,2025-01,Mendoza,1487.38212903226
2025,1,2025-01,Neuquén,92423.5361612903
2025,1,2025-01,Rio Negro,2887.61338709677
2025,1,2025-01,Salta,3264.69387096774
2025,1,2025-01,Santa Cruz,8447.28832258065
2025,1,2025-01,Tierra del Fuego,3373.60280645161
2025,2,2025-02,Chubut,6546.08144642857
2025,2,2025-02,Estado Nacional,20480.07825
2025,2,2025-02,Formosa,12.5714285714286
2025,2,2025-02,Jujuy,7.91214285714286
2025,2,2025-02,La Pampa,491.43575
2025,2,2025-02,Mendoza,1457.47878571429
2025,2,2025-02,Neuquén,97616.4067857143
2025,2,2025-02,Rio Negro,2894.42312857143
2025,2,2025-02,Salta,3267.98007142857
2025,2,2025-02,Santa Cruz,8274.2195
2025,2,2025-02,Tierra del Fuego,3754.36528571429
2025,3,2025-03,Chubut,6263.11616129032
2025,3,2025-03,Estado Nacional,18487.0863870968
2025,3,2025-03,Formosa,13.0032258064516
2025,3,2025-03,Jujuy,8.11709677419355
2025,3,2025-03,La Pampa,497.316419354839
2025,3,2025-03,Mendoza,1444.84951612903
2025,3,2025-03,Neuquén,88693.6479354839
2025,3,2025-03,Rio Negro,2860.86503225806
2025,3,2025-03,Salta,3272.66419354839
2025,3,2025-03,Santa Cruz,8262.78187096774
2025,3,2025-03,Tierra del Fuego,4000.9994516129
2025,4,2025-04,Chubut,6423.15856666667
2025,4,2025-04,Estado Nacional,18705.3556333333
2025,4,2025-04,Formosa,12.2333333333333
2025,4,2025-04,Jujuy,7.73466666666667
2025,4,2025-04,La Pampa,483.324733333333
2025,4,2025-04,Mendoza,1433.0317
2025,4,2025-04,Neuquén,91235.9404333333
2025,4,2025-04,Rio Negro,2810.86031
2025,4,2025-04,Salta,3292.23696666667
2025,4,2025-04,Santa Cruz,8236.77643333333
2025,4,2025-04,Tierra del Fuego,4080.2138
2025,5,2025-05,Chubut,6291.90235483871
2025,5,2025-05,Estado Nacional,19186.6933548387
2025,5,2025-05,Formosa,11
2025,5,2025-05,Jujuy,7.74741935483871
2025,5,2025-05,La Pampa,491.814451612903
2025,5,2025-05,Mendoza,1389.96461290323
2025,5,2025-05,Neuquén,102375.520903226
2025,5,2025-05,Rio Negro,2776.10982258065
2025,5,2025-05,Salta,3185.42874193548
2025,5,2025-05,Santa Cruz,7999.73629032258
2025,5,2025-05,Tierra del Fuego,3964.52348387097
2025,6,2025-06,Chubut,6223.48786666667
2025,6,2025-06,Estado Nacional,20829.4132333333
2025,6,2025-06,Formosa,10.9666666666667
2025,6,2025-06,Jujuy,8.28266666666667
2025,6,2025-06,La Pampa,486.408666666667
2025,6,2025-06,Mendoza,1340.7248
2025,6,2025-06,Neuquén,112889.014833333
2025,6,2025-06,Rio Negro,2703.50962666667
2025,6,2025-06,Salta,3107.88353333333
2025,6,2025-06,Santa Cruz,7794.45583333333
2025,6,2025-06,Tierra del Fuego,3956.9952
2025,7,2025-07,Chubut,6348.97767741935
2025,7,2025-07,Estado Nacional,20540.9709032258
2025,7,2025-07,Formosa,10.9354838709677
2025,7,2025-07,Jujuy,8.14032258064516
2025,7,2025-07,La Pampa,472.210774193548
2025,7,2025-07,Mendoza,1458.40316516129
2025,7,2025-07,Neuquén,114495.502317097
2025,7,2025-07,Rio Negro,2596.64391612903
2025,7,2025-07,Salta,3055.91061290323
2025,7,2025-07,Santa Cruz,7725.17593548387
2025,7,2025-07,Tierra del Fuego,4048.72448387097
2025,8,2025-08,Chubut,6135.8210516129
2025,8,2025-08,Estado Nacional,19787.419483871
2025,8,2025-08,Formosa,11.0322580645161
2025,8,2025-08,Jujuy,7.99290322580645
2025,8,2025-08,La Pampa,462.668580645161
2025,8,2025-08,Mendoza,1354.58167741935
2025,8,2025-08,Neuquén,113243.615741935
2025,8,2025-08,Rio Negro,2582.11990322581
2025,8,2025-08,Salta,2989.92358064516
2025,8,2025-08,Santa Cruz,7590.02232258065
2025,8,2025-08,Tierra del Fuego,3933.65703225806
2025,9,2025-09,Chubut,5984.10833333333
2025,9,2025-09,Estado Nacional,18576.1513666667
2025,9,2025-09,Formosa,11.03
2025,9,2025-09,Jujuy,8.89133333333333
2025,9,2025-09,La Pampa,459.9948
2025,9,2025-09,Mendoza,1329.05166666667
2025,9,2025-09,Neuquén,95707.2063
2025,9,2025-09,Rio Negro,2603.38826666667
2025,9,2025-09,Salta,2922.88343333333
2025,9,2025-09,Santa Cruz,7542.4203
2025,9,2025-09,Tierra del Fuego,3502.3222
2025,10,2025-10,Chubut,6111.63847741935
2025,10,2025-10,Estado Nacional,17430.7963225806
2025,10,2025-10,Formosa,11
2025,10,2025-10,Jujuy,9.25387096774194
2025,10,2025-10,La Pampa,466.799193548387
2025,10,2025-10,Mendoza,1239.56551612903
2025,10,2025-10,Neuquén,82647.9741612903
2025,10,2025-10,Rio Negro,2574.87119354839
2025,10,2025-10,Salta,2843.82141935484
2025,10,2025-10,Santa Cruz,7186.38161290323
2025,10,2025-10,Tierra del Fuego,3453.20012903226
2025,11,2025-11,Chubut,5885.54606666667
2025,11,2025-11,Estado Nacional,18376.4876
2025,11,2025-11,Formosa,11.0333333333333
2025,11,2025-11,Jujuy,9.17233333333333
2025,11,2025-11,La Pampa,456.3909
2025,11,2025-11,Mendoza,1154.59153333333
2025,11,2025-11,Neuquén,81256.7661666667
2025,11,2025-11,Rio Negro,2542.43153333333
2025,11,2025-11,Salta,2763.76943333333
2025,11,2025-11,Santa Cruz,6935.63886666667
2025,11,2025-11,Tierra del Fuego,2825.74956666667
2025,12,2025-12,Chubut,5921.73579677419
2025,12,2025-12,Estado Nacional,17886.3164516129
2025,12,2025-12,Formosa,11.0003225806452
2025,12,2025-12,Jujuy,8.99838709677419
2025,12,2025-12,La Pampa,455.671967741935
2025,12,2025-12,Mendoza,1134.184
2025,12,2025-12,Neuquén,90826.8823548387
2025,12,2025-12,Rio Negro,2537.44487096774
2025,12,2025-12,Salta,2720.74383870968
2025,12,2025-12,Santa Cruz,6641.99629032258
2025,12,2025-12,Tierra del Fuego,3534.24874193548
2026,1,2026-01,Chubut,5846.35544193548
2026,1,2026-01,Estado Nacional,17548.1039354839
2026,1,2026-01,Formosa,9.70967741935484
2026,1,2026-01,Jujuy,8.70774193548387
2026,1,2026-01,La Pampa,451.701483870968
2026,1,2026-01,Mendoza,1166.74480645161
2026,1,2026-01,Neuquén,91277.4373548387
2026,1,2026-01,Rio Negro,2453.03296774194
2026,1,2026-01,Salta,2709.08735483871
2026,1,2026-01,Santa Cruz,6612.12477419355
2026,1,2026-01,Tierra del Fuego,3534.46277419355
2026,2,2026-02,Chubut,5674.06871428571
2026,2,2026-02,Estado Nacional,19330.80575
2026,2,2026-02,Formosa,9
2026,2,2026-02,Jujuy,8.40214285714286
2026,2,2026-02,La Pampa,430.282535714286
2026,2,2026-02,Mendoza,1137.98314285714
2026,2,2026-02,Neuquén,97790.7662857143
2026,2,2026-02,Rio Negro,2360.8915
2026,2,2026-02,Salta,2703.61942857143
2026,2,2026-02,Santa Cruz,6678.32346428571
2026,2,2026-02,Tierra del Fuego,3903.99278571429
2026,3,2026-03,Chubut,5413.39106451613
2026,3,2026-03,Estado Nacional,18345.4010645161
2026,3,2026-03,Formosa,8.96774193548387
2026,3,2026-03,Jujuy,8.44677419354839
2026,3,2026-03,La Pampa,419.555612903226
2026,3,2026-03,Mendoza,928.027258064516
2026,3,2026-03,Neuquén,100911.793258065
2026,3,2026-03,Rio Negro,2241.36825806452
2026,3,2026-03,Salta,2684.44838709677
2026,3,2026-03,Santa Cruz,6428.79238709677
2026,3,2026-03,Tierra del Fuego,3675.75712903226
2026,4,2026-04,Chubut,0
2026,4,2026-04,Neuquén,0
2026,4,2026-04,Rio Negro,0
2026,4,2026-04,Salta,0
2026,4,2026-04,Santa Cruz,0
