anio,mes,indice_tiempo,provincia,produccion_petroleo_promedio_dia_m3
2009,1,2009-01,Chubut,25615.042483871
2009,1,2009-01,Estado Nacional,684.083225806452
2009,1,2009-01,Formosa,416.606451612903
2009,1,2009-01,Jujuy,46.4877419354839
2009,1,2009-01,La Pampa,3925.04709677419
2009,1,2009-01,La Rioja,0
2009,1,2009-01,Mendoza,15649.8159354839
2009,1,2009-01,Neuquén,22097.3238696774
2009,1,2009-01,Rio Negro,5885.35719354839
2009,1,2009-01,Salta,1662.38451612903
2009,1,2009-01,San Juan,0
2009,1,2009-01,Santa Cruz,19869.0703225806
2009,1,2009-01,Tierra del Fuego,2073.38029032258
2009,2,2009-02,Chubut,26076.7253928571
2009,2,2009-02,Estado Nacional,693.225392857143
2009,2,2009-02,Formosa,392.484642857143
2009,2,2009-02,Jujuy,47.2082142857143
2009,2,2009-02,La Pampa,4113.01071428571
2009,2,2009-02,La Rioja,0
2009,2,2009-02,Mendoza,15499.3893928571
2009,2,2009-02,Neuquén,22275.3870416786
2009,2,2009-02,Rio Negro,5785.68228571429
2009,2,2009-02,Salta,1668.65821428571
2009,2,2009-02,San Juan,0
2009,2,2009-02,Santa Cruz,21256.8513214286
2009,2,2009-02,Tierra del Fuego,2235.44332142857
2009,3,2009-03,Chubut,26318.5838064516
2009,3,2009-03,Estado Nacional,677.001612903226
2009,3,2009-03,Formosa,400.987096774194
2009,3,2009-03,Jujuy,48.161935483871
2009,3,2009-03,La Pampa,4155.01635483871
2009,3,2009-03,La Rioja,0
2009,3,2009-03,Mendoza,15529.9341612903
2009,3,2009-03,Neuquén,21571.1263191613
2009,3,2009-03,Rio Negro,5531.64422580645
2009,3,2009-03,Salta,1617.61935483871
2009,3,2009-03,San Juan,0
2009,3,2009-03,Santa Cruz,21357.3943870968
2009,3,2009-03,Tierra del Fuego,2122.05112903226
2009,4,2009-04,Chubut,26704.935
2009,4,2009-04,Estado Nacional,781.575333333333
2009,4,2009-04,Formosa,379.630666666667
2009,4,2009-04,Jujuy,49.877
2009,4,2009-04,La Pampa,4039.1
2009,4,2009-04,La Rioja,0
2009,4,2009-04,Mendoza,15406.0629666667
2009,4,2009-04,Neuquén,22040.6637918667
2009,4,2009-04,Rio Negro,5564.10873333333
2009,4,2009-04,Salta,1499.362
2009,4,2009-04,San Juan,0
2009,4,2009-04,Santa Cruz,20283.5192666667
2009,4,2009-04,Tierra del Fuego,2131.55116666667
2009,5,2009-05,Chubut,26997.7129032258
2009,5,2009-05,Estado Nacional,704.651612903226
2009,5,2009-05,Formosa,402.652903225806
2009,5,2009-05,Jujuy,40.3654838709677
2009,5,2009-05,La Pampa,4003.43032258065
2009,5,2009-05,La Rioja,0
2009,5,2009-05,Mendoza,14924.8939032258
2009,5,2009-05,Neuquén,21239.3107719032
2009,5,2009-05,Rio Negro,5575.32370967742
2009,5,2009-05,Salta,1600.80451612903
2009,5,2009-05,San Juan,0
2009,5,2009-05,Santa Cruz,20476.0766774194
2009,5,2009-05,Tierra del Fuego,2186.77632258065
2009,6,2009-06,Chubut,27124.3917333333
2009,6,2009-06,Estado Nacional,721.808
2009,6,2009-06,Formosa,333.320666666667
2009,6,2009-06,Jujuy,43.7903333333333
2009,6,2009-06,La Pampa,4039.61733333333
2009,6,2009-06,La Rioja,0
2009,6,2009-06,Mendoza,15142.1005333333
2009,6,2009-06,Neuquén,21696.4131732
2009,6,2009-06,Rio Negro,5669.28613333333
2009,6,2009-06,Salta,1621.42966666667
2009,6,2009-06,San Juan,0
2009,6,2009-06,Santa Cruz,17013.7119333333
2009,6,2009-06,Tierra del Fuego,2297.92556666667
2009,7,2009-07,Chubut,26559.2767096774
2009,7,2009-07,Estado Nacional,823.03
2009,7,2009-07,Formosa,328.470322580645
2009,7,2009-07,Jujuy,51.9487096774194
2009,7,2009-07,La Pampa,3979.7864516129
2009,7,2009-07,La Rioja,0
2009,7,2009-07,Mendoza,14760.9461290323
2009,7,2009-07,Neuquén,20101.0696493226
2009,7,2009-07,Rio Negro,5184.88858064516
2009,7,2009-07,Salta,1614.40677419355
2009,7,2009-07,San Juan,0
2009,7,2009-07,Santa Cruz,20135.4344193548
2009,7,2009-07,Tierra del Fuego,2233.01793548387
2009,8,2009-08,Chubut,26566.9795483871
2009,8,2009-08,Estado Nacional,671.282258064516
2009,8,2009-08,Formosa,389.068709677419
2009,8,2009-08,Jujuy,58.411935483871
2009,8,2009-08,La Pampa,3924.81309677419
2009,8,2009-08,La Rioja,0
2009,8,2009-08,Mendoza,14595.7109032258
2009,8,2009-08,Neuquén,21398.0267433226
2009,8,2009-08,Rio Negro,5602.14667741936
2009,8,2009-08,Salta,1611.44193548387
2009,8,2009-08,San Juan,0
2009,8,2009-08,Santa Cruz,7299.92174193548
2009,8,2009-08,Tierra del Fuego,2062.95990322581
2009,9,2009-09,Chubut,26212.8935333333
2009,9,2009-09,Estado Nacional,885.060333333333
2009,9,2009-09,Formosa,391.915333333333
2009,9,2009-09,Jujuy,58.15
2009,9,2009-09,La Pampa,3765.60833333333
2009,9,2009-09,La Rioja,0
2009,9,2009-09,Mendoza,14355.6734666667
2009,9,2009-09,Neuquén,20512.4410695667
2009,9,2009-09,Rio Negro,5557.869
2009,9,2009-09,Salta,1566.68233333333
2009,9,2009-09,San Juan,0
2009,9,2009-09,Santa Cruz,20529.5771333333
2009,9,2009-09,Tierra del Fuego,2196.11543333333
2009,10,2009-10,Chubut,26524.3536774194
2009,10,2009-10,Estado Nacional,830.653548387097
2009,10,2009-10,Formosa,390.837419354839
2009,10,2009-10,Jujuy,53.3090322580645
2009,10,2009-10,La Pampa,3912.8215483871
2009,10,2009-10,La Rioja,0
2009,10,2009-10,Mendoza,14710.8087741935
2009,10,2009-10,Neuquén,21073.1180283871
2009,10,2009-10,Rio Negro,5706.34748387097
2009,10,2009-10,Salta,1569.32096774194
2009,10,2009-10,San Juan,0
2009,10,2009-10,Santa Cruz,20664.8107096129
2009,10,2009-10,Tierra del Fuego,2150.43961290323
2009,11,2009-11,Chubut,26014.6130333333
2009,11,2009-11,Estado Nacional,764.339666666667
2009,11,2009-11,Formosa,396.288
2009,11,2009-11,Jujuy,49.7223333333333
2009,11,2009-11,La Pampa,3642.72153333333
2009,11,2009-11,La Rioja,0
2009,11,2009-11,Mendoza,14816.1397
2009,11,2009-11,Neuquén,20590.1600412667
2009,11,2009-11,Rio Negro,5841.24663333333
2009,11,2009-11,Salta,1522.12933333333
2009,11,2009-11,San Juan,0
2009,11,2009-11,Santa Cruz,18615.9690633333
2009,11,2009-11,Tierra del Fuego,2053.73013333333
2009,12,2009-12,Chubut,25940.5863225806
2009,12,2009-12,Estado Nacional,810.707419354839
2009,12,2009-12,Formosa,338.084838709677
2009,12,2009-12,Jujuy,43.3683870967742
2009,12,2009-12,La Pampa,3888.24451612903
2009,12,2009-12,La Rioja,0
2009,12,2009-12,Mendoza,14952.752
2009,12,2009-12,Neuquén,20297.4882817742
2009,12,2009-12,Rio Negro,5737.01835483871
2009,12,2009-12,Salta,1505.60516129032
2009,12,2009-12,San Juan,0
2009,12,2009-12,Santa Cruz,18719.4785483871
2009,12,2009-12,Tierra del Fuego,2017.60351612903
2010,1,2010-01,Chubut,26686.6210322581
2010,1,2010-01,Estado Nacional,768.379032258065
2010,1,2010-01,Formosa,387.928064516129
2010,1,2010-01,Jujuy,48.1293548387097
2010,1,2010-01,La Pampa,3797.6835483871
2010,1,2010-01,La Rioja,0
2010,1,2010-01,Mendoza,14895.5096451613
2010,1,2010-01,Neuquén,20165.5324193548
2010,1,2010-01,Rio Negro,5592.01983870968
2010,1,2010-01,Salta,1463.18096774194
2010,1,2010-01,San Juan,0
2010,1,2010-01,Santa Cruz,20008.6906604129
2010,1,2010-01,Tierra del Fuego,1920.16541928742
2010,2,2010-02,Chubut,26548.8678571429
2010,2,2010-02,Estado Nacional,912.170357142857
2010,2,2010-02,Formosa,382.952142857143
2010,2,2010-02,Jujuy,55.3632142857143
2010,2,2010-02,La Pampa,3797.07678571429
2010,2,2010-02,La Rioja,0
2010,2,2010-02,Mendoza,14961.7078214286
2010,2,2010-02,Neuquén,20280.2698571429
2010,2,2010-02,Rio Negro,5745.89592857143
2010,2,2010-02,Salta,1456.93460714286
2010,2,2010-02,San Juan,0
2010,2,2010-02,Santa Cruz,19546.9891171379
2010,2,2010-02,Tierra del Fuego,1955.34739288786
2010,3,2010-03,Chubut,26743.0627096774
2010,3,2010-03,Estado Nacional,829.175483870968
2010,3,2010-03,Formosa,363.17935483871
2010,3,2010-03,Jujuy,55.0474193548387
2010,3,2010-03,La Pampa,3783.40896774194
2010,3,2010-03,La Rioja,0
2010,3,2010-03,Mendoza,14599.0006129032
2010,3,2010-03,Neuquén,20192.3966774194
2010,3,2010-03,Rio Negro,6093.91880645161
2010,3,2010-03,Salta,1400.61161290323
2010,3,2010-03,San Juan,0
2010,3,2010-03,Santa Cruz,19954.7443963768
2010,3,2010-03,Tierra del Fuego,1900.4012579971
2010,4,2010-04,Chubut,26850.9154666667
2010,4,2010-04,Estado Nacional,804.974
2010,4,2010-04,Formosa,360.735666666667
2010,4,2010-04,Jujuy,55.0176666666667
2010,4,2010-04,La Pampa,3744.47533333333
2010,4,2010-04,La Rioja,0
2010,4,2010-04,Mendoza,14475.77696
2010,4,2010-04,Neuquén,20199.6846666667
2010,4,2010-04,Rio Negro,6131.69903333333
2010,4,2010-04,Salta,1440.11533333333
2010,4,2010-04,San Juan,0
2010,4,2010-04,Santa Cruz,19841.6837553729
2010,4,2010-04,Tierra del Fuego,1888.13836661833
2010,5,2010-05,Chubut,26471.6590322581
2010,5,2010-05,Estado Nacional,855.509032258065
2010,5,2010-05,Formosa,332.453870967742
2010,5,2010-05,Jujuy,55.4790322580645
2010,5,2010-05,La Pampa,3862.3904516129
2010,5,2010-05,La Rioja,0
2010,5,2010-05,Mendoza,14625.9270322581
2010,5,2010-05,Neuquén,20089.641483871
2010,5,2010-05,Rio Negro,6151.30648387097
2010,5,2010-05,Salta,1428.94387096774
2010,5,2010-05,San Juan,0
2010,5,2010-05,Santa Cruz,19685.5276606468
2010,5,2010-05,Tierra del Fuego,1877.63267740839
2010,6,2010-06,Chubut,26607.2590666667
2010,6,2010-06,Estado Nacional,928.62
2010,6,2010-06,Formosa,305.512666666667
2010,6,2010-06,Jujuy,55.9083333333333
2010,6,2010-06,La Pampa,4102.68376666667
2010,6,2010-06,La Rioja,0
2010,6,2010-06,Mendoza,14833.5473666667
2010,6,2010-06,Neuquén,20029.0083
2010,6,2010-06,Rio Negro,6186.16003333333
2010,6,2010-06,Salta,1453.118
2010,6,2010-06,San Juan,0
2010,6,2010-06,Santa Cruz,19587.537801334
2010,6,2010-06,Tierra del Fuego,1830.18636657967
2010,7,2010-07,Chubut,26304.1662258065
2010,7,2010-07,Estado Nacional,977.48
2010,7,2010-07,Formosa,300.901612903226
2010,7,2010-07,Jujuy,54.571935483871
2010,7,2010-07,La Pampa,4005.82832258065
2010,7,2010-07,La Rioja,0
2010,7,2010-07,Mendoza,14625.1640322581
2010,7,2010-07,Neuquén,19842.4202903226
2010,7,2010-07,Rio Negro,6242.6445483871
2010,7,2010-07,Salta,1416.07451612903
2010,7,2010-07,San Juan,0
2010,7,2010-07,Santa Cruz,19710.1142903226
2010,7,2010-07,Tierra del Fuego,1949.10980646645
2010,8,2010-08,Chubut,26710.8102903226
2010,8,2010-08,Estado Nacional,914.417096774194
2010,8,2010-08,Formosa,294.465161290323
2010,8,2010-08,Jujuy,57.9258064516129
2010,8,2010-08,La Pampa,4067.09441935484
2010,8,2010-08,La Rioja,0
2010,8,2010-08,Mendoza,14383.3681612903
2010,8,2010-08,Neuquén,20097.7640322581
2010,8,2010-08,Rio Negro,6283.044
2010,8,2010-08,Salta,1393.12548387097
2010,8,2010-08,San Juan,0
2010,8,2010-08,Santa Cruz,19547.674763507
2010,8,2010-08,Tierra del Fuego,1815.48774189258
2010,9,2010-09,Chubut,25099.8475333333
2010,9,2010-09,Estado Nacional,711.371666666667
2010,9,2010-09,Formosa,337.379
2010,9,2010-09,Jujuy,70.4233333333333
2010,9,2010-09,La Pampa,4158.5159
2010,9,2010-09,La Rioja,0
2010,9,2010-09,Mendoza,14167.2082333333
2010,9,2010-09,Neuquén,19849.8658
2010,9,2010-09,Rio Negro,6168.85026666667
2010,9,2010-09,Salta,1369.29433333333
2010,9,2010-09,San Juan,0
2010,9,2010-09,Santa Cruz,20314.4505071397
2010,9,2010-09,Tierra del Fuego,1808.80453338433
2010,10,2010-10,Chubut,26620.4939354839
2010,10,2010-10,Estado Nacional,574.452903225806
2010,10,2010-10,Formosa,373.876774193548
2010,10,2010-10,Jujuy,72.1835483870968
2010,10,2010-10,La Pampa,4204.16406451613
2010,10,2010-10,La Rioja,0
2010,10,2010-10,Mendoza,14107.348
2010,10,2010-10,Misiones,0
2010,10,2010-10,Neuquén,19607.0369354839
2010,10,2010-10,Rio Negro,6090.01558064516
2010,10,2010-10,Salta,1352.61064516129
2010,10,2010-10,San Juan,0
2010,10,2010-10,Santa Cruz,18253.6284914978
2010,10,2010-10,Tierra del Fuego,1753.82422580387
2010,11,2010-11,Chubut,26514.3634333333
2010,11,2010-11,Estado Nacional,512.597
2010,11,2010-11,Formosa,343.725333333333
2010,11,2010-11,Jujuy,75.1266666666667
2010,11,2010-11,La Pampa,4359.66353333333
2010,11,2010-11,La Rioja,0
2010,11,2010-11,Mendoza,13749.3828333333
2010,11,2010-11,Neuquén,19444.0040333333
2010,11,2010-11,Rio Negro,6132.60496666667
2010,11,2010-11,Salta,1293.5291
2010,11,2010-11,San Juan,0
2010,11,2010-11,Santa Cruz,18933.4178242258
2010,11,2010-11,Tierra del Fuego,1734.654466622
2010,12,2010-12,Chubut,21297.0062258064
2010,12,2010-12,Estado Nacional,549.555806451613
2010,12,2010-12,Formosa,348.214838709677
2010,12,2010-12,Jujuy,71.668064516129
2010,12,2010-12,La Pampa,3997.04277419355
2010,12,2010-12,La Rioja,0
2010,12,2010-12,Mendoza,13505.1769677419
2010,12,2010-12,Neuquén,19435.7612580645
2010,12,2010-12,Rio Negro,5955.09606451613
2010,12,2010-12,Salta,1267.32935483871
2010,12,2010-12,San Juan,0
2010,12,2010-12,Santa Cruz,10931.8823847136
2010,12,2010-12,Tierra del Fuego,1725.70874200161
2011,1,2011-01,Chubut,26068.3278709677
2011,1,2011-01,Estado Nacional,486.093870967742
2011,1,2011-01,Formosa,328.194516129032
2011,1,2011-01,Jujuy,59.5764516129032
2011,1,2011-01,La Pampa,4507.56364516129
2011,1,2011-01,La Rioja,0
2011,1,2011-01,Mendoza,13702.7142903226
2011,1,2011-01,Neuquén,19000.6011935484
2011,1,2011-01,Rio Negro,5940.20316129032
2011,1,2011-01,Salta,1221.56709677419
2011,1,2011-01,San Juan,0
2011,1,2011-01,Santa Cruz,18898.8472320258
2011,1,2011-01,Tierra del Fuego,1677.82080645323
2011,2,2011-02,Chubut,26305.6562142857
2011,2,2011-02,Estado Nacional,503.866071428571
2011,2,2011-02,Formosa,315.028214285714
2011,2,2011-02,Jujuy,57.1285714285714
2011,2,2011-02,La Pampa,4326.66107142857
2011,2,2011-02,La Rioja,0
2011,2,2011-02,Mendoza,13774.5906428571
2011,2,2011-02,Neuquén,18865.1892857143
2011,2,2011-02,Rio Negro,5938.58171428571
2011,2,2011-02,Salta,1216.14357142857
2011,2,2011-02,San Juan,0
2011,2,2011-02,Santa Cruz,19489.512220129
2011,2,2011-02,Tierra del Fuego,1652.48328571536
2011,3,2011-03,Chubut,26391.7227741935
2011,3,2011-03,Estado Nacional,479.298387096774
2011,3,2011-03,Formosa,310.228387096774
2011,3,2011-03,Jujuy,48.8932258064516
2011,3,2011-03,La Pampa,4287.387
2011,3,2011-03,La Rioja,0
2011,3,2011-03,Mendoza,13627.006
2011,3,2011-03,Neuquén,18844.6912258065
2011,3,2011-03,Rio Negro,6014.79374193548
2011,3,2011-03,Salta,1190.43258064516
2011,3,2011-03,San Juan,0
2011,3,2011-03,Santa Cruz,19179.1344484531
2011,3,2011-03,Tierra del Fuego,1506.50312900161
2011,4,2011-04,Chubut,26684.9365
2011,4,2011-04,Estado Nacional,631.711333333333
2011,4,2011-04,Formosa,302.502
2011,4,2011-04,Jujuy,53.1633333333333
2011,4,2011-04,La Pampa,4341.20403333333
2011,4,2011-04,La Rioja,0
2011,4,2011-04,Mendoza,13512.6072
2011,4,2011-04,Neuquén,18685.6652
2011,4,2011-04,Rio Negro,5959.288
2011,4,2011-04,Salta,1110.86933333333
2011,4,2011-04,San Juan,0
2011,4,2011-04,Santa Cruz,3733.69141915167
2011,4,2011-04,Tierra del Fuego,1661.49933331433
2011,5,2011-05,Chubut,23933.5022580645
2011,5,2011-05,Estado Nacional,618.448387096774
2011,5,2011-05,Formosa,288.49935483871
2011,5,2011-05,Jujuy,57.0732258064516
2011,5,2011-05,La Pampa,4140.60748387097
2011,5,2011-05,La Rioja,0
2011,5,2011-05,Mendoza,13461.0732258065
2011,5,2011-05,Neuquén,18568.7100322581
2011,5,2011-05,Rio Negro,6044.3575483871
2011,5,2011-05,Salta,1221.26387096774
2011,5,2011-05,San Juan,0
2011,5,2011-05,Santa Cruz,10322.5360817387
2011,5,2011-05,Tierra del Fuego,1680.2966527129
2011,6,2011-06,Chubut,26104.1729
2011,6,2011-06,Estado Nacional,669.492333333333
2011,6,2011-06,Formosa,265.901
2011,6,2011-06,Jujuy,56.8846666666667
2011,6,2011-06,La Pampa,4037.43776666667
2011,6,2011-06,La Rioja,0
2011,6,2011-06,Mendoza,13397.4612666667
2011,6,2011-06,Neuquén,18412.58443
2011,6,2011-06,Rio Negro,6294.8451
2011,6,2011-06,Salta,1212.67473333333
2011,6,2011-06,San Juan,0
2011,6,2011-06,Santa Cruz,9359.61302012667
2011,6,2011-06,Tierra del Fuego,1717.52487074333
2011,7,2011-07,Chubut,26120.4722258065
2011,7,2011-07,Estado Nacional,625.116774193548
2011,7,2011-07,Formosa,272.680967741935
2011,7,2011-07,Jujuy,51.8606451612903
2011,7,2011-07,La Pampa,3905.78970967742
2011,7,2011-07,La Rioja,0
2011,7,2011-07,Mendoza,13420.1323548387
2011,7,2011-07,Neuquén,18269.034516129
2011,7,2011-07,Rio Negro,6624.51122580645
2011,7,2011-07,Salta,1185.68709677419
2011,7,2011-07,San Juan,0
2011,7,2011-07,Santa Cruz,13624.0720108381
2011,7,2011-07,Tierra del Fuego,1624.90222582645
2011,8,2011-08,Chubut,25804.6194945161
2011,8,2011-08,Estado Nacional,698.10064516129
2011,8,2011-08,Formosa,314.661612903226
2011,8,2011-08,Jujuy,55.1887096774194
2011,8,2011-08,La Pampa,4233.2084516129
2011,8,2011-08,La Rioja,0
2011,8,2011-08,Mendoza,13181.8399032258
2011,8,2011-08,Neuquén,18439.0406129032
2011,8,2011-08,Rio Negro,6423.61367741935
2011,8,2011-08,Salta,1177.96419354839
2011,8,2011-08,San Juan,0
2011,8,2011-08,Santa Cruz,18599.8565677419
2011,8,2011-08,Tierra del Fuego,1612.08629032258
2011,9,2011-09,Chubut,26158.5448906667
2011,9,2011-09,Estado Nacional,704.137
2011,9,2011-09,Formosa,309.881666666667
2011,9,2011-09,Jujuy,57.6633333333333
2011,9,2011-09,La Pampa,4148.06233333333
2011,9,2011-09,La Rioja,0
2011,9,2011-09,Mendoza,12924.3458666667
2011,9,2011-09,Neuquén,18419.018
2011,9,2011-09,Rio Negro,6441.6243
2011,9,2011-09,Salta,1168.08466666667
2011,9,2011-09,San Juan,0
2011,9,2011-09,Santa Cruz,19226.7411666667
2011,9,2011-09,Tierra del Fuego,1636.73753333333
2011,10,2011-10,Chubut,26244.7959735484
2011,10,2011-10,Estado Nacional,664.757741935484
2011,10,2011-10,Formosa,289.588064516129
2011,10,2011-10,Jujuy,44.8783870967742
2011,10,2011-10,La Pampa,4233.27693548387
2011,10,2011-10,La Rioja,0
2011,10,2011-10,Mendoza,13016.1633548387
2011,10,2011-10,Neuquén,18441.5751290323
2011,10,2011-10,Rio Negro,6439.22541935484
2011,10,2011-10,Salta,1122.25451612903
2011,10,2011-10,San Juan,0
2011,10,2011-10,Santa Cruz,19647.0817548387
2011,10,2011-10,Tierra del Fuego,1688.6375483871
2011,11,2011-11,Chubut,26136.6745726667
2011,11,2011-11,Estado Nacional,610.901333333333
2011,11,2011-11,Formosa,277.628333333333
2011,11,2011-11,Jujuy,56.8360333333333
2011,11,2011-11,La Pampa,4414.895
2011,11,2011-11,La Rioja,0
2011,11,2011-11,Mendoza,13037.0566333333
2011,11,2011-11,Neuquén,17993.4761666667
2011,11,2011-11,Rio Negro,6500.9012
2011,11,2011-11,Salta,1101.536
2011,11,2011-11,San Juan,0
2011,11,2011-11,Santa Cruz,19763.3345533333
2011,11,2011-11,Tierra del Fuego,1595.37743333333
2011,12,2011-12,Chubut,26166.8910954839
2011,12,2011-12,Estado Nacional,706.186129032258
2011,12,2011-12,Formosa,268.782258064516
2011,12,2011-12,Jujuy,56.4020967741935
2011,12,2011-12,La Pampa,4399.35732258064
2011,12,2011-12,La Rioja,0
2011,12,2011-12,Mendoza,12516.2069354839
2011,12,2011-12,Neuquén,17600.7789354839
2011,12,2011-12,Rio Negro,6397.70835483871
2011,12,2011-12,Salta,1073.75741935484
2011,12,2011-12,San Juan,0
2011,12,2011-12,Santa Cruz,19813.3537032258
2011,12,2011-12,Tierra del Fuego,1400.63087096774
2012,1,2012-01,Chubut,25414.4837864516
2012,1,2012-01,Estado Nacional,925.722903225806
2012,1,2012-01,Formosa,245.789677419355
2012,1,2012-01,Jujuy,55.8576258064516
2012,1,2012-01,La Pampa,4370.16567741936
2012,1,2012-01,La Rioja,0
2012,1,2012-01,Mendoza,12595.7262903226
2012,1,2012-01,Neuquén,16720.9514193548
2012,1,2012-01,Rio Negro,5823.96203225806
2012,1,2012-01,Salta,1055.55890322581
2012,1,2012-01,San Juan,0
2012,1,2012-01,Santa Cruz,19708.0366193548
2012,1,2012-01,Tierra del Fuego,1507.62290322581
2012,2,2012-02,Chubut,25066.4931268966
2012,2,2012-02,Estado Nacional,779.075517241379
2012,2,2012-02,Formosa,247.137931034483
2012,2,2012-02,Jujuy,54.41
2012,2,2012-02,La Pampa,4300.15231034483
2012,2,2012-02,La Rioja,0
2012,2,2012-02,Mendoza,12867.3725862069
2012,2,2012-02,Neuquén,16948.5463448276
2012,2,2012-02,Rio Negro,6218.30562068966
2012,2,2012-02,Salta,1037.61137931034
2012,2,2012-02,San Juan,0
2012,2,2012-02,Santa Cruz,19269.0436344828
2012,2,2012-02,Tierra del Fuego,1598.82751724138
2012,3,2012-03,Chubut,25124.6007741935
2012,3,2012-03,Estado Nacional,682.581290322581
2012,3,2012-03,Formosa,271.783225806452
2012,3,2012-03,Jujuy,53.290064516129
2012,3,2012-03,La Pampa,4277.46574193548
2012,3,2012-03,La Rioja,0
2012,3,2012-03,Mendoza,12751.4010967742
2012,3,2012-03,Neuquén,16926.0458387097
2012,3,2012-03,Rio Negro,6746.22470967742
2012,3,2012-03,Salta,1015.42032258065
2012,3,2012-03,San Juan,0
2012,3,2012-03,Santa Cruz,19293.4305032258
2012,3,2012-03,Tierra del Fuego,1643.82835483871
2012,4,2012-04,Chubut,24755.8969
2012,4,2012-04,Estado Nacional,803.708666666667
2012,4,2012-04,Formosa,501.628966666667
2012,4,2012-04,Jujuy,52.7333333333333
2012,4,2012-04,La Pampa,4144.1408
2012,4,2012-04,La Rioja,0
2012,4,2012-04,Mendoza,12619.4588333333
2012,4,2012-04,Neuquén,16425.1572
2012,4,2012-04,Rio Negro,6781.52706666667
2012,4,2012-04,Salta,977.359133333333
2012,4,2012-04,Santa Cruz,19125.5940666667
2012,4,2012-04,Tierra del Fuego,1611.51626666667
2012,5,2012-05,Chubut,25214.8417419355
2012,5,2012-05,Estado Nacional,786.234516129032
2012,5,2012-05,Formosa,538.341935483871
2012,5,2012-05,Jujuy,47.696935483871
2012,5,2012-05,La Pampa,4021.55832258065
2012,5,2012-05,La Rioja,0
2012,5,2012-05,Mendoza,12450.2079032258
2012,5,2012-05,Neuquén,16995.3339354839
2012,5,2012-05,Rio Negro,6879.39561290323
2012,5,2012-05,Salta,990.117419354839
2012,5,2012-05,San Juan,0
2012,5,2012-05,Santa Cruz,18911.9901047716
2012,5,2012-05,Tierra del Fuego,1712.51667741935
2012,6,2012-06,Chubut,21205.9242
2012,6,2012-06,Estado Nacional,811.693
2012,6,2012-06,Formosa,514.962533333333
2012,6,2012-06,Jujuy,45.6103333333333
2012,6,2012-06,La Pampa,3982.9680946
2012,6,2012-06,La Rioja,0
2012,6,2012-06,Mendoza,12816.3544
2012,6,2012-06,Neuquén,16980.5899
2012,6,2012-06,Rio Negro,6961.66013333333
2012,6,2012-06,Salta,988.735066666667
2012,6,2012-06,San Juan,0
2012,6,2012-06,Santa Cruz,18517.1994333333
2012,6,2012-06,Tierra del Fuego,1667.7021
2012,7,2012-07,Chubut,22037.9232258065
2012,7,2012-07,Estado Nacional,883.100322580645
2012,7,2012-07,Formosa,504.13
2012,7,2012-07,Jujuy,48.196
2012,7,2012-07,La Pampa,4116.876216
2012,7,2012-07,Mendoza,12619.4326451613
2012,7,2012-07,Neuquén,17146.0653870968
2012,7,2012-07,Rio Negro,6934.66438709677
2012,7,2012-07,Salta,974.861935483871
2012,7,2012-07,San Juan,0
2012,7,2012-07,Santa Cruz,18342.7803548387
2012,7,2012-07,Tierra del Fuego,1663.83683870968
2012,8,2012-08,Chubut,24595.5332580645
2012,8,2012-08,Estado Nacional,921.078387096774
2012,8,2012-08,Formosa,508.133548387097
2012,8,2012-08,Jujuy,49.9150322580645
2012,8,2012-08,La Pampa,4176.52302632258
2012,8,2012-08,La Rioja,0
2012,8,2012-08,Mendoza,12892.049483871
2012,8,2012-08,Neuquén,17133.1037096774
2012,8,2012-08,Rio Negro,6983.66748387097
2012,8,2012-08,Salta,970.026129032258
2012,8,2012-08,San Juan,0
2012,8,2012-08,Santa Cruz,18828.1809677419
2012,8,2012-08,Tierra del Fuego,1645.7425483871
2012,9,2012-09,Chubut,24639.8656
2012,9,2012-09,Estado Nacional,930.320666666667
2012,9,2012-09,Formosa,475.96
2012,9,2012-09,Jujuy,46.7872
2012,9,2012-09,La Pampa,4469.8323424
2012,9,2012-09,La Rioja,0
2012,9,2012-09,Mendoza,12744.9741333333
2012,9,2012-09,Neuquén,16828.3567333333
2012,9,2012-09,Rio Negro,7038.02026666667
2012,9,2012-09,Salta,954.801333333333
2012,9,2012-09,San Juan,0
2012,9,2012-09,Santa Cruz,18984.8056666667
2012,9,2012-09,Tierra del Fuego,1561.12066666667
2012,10,2012-10,Chubut,24099.2121612903
2012,10,2012-10,Estado Nacional,892.496129032258
2012,10,2012-10,Formosa,463.987741935484
2012,10,2012-10,Jujuy,45.2758064516129
2012,10,2012-10,La Pampa,4539.02506454839
2012,10,2012-10,La Rioja,0
2012,10,2012-10,Mendoza,12590.2828709677
2012,10,2012-10,Neuquén,16622.1813870968
2012,10,2012-10,Rio Negro,6860.42464516129
2012,10,2012-10,Salta,925.30935483871
2012,10,2012-10,San Juan,0
2012,10,2012-10,Santa Cruz,19133.6756451613
2012,10,2012-10,Tierra del Fuego,1594.8964516129
2012,11,2012-11,Chubut,24023.5804333333
2012,11,2012-11,Estado Nacional,860.547
2012,11,2012-11,Formosa,456.673333333333
2012,11,2012-11,Jujuy,44.1011666666667
2012,11,2012-11,La Pampa,4292.61292151867
2012,11,2012-11,La Rioja,0
2012,11,2012-11,Mendoza,11913.946814604
2012,11,2012-11,Neuquén,15257.7199
2012,11,2012-11,Rio Negro,6290.86003333333
2012,11,2012-11,Salta,917.412
2012,11,2012-11,San Juan,0
2012,11,2012-11,Santa Cruz,18908.9839333333
2012,11,2012-11,Tierra del Fuego,1600.07773333333
2012,12,2012-12,Chubut,23778.0867096774
2012,12,2012-12,Estado Nacional,757.6
2012,12,2012-12,Formosa,480.342258064516
2012,12,2012-12,Jujuy,46.4674193548387
2012,12,2012-12,La Pampa,4512.53179131258
2012,12,2012-12,La Rioja,0
2012,12,2012-12,Mendoza,12287.8509859016
2012,12,2012-12,Neuquén,16541.9575609677
2012,12,2012-12,Rio Negro,6703.07564516129
2012,12,2012-12,Salta,897.340967741936
2012,12,2012-12,San Juan,0
2012,12,2012-12,Santa Cruz,19057.4760967742
2012,12,2012-12,Tierra del Fuego,1609.84619354839
2013,1,2013-01,Chubut,23392.5468709677
2013,1,2013-01,Estado Nacional,726.693225806452
2013,1,2013-01,Formosa,468.111290322581
2013,1,2013-01,Jujuy,44.7783548387097
2013,1,2013-01,La Pampa,4416.19630037548
2013,1,2013-01,La Rioja,0
2013,1,2013-01,Mendoza,12021.0564556887
2013,1,2013-01,Neuquén,15814.0041612903
2013,1,2013-01,Rio Negro,6622.72732258064
2013,1,2013-01,Salta,907.200967741935
2013,1,2013-01,San Juan,0
2013,1,2013-01,Santa Cruz,18908.1959677419
2013,1,2013-01,Tierra del Fuego,1527.72258064516
2013,2,2013-02,Chubut,23287.7480357143
2013,2,2013-02,Estado Nacional,796.440714285714
2013,2,2013-02,Formosa,430.925714285714
2013,2,2013-02,Jujuy,45.0967857142857
2013,2,2013-02,La Pampa,4371.3486039225
2013,2,2013-02,La Rioja,0
2013,2,2013-02,Mendoza,12269.9184926486
2013,2,2013-02,Neuquén,15978.6541071429
2013,2,2013-02,Rio Negro,6464.13028571429
2013,2,2013-02,Salta,894.308214285714
2013,2,2013-02,San Juan,0
2013,2,2013-02,Santa Cruz,18869.7872857143
2013,2,2013-02,Tierra del Fuego,1454.75035714286
2013,3,2013-03,Chubut,23454.9556451613
2013,3,2013-03,Estado Nacional,651.133870967742
2013,3,2013-03,Formosa,393.201612903226
2013,3,2013-03,Jujuy,43.8946774193548
2013,3,2013-03,La Pampa,4351.57277989806
2013,3,2013-03,La Rioja,0
2013,3,2013-03,Mendoza,12286.194208771
2013,3,2013-03,Neuquén,16122.5761935484
2013,3,2013-03,Rio Negro,6479.20558064516
2013,3,2013-03,Salta,898.797741935484
2013,3,2013-03,San Juan,0
2013,3,2013-03,Santa Cruz,19075.7574516129
2013,3,2013-03,Tierra del Fuego,1415.85464516129
2013,4,2013-04,Chubut,23565.7390666667
2013,4,2013-04,Estado Nacional,663.106666666667
2013,4,2013-04,Formosa,387.437333333333
2013,4,2013-04,Jujuy,43.8095666666667
2013,4,2013-04,La Pampa,4319.55899333333
2013,4,2013-04,La Rioja,0
2013,4,2013-04,Mendoza,12374.8525666667
2013,4,2013-04,Neuquén,16200.2701
2013,4,2013-04,Rio Negro,6497.45446666667
2013,4,2013-04,Salta,831.609
2013,4,2013-04,San Juan,0
2013,4,2013-04,Santa Cruz,18267.6074333333
2013,4,2013-04,Tierra del Fuego,1381.8848
2013,5,2013-05,Chubut,24038.1022903226
2013,5,2013-05,Estado Nacional,721.844838709677
2013,5,2013-05,Formosa,418.755806451613
2013,5,2013-05,Jujuy,42.5942258064516
2013,5,2013-05,La Pampa,4334.78800598516
2013,5,2013-05,La Rioja,0
2013,5,2013-05,Mendoza,12210.2081080581
2013,5,2013-05,Neuquén,16596.8449677419
2013,5,2013-05,Rio Negro,6597.04390322581
2013,5,2013-05,Salta,868.654516129032
2013,5,2013-05,San Juan,0
2013,5,2013-05,Santa Cruz,18823.4589689702
2013,5,2013-05,Tierra del Fuego,1408.55119354839
2013,6,2013-06,Chubut,24365.9277333333
2013,6,2013-06,Estado Nacional,740.531666666667
2013,6,2013-06,Formosa,392.268333333333
2013,6,2013-06,Jujuy,42.7036666666667
2013,6,2013-06,La Pampa,4130.66901377567
2013,6,2013-06,La Rioja,0
2013,6,2013-06,Mendoza,12115.66185741
2013,6,2013-06,Neuquén,16255.9870833333
2013,6,2013-06,Rio Negro,6532.24833333333
2013,6,2013-06,Salta,833.165333333333
2013,6,2013-06,San Juan,0
2013,6,2013-06,Santa Cruz,18806.1902519705
2013,6,2013-06,Tierra del Fuego,1480.43876666667
2013,7,2013-07,Chubut,24259.46
2013,7,2013-07,Estado Nacional,771.544516129032
2013,7,2013-07,Formosa,367.048064516129
2013,7,2013-07,Jujuy,42.5003225806452
2013,7,2013-07,La Pampa,4237.91812433226
2013,7,2013-07,La Rioja,0
2013,7,2013-07,Mendoza,12097.7305549652
2013,7,2013-07,Neuquén,16715.454516129
2013,7,2013-07,Rio Negro,6882.76967741935
2013,7,2013-07,Salta,818.429774193548
2013,7,2013-07,San Juan,0
2013,7,2013-07,Santa Cruz,18945.0679677419
2013,7,2013-07,Tierra del Fuego,1475.23270967742
2013,8,2013-08,Chubut,24279.0307096774
2013,8,2013-08,Estado Nacional,779.825806451613
2013,8,2013-08,Formosa,358.693838709677
2013,8,2013-08,Jujuy,41.4296774193548
2013,8,2013-08,La Pampa,4266.53714327161
2013,8,2013-08,La Rioja,0
2013,8,2013-08,Mendoza,12033.8344341603
2013,8,2013-08,Neuquén,16391.3214193548
2013,8,2013-08,Rio Negro,6838.58312903226
2013,8,2013-08,Salta,829.684322580645
2013,8,2013-08,San Juan,0
2013,8,2013-08,Santa Cruz,18939.3858064516
2013,8,2013-08,Tierra del Fuego,1470.47477419355
2013,9,2013-09,Chubut,24572.005
2013,9,2013-09,Estado Nacional,776.103666666667
2013,9,2013-09,Formosa,378.743
2013,9,2013-09,Jujuy,42.0156666666667
2013,9,2013-09,La Pampa,4201.846301051
2013,9,2013-09,La Rioja,0
2013,9,2013-09,Mendoza,12131.1139201357
2013,9,2013-09,Neuquén,16907.4304
2013,9,2013-09,Rio Negro,6755.76426666667
2013,9,2013-09,Salta,867.036666666667
2013,9,2013-09,San Juan,0
2013,9,2013-09,Santa Cruz,18685.8766
2013,9,2013-09,Tierra del Fuego,1432.59066666667
2013,10,2013-10,Chubut,24629.1790645161
2013,10,2013-10,Córdoba,0
2013,10,2013-10,Estado Nacional,746.41
2013,10,2013-10,Formosa,377.258225806452
2013,10,2013-10,Jujuy,43.3696774193548
2013,10,2013-10,La Pampa,4160.10608299548
2013,10,2013-10,La Rioja,0
2013,10,2013-10,Mendoza,12223.3018620113
2013,10,2013-10,Neuquén,16769.0296129032
2013,10,2013-10,Rio Negro,6665.07451612903
2013,10,2013-10,Salta,826.377064516129
2013,10,2013-10,San Juan,0
2013,10,2013-10,Santa Cruz,19064.9560645161
2013,10,2013-10,Tierra del Fuego,1435.78064516129
2013,11,2013-11,Chubut,24349.8481333333
2013,11,2013-11,Córdoba,0
2013,11,2013-11,Estado Nacional,723.053
2013,11,2013-11,Formosa,380.47
2013,11,2013-11,Jujuy,41.7415
2013,11,2013-11,La Pampa,4133.43608625067
2013,11,2013-11,La Rioja,0
2013,11,2013-11,Mendoza,12108.9075141337
2013,11,2013-11,Neuquén,16696.1729187
2013,11,2013-11,Rio Negro,6425.25843333333
2013,11,2013-11,Salta,837.122333333333
2013,11,2013-11,San Juan,0
2013,11,2013-11,Santa Cruz,19326.5299536333
2013,11,2013-11,Tierra del Fuego,1356.8825828
2013,12,2013-12,Chubut,24277.6724193548
2013,12,2013-12,Córdoba,0
2013,12,2013-12,Estado Nacional,685.767419354839
2013,12,2013-12,Formosa,389.716129032258
2013,12,2013-12,Jujuy,38.751935483871
2013,12,2013-12,La Pampa,4252.81255192774
2013,12,2013-12,La Rioja,0
2013,12,2013-12,Mendoza,12017.6982515032
2013,12,2013-12,Neuquén,16765.5284134516
2013,12,2013-12,Rio Negro,6283.3564516129
2013,12,2013-12,Salta,852.069677419355
2013,12,2013-12,San Juan,0
2013,12,2013-12,Santa Cruz,18980.1241312258
2013,12,2013-12,Tierra del Fuego,1396.82142903226
2014,1,2014-01,Chubut,24247.1946129032
2014,1,2014-01,Córdoba,0
2014,1,2014-01,Estado Nacional,666.212903225806
2014,1,2014-01,Formosa,371.325483870968
2014,1,2014-01,Jujuy,38.7688064516129
2014,1,2014-01,La Pampa,4136.89389732903
2014,1,2014-01,La Rioja,0
2014,1,2014-01,Mendoza,12206.6196828352
2014,1,2014-01,Neuquén,16464.2061385806
2014,1,2014-01,Rio Negro,6326.05541935484
2014,1,2014-01,Salta,841.316129032258
2014,1,2014-01,San Juan,0
2014,1,2014-01,Santa Cruz,19070.2277155484
2014,1,2014-01,Tierra del Fuego,1346.49871935484
2014,2,2014-02,Chubut,24218.8350714286
2014,2,2014-02,Córdoba,0
2014,2,2014-02,Estado Nacional,652.008928571429
2014,2,2014-02,Formosa,367.596428571429
2014,2,2014-02,Jujuy,39.18
2014,2,2014-02,La Pampa,4061.25498834214
2014,2,2014-02,La Rioja,0
2014,2,2014-02,Mendoza,12161.0507908118
2014,2,2014-02,Neuquén,16514.8170459643
2014,2,2014-02,Rio Negro,6311.18132142857
2014,2,2014-02,Salta,865.749642857143
2014,2,2014-02,San Juan,0
2014,2,2014-02,Santa Cruz,19111.6553649643
2014,2,2014-02,Tierra del Fuego,1379.57908571429
2014,3,2014-03,Chubut,24531.5234516129
2014,3,2014-03,Córdoba,0
2014,3,2014-03,Estado Nacional,666.763225806452
2014,3,2014-03,Formosa,337.504193548387
2014,3,2014-03,Jujuy,39.0402903225806
2014,3,2014-03,La Pampa,3916.97311808226
2014,3,2014-03,La Rioja,0
2014,3,2014-03,Mendoza,11786.8846708261
2014,3,2014-03,Neuquén,16323.7870243871
2014,3,2014-03,Rio Negro,6329.72383870968
2014,3,2014-03,Salta,837.192258064516
2014,3,2014-03,San Juan,0
2014,3,2014-03,Santa Cruz,18799.1832931613
2014,3,2014-03,Tierra del Fuego,1397.90137135484
2014,4,2014-04,Chubut,24391.0406666667
2014,4,2014-04,Córdoba,0
2014,4,2014-04,Estado Nacional,587.713
2014,4,2014-04,Formosa,322.442666666667
2014,4,2014-04,Jujuy,39.18
2014,4,2014-04,La Pampa,3775.80619504567
2014,4,2014-04,La Rioja,0
2014,4,2014-04,Mendoza,11103.434827952
2014,4,2014-04,Neuquén,15334.0526172667
2014,4,2014-04,Rio Negro,5906.1998
2014,4,2014-04,Salta,795.414666666667
2014,4,2014-04,San Juan,0
2014,4,2014-04,Santa Cruz,18383.2146887667
2014,4,2014-04,Tierra del Fuego,1187.3949
2014,5,2014-05,Chubut,24635.8863225806
2014,5,2014-05,Córdoba,0
2014,5,2014-05,Estado Nacional,752.816451612903
2014,5,2014-05,Formosa,322.132258064516
2014,5,2014-05,Jujuy,39.1668709677419
2014,5,2014-05,La Pampa,3860.3308617629
2014,5,2014-05,La Rioja,0
2014,5,2014-05,Mendoza,11330.2534883303
2014,5,2014-05,Neuquén,16641.2230143226
2014,5,2014-05,Rio Negro,6128.02651612903
2014,5,2014-05,Salta,787.647096774194
2014,5,2014-05,San Juan,0
2014,5,2014-05,Santa Cruz,18161.6798308387
2014,5,2014-05,Tierra del Fuego,1354.5743
2014,6,2014-06,Chubut,24666.4926666667
2014,6,2014-06,Córdoba,0
2014,6,2014-06,Estado Nacional,775.738433333333
2014,6,2014-06,Formosa,371.754433333333
2014,6,2014-06,Jujuy,42.16
2014,6,2014-06,La Pampa,3813.16628876333
2014,6,2014-06,La Rioja,0
2014,6,2014-06,Mendoza,11436.9224968523
2014,6,2014-06,Neuquén,17044.9158574667
2014,6,2014-06,Rio Negro,6133.55926666667
2014,6,2014-06,Salta,772.1303
2014,6,2014-06,San Juan,0
2014,6,2014-06,Santa Cruz,17873.3732417333
2014,6,2014-06,Tierra del Fuego,1354.4816
2014,7,2014-07,Chubut,24759.5784739581
2014,7,2014-07,Córdoba,0
2014,7,2014-07,Estado Nacional,785.809322580645
2014,7,2014-07,Formosa,369.175806451613
2014,7,2014-07,Jujuy,41.1923225806452
2014,7,2014-07,La Pampa,3800.32908220903
2014,7,2014-07,La Rioja,0
2014,7,2014-07,Mendoza,11399.8059248045
2014,7,2014-07,Neuquén,16676.9721980968
2014,7,2014-07,Rio Negro,5735.57277419355
2014,7,2014-07,Salta,770.416774193548
2014,7,2014-07,San Juan,0
2014,7,2014-07,Santa Cruz,17778.46308
2014,7,2014-07,Tierra del Fuego,1340.2247363871
2014,8,2014-08,Chubut,24806.7437687968
2014,8,2014-08,Córdoba,0
2014,8,2014-08,Estado Nacional,739.001935483871
2014,8,2014-08,Formosa,392.991870967742
2014,8,2014-08,Jujuy,41.5733870967742
2014,8,2014-08,La Pampa,3795.06938550548
2014,8,2014-08,La Rioja,0
2014,8,2014-08,Mendoza,11611.5031297161
2014,8,2014-08,Neuquén,17442.3511677419
2014,8,2014-08,Rio Negro,6134.73587096774
2014,8,2014-08,Salta,754.025774193548
2014,8,2014-08,San Juan,0
2014,8,2014-08,Santa Cruz,17052.5020645161
2014,8,2014-08,Tierra del Fuego,1313.44090322581
2014,9,2014-09,Chubut,24848.9290702733
2014,9,2014-09,Córdoba,0
2014,9,2014-09,Estado Nacional,779.213666666667
2014,9,2014-09,Formosa,428.201066666667
2014,9,2014-09,Jujuy,42.16
2014,9,2014-09,La Pampa,3938.97020159933
2014,9,2014-09,La Rioja,0
2014,9,2014-09,Mendoza,11742.5831917567
2014,9,2014-09,Neuquén,17725.5446066667
2014,9,2014-09,Rio Negro,6022.70543333333
2014,9,2014-09,Salta,732.054433333333
2014,9,2014-09,San Juan,0
2014,9,2014-09,Santa Cruz,18269.2927
2014,9,2014-09,Tierra del Fuego,1260.38256666667
2014,10,2014-10,Chubut,25013.9792580645
2014,10,2014-10,Córdoba,0
2014,10,2014-10,Estado Nacional,675.203225806452
2014,10,2014-10,Formosa,417.829161290323
2014,10,2014-10,Jujuy,41.8503225806452
2014,10,2014-10,La Pampa,3888.65137748742
2014,10,2014-10,La Rioja,0
2014,10,2014-10,Mendoza,11929.7915397313
2014,10,2014-10,Neuquén,17402.2365741936
2014,10,2014-10,Rio Negro,5781.27738709677
2014,10,2014-10,Salta,695.378709677419
2014,10,2014-10,San Juan,0
2014,10,2014-10,Santa Cruz,18561.5435806452
2014,10,2014-10,Tierra del Fuego,1227.66141935484
2014,11,2014-11,Chubut,25201.90379379
2014,11,2014-11,Córdoba,0
2014,11,2014-11,Estado Nacional,750.395166666667
2014,11,2014-11,Formosa,391.910266666667
2014,11,2014-11,Jujuy,41.52
2014,11,2014-11,La Pampa,3637.37855798533
2014,11,2014-11,La Rioja,0
2014,11,2014-11,Mendoza,11628.6149945623
2014,11,2014-11,Neuquén,17111.9496366667
2014,11,2014-11,Rio Negro,5691.76403333333
2014,11,2014-11,Salta,679.3795
2014,11,2014-11,San Juan,0
2014,11,2014-11,Santa Cruz,18442.4639333333
2014,11,2014-11,Tierra del Fuego,1266.29333333333
2014,12,2014-12,Chubut,25320.4541542806
2014,12,2014-12,Córdoba,0
2014,12,2014-12,Estado Nacional,676.171612903226
2014,12,2014-12,Formosa,354.238709677419
2014,12,2014-12,Jujuy,40.7877419354839
2014,12,2014-12,La Pampa,3812.49545422065
2014,12,2014-12,La Rioja,0
2014,12,2014-12,Mendoza,12111.1711709623
2014,12,2014-12,Neuquén,16942.5013677419
2014,12,2014-12,Rio Negro,5664.45041935484
2014,12,2014-12,Salta,708.469677419355
2014,12,2014-12,San Juan,0
2014,12,2014-12,Santa Cruz,18077.2148709677
2014,12,2014-12,Tierra del Fuego,1265.70432258065
2015,1,2015-01,Chubut,25079.9851236343
2015,1,2015-01,Estado Nacional,727.653548387097
2015,1,2015-01,Formosa,352.271225806452
2015,1,2015-01,Jujuy,40.07
2015,1,2015-01,La Pampa,3972.44352140419
2015,1,2015-01,La Rioja,0
2015,1,2015-01,Mendoza,11969.0321587106
2015,1,2015-01,Neuquén,16815.2362774194
2015,1,2015-01,Rio Negro,5579.69903225807
2015,1,2015-01,Salta,749.245064516129
2015,1,2015-01,San Juan,0
2015,1,2015-01,Santa Cruz,18209.0604
2015,1,2015-01,Tierra del Fuego,1285.23816129032
2015,2,2015-02,Chubut,25487.0199642857
2015,2,2015-02,Estado Nacional,659.169285714286
2015,2,2015-02,Formosa,353.226642857143
2015,2,2015-02,Jujuy,40.07
2015,2,2015-02,La Pampa,3829.67112575607
2015,2,2015-02,La Rioja,0
2015,2,2015-02,Mendoza,11943.7818927207
2015,2,2015-02,Neuquén,16323.8611714286
2015,2,2015-02,Rio Negro,5485.79821428571
2015,2,2015-02,Salta,738.427535714286
2015,2,2015-02,San Juan,0
2015,2,2015-02,Santa Cruz,17947.4765714286
2015,2,2015-02,Tierra del Fuego,1265.01103571429
2015,3,2015-03,Chubut,25531.8081290323
2015,3,2015-03,Estado Nacional,685.601935483871
2015,3,2015-03,Formosa,360.024709677419
2015,3,2015-03,Jujuy,39.8077419354839
2015,3,2015-03,La Pampa,3822.54057919774
2015,3,2015-03,La Rioja,0
2015,3,2015-03,Mendoza,12119.9360042132
2015,3,2015-03,Neuquén,16638.8140645161
2015,3,2015-03,Rio Negro,5490.39119354839
2015,3,2015-03,Salta,745.607806451613
2015,3,2015-03,San Juan,0
2015,3,2015-03,Santa Cruz,17841.8976129032
2015,3,2015-03,Tierra del Fuego,1223.787
2015,4,2015-04,Chubut,25431.0530194407
2015,4,2015-04,Estado Nacional,774.141
2015,4,2015-04,Formosa,356.195566666667
2015,4,2015-04,Jujuy,39.3531
2015,4,2015-04,La Pampa,3765.723388281
2015,4,2015-04,La Rioja,0
2015,4,2015-04,Mendoza,12319.6754046557
2015,4,2015-04,Neuquén,16829.7230666667
2015,4,2015-04,Rio Negro,5564.09913333333
2015,4,2015-04,Salta,784.6254
2015,4,2015-04,San Juan,0
2015,4,2015-04,Santa Cruz,17738.0590666667
2015,4,2015-04,Tierra del Fuego,1183.07203333333
2015,5,2015-05,Chubut,25732.7676451613
2015,5,2015-05,Estado Nacional,749.859677419355
2015,5,2015-05,Formosa,373.907193548387
2015,5,2015-05,Jujuy,39.9703225806452
2015,5,2015-05,La Pampa,3595.93905260484
2015,5,2015-05,La Rioja,0
2015,5,2015-05,Mendoza,12328.213276311
2015,5,2015-05,Neuquén,17064.7391525806
2015,5,2015-05,Rio Negro,5592.60548387097
2015,5,2015-05,Salta,843.680193548387
2015,5,2015-05,San Juan,0
2015,5,2015-05,Santa Cruz,17702.2462903226
2015,5,2015-05,Tierra del Fuego,1251.20119354839
2015,6,2015-06,Chubut,25710.8002
2015,6,2015-06,Estado Nacional,747.695333333333
2015,6,2015-06,Formosa,358.8236
2015,6,2015-06,Jujuy,38.3293333333333
2015,6,2015-06,La Pampa,3605.45972441167
2015,6,2015-06,La Rioja,0
2015,6,2015-06,Mendoza,12197.7099764253
2015,6,2015-06,Neuquén,16901.4715139667
2015,6,2015-06,Rio Negro,5472.60553333333
2015,6,2015-06,Salta,867.1261
2015,6,2015-06,San Juan,0
2015,6,2015-06,Santa Cruz,17723.1734200333
2015,6,2015-06,Tierra del Fuego,1220.75943333333
2015,7,2015-07,Chubut,25802.1548064516
2015,7,2015-07,Estado Nacional,724.570322580645
2015,7,2015-07,Formosa,375.642774193548
2015,7,2015-07,Jujuy,37.7677741935484
2015,7,2015-07,La Pampa,3517.21042188032
2015,7,2015-07,La Rioja,0
2015,7,2015-07,Mendoza,12195.0220406742
2015,7,2015-07,Neuquén,16710.0280583548
2015,7,2015-07,Rio Negro,5479.50032258065
2015,7,2015-07,Salta,845.225322580645
2015,7,2015-07,San Juan,0
2015,7,2015-07,Santa Cruz,17727.3721616452
2015,7,2015-07,Tierra del Fuego,1195.5327363871
2015,8,2015-08,Chubut,24968.1568709677
2015,8,2015-08,Estado Nacional,796.416129032258
2015,8,2015-08,Formosa,391.798
2015,8,2015-08,Jujuy,37.98
2015,8,2015-08,La Pampa,3520.79829626484
2015,8,2015-08,La Rioja,0
2015,8,2015-08,Mendoza,12435.1313495826
2015,8,2015-08,Neuquén,16667.9513616129
2015,8,2015-08,Rio Negro,5579.70293548387
2015,8,2015-08,Salta,852.351193548387
2015,8,2015-08,San Juan,0
2015,8,2015-08,Santa Cruz,17706.4885139677
2015,8,2015-08,Tierra del Fuego,1183.14096774194
2015,9,2015-09,Chubut,24819.1150894407
2015,9,2015-09,Estado Nacional,778.222666666667
2015,9,2015-09,Formosa,362.557933333333
2015,9,2015-09,Jujuy,37.98
2015,9,2015-09,La Pampa,3376.537668096
2015,9,2015-09,La Rioja,0
2015,9,2015-09,Mendoza,12648.9382569283
2015,9,2015-09,Neuquén,16765.6807909
2015,9,2015-09,Rio Negro,5826.1617
2015,9,2015-09,Salta,850.1959
2015,9,2015-09,San Juan,0
2015,9,2015-09,Santa Cruz,17799.1901570667
2015,9,2015-09,Tierra del Fuego,1141.92990606667
2015,10,2015-10,Chubut,25401.9851849246
2015,10,2015-10,Estado Nacional,782.147096774194
2015,10,2015-10,Formosa,362.177741935484
2015,10,2015-10,Jujuy,37.7416129032258
2015,10,2015-10,La Pampa,3171.84843372742
2015,10,2015-10,La Rioja,0
2015,10,2015-10,Mendoza,12661.8301128439
2015,10,2015-10,Neuquén,17071.0935937742
2015,10,2015-10,Rio Negro,5651.40048387097
2015,10,2015-10,Salta,836.285267741936
2015,10,2015-10,San Juan,0
2015,10,2015-10,Santa Cruz,18023.7498974194
2015,10,2015-10,Tierra del Fuego,1122.38538709677
2015,11,2015-11,Chubut,25436.0319527741
2015,11,2015-11,Estado Nacional,648.937333333333
2015,11,2015-11,Formosa,399.939966666667
2015,11,2015-11,Jujuy,36.411
2015,11,2015-11,La Pampa,3218.506841432
2015,11,2015-11,La Rioja,0
2015,11,2015-11,Mendoza,12509.2166297903
2015,11,2015-11,Neuquén,16523.665249
2015,11,2015-11,Rio Negro,5719.98776666667
2015,11,2015-11,Salta,788.5913
2015,11,2015-11,San Juan,0
2015,11,2015-11,Santa Cruz,18214.7489803667
2015,11,2015-11,Tierra del Fuego,1111.23923333333
2015,12,2015-12,Chubut,25304.4538220214
2015,12,2015-12,Estado Nacional,592.643870967742
2015,12,2015-12,Formosa,365.097161290323
2015,12,2015-12,Jujuy,36.7632258064516
2015,12,2015-12,La Pampa,3248.80385045936
2015,12,2015-12,La Rioja,0
2015,12,2015-12,Mendoza,12513.3969134503
2015,12,2015-12,Neuquén,16809.1852663871
2015,12,2015-12,Rio Negro,5768.75119354839
2015,12,2015-12,Salta,815.631387096774
2015,12,2015-12,San Juan,0
2015,12,2015-12,Santa Cruz,18188.77596
2015,12,2015-12,Tierra del Fuego,969.127419354839
2016,1,2016-01,Chubut,24842.3261290323
2016,1,2016-01,Estado Nacional,711.482580645161
2016,1,2016-01,Formosa,342.863548387097
2016,1,2016-01,Jujuy,36.3461290322581
2016,1,2016-01,La Pampa,3223.35677023032
2016,1,2016-01,La Rioja,0
2016,1,2016-01,Mendoza,12451.6762913252
2016,1,2016-01,Neuquén,16462.2298167742
2016,1,2016-01,Rio Negro,5542.55119354839
2016,1,2016-01,Salta,810.800677419355
2016,1,2016-01,San Juan,0
2016,1,2016-01,Santa Cruz,17931.0081267742
2016,1,2016-01,Tierra del Fuego,1102.277957
2016,2,2016-02,Chubut,24378.1287347856
2016,2,2016-02,Estado Nacional,702.619310344828
2016,2,2016-02,Formosa,344.303137931034
2016,2,2016-02,Jujuy,34.8020689655172
2016,2,2016-02,La Pampa,3431.38045754724
2016,2,2016-02,La Rioja,0
2016,2,2016-02,Mendoza,12551.5772115228
2016,2,2016-02,Neuquén,16094.2844780345
2016,2,2016-02,Rio Negro,5577.34324137931
2016,2,2016-02,Salta,804.520896551724
2016,2,2016-02,San Juan,0
2016,2,2016-02,Santa Cruz,17419.4357420345
2016,2,2016-02,Tierra del Fuego,1060.5091497931
2016,3,2016-03,Chubut,24613.098
2016,3,2016-03,Estado Nacional,609.385548387097
2016,3,2016-03,Formosa,324.156451612903
2016,3,2016-03,Jujuy,32.7883870967742
2016,3,2016-03,La Pampa,3366.12466208226
2016,3,2016-03,La Rioja,0
2016,3,2016-03,Mendoza,12718.1240539548
2016,3,2016-03,Neuquén,16206.0899556452
2016,3,2016-03,Rio Negro,5597.41516129032
2016,3,2016-03,Salta,783.901774193548
2016,3,2016-03,San Juan,0
2016,3,2016-03,Santa Cruz,17506.3459510968
2016,3,2016-03,Tierra del Fuego,1177.58958064516
2016,4,2016-04,Chubut,24290.4461
2016,4,2016-04,Estado Nacional,701.1896
2016,4,2016-04,Formosa,305.2726
2016,4,2016-04,Jujuy,32.508
2016,4,2016-04,La Pampa,3303.78738228533
2016,4,2016-04,La Rioja,0
2016,4,2016-04,Mendoza,12830.6610881603
2016,4,2016-04,Neuquén,16332.9253621333
2016,4,2016-04,Rio Negro,5592.43053333333
2016,4,2016-04,Salta,793.530133333333
2016,4,2016-04,San Juan,0
2016,4,2016-04,Santa Cruz,17421.0712410333
2016,4,2016-04,Tierra del Fuego,1221.81456666667
2016,5,2016-05,Chubut,23406.5101478278
2016,5,2016-05,Estado Nacional,638.049548387097
2016,5,2016-05,Formosa,311.325
2016,5,2016-05,Jujuy,32.74
2016,5,2016-05,La Pampa,3192.52886018032
2016,5,2016-05,La Rioja,0
2016,5,2016-05,Mendoza,12539.93936096
2016,5,2016-05,Neuquén,15985.3171031935
2016,5,2016-05,Rio Negro,5453.212
2016,5,2016-05,Salta,812.191258064516
2016,5,2016-05,San Juan,0
2016,5,2016-05,Santa Cruz,15854.2681331935
2016,5,2016-05,Tierra del Fuego,1134.77280645161
2016,6,2016-06,Chubut,23975.0946427741
2016,6,2016-06,Estado Nacional,652.0268
2016,6,2016-06,Formosa,300.6494
2016,6,2016-06,Jujuy,32.74
2016,6,2016-06,La Pampa,2938.257726121
2016,6,2016-06,La Rioja,0
2016,6,2016-06,Mendoza,12107.5495035493
2016,6,2016-06,Neuquén,15968.8763491667
2016,6,2016-06,Rio Negro,5105.05346666667
2016,6,2016-06,Salta,808.6084
2016,6,2016-06,San Juan,0
2016,6,2016-06,Santa Cruz,16542.4488677
2016,6,2016-06,Tierra del Fuego,1154.5615
2016,7,2016-07,Chubut,23772.3831612903
2016,7,2016-07,Estado Nacional,708.087677419355
2016,7,2016-07,Formosa,271.425290322581
2016,7,2016-07,Jujuy,32.74
2016,7,2016-07,La Pampa,3150.2218693029
2016,7,2016-07,La Rioja,0
2016,7,2016-07,Mendoza,12595.0938065284
2016,7,2016-07,Neuquén,16472.7502143226
2016,7,2016-07,Rio Negro,5420.99606451613
2016,7,2016-07,Salta,816.246161290323
2016,7,2016-07,San Juan,0
2016,7,2016-07,Santa Cruz,16911.2710562903
2016,7,2016-07,Tierra del Fuego,1196.68993548387
2016,8,2016-08,Chubut,23833.4138709677
2016,8,2016-08,Estado Nacional,672.260258064516
2016,8,2016-08,Formosa,244.272516129032
2016,8,2016-08,Jujuy,32.74
2016,8,2016-08,La Pampa,3109.8261578029
2016,8,2016-08,La Rioja,0
2016,8,2016-08,Mendoza,12440.2054062513
2016,8,2016-08,Neuquén,16557.4541796129
2016,8,2016-08,Rio Negro,5579.30770967742
2016,8,2016-08,Salta,780.133548387097
2016,8,2016-08,San Juan,0
2016,8,2016-08,Santa Cruz,16538.6006010645
2016,8,2016-08,Tierra del Fuego,1221.74885135484
2016,9,2016-09,Chubut,24041.2963666667
2016,9,2016-09,Estado Nacional,619.568946666667
2016,9,2016-09,Formosa,210.998233333333
2016,9,2016-09,Jujuy,32.74
2016,9,2016-09,La Pampa,3126.047413251
2016,9,2016-09,La Rioja,0
2016,9,2016-09,Mendoza,12488.167641537
2016,9,2016-09,Neuquén,16408.8263107333
2016,9,2016-09,Rio Negro,5570.21223333333
2016,9,2016-09,Salta,804.233233333333
2016,9,2016-09,San Juan,0
2016,9,2016-09,Santa Cruz,16956.0716122333
2016,9,2016-09,Tierra del Fuego,1286.655222
2016,10,2016-10,Chubut,24105.9658316988
2016,10,2016-10,Estado Nacional,631.345548387097
2016,10,2016-10,Formosa,261.649580645161
2016,10,2016-10,Jujuy,32.74
2016,10,2016-10,La Pampa,3023.1798178629
2016,10,2016-10,La Rioja,0
2016,10,2016-10,Mendoza,12341.5860841581
2016,10,2016-10,Neuquén,16402.870816129
2016,10,2016-10,Rio Negro,5449.89635483871
2016,10,2016-10,Salta,777.014548387097
2016,10,2016-10,San Juan,0
2016,10,2016-10,Santa Cruz,16916.6285938065
2016,10,2016-10,Tierra del Fuego,1243.88164270968
2016,11,2016-11,Chubut,23670.3215333333
2016,11,2016-11,Estado Nacional,587.241333333333
2016,11,2016-11,Formosa,281.886533333333
2016,11,2016-11,Jujuy,33
2016,11,2016-11,La Pampa,3085.24248276633
2016,11,2016-11,La Rioja,0
2016,11,2016-11,Mendoza,12246.407650876
2016,11,2016-11,Neuquén,16040.1487733333
2016,11,2016-11,Rio Negro,5353.17276666667
2016,11,2016-11,Salta,758.228566666667
2016,11,2016-11,San Juan,0
2016,11,2016-11,Santa Cruz,16713.8595362
2016,11,2016-11,Tierra del Fuego,1047.57052556667
2016,12,2016-12,Chubut,23663.0585528109
2016,12,2016-12,Estado Nacional,463.026451612903
2016,12,2016-12,Formosa,305.872419354839
2016,12,2016-12,Jujuy,33.1235483870968
2016,12,2016-12,La Pampa,2989.07182167258
2016,12,2016-12,La Rioja,0
2016,12,2016-12,Mendoza,11956.3238757465
2016,12,2016-12,Neuquén,15798.6506709677
2016,12,2016-12,Rio Negro,5184.72587096774
2016,12,2016-12,Salta,742.479
2016,12,2016-12,San Juan,0
2016,12,2016-12,Santa Cruz,16400.0299546129
2016,12,2016-12,Tierra del Fuego,1117.93749254839
2017,1,2017-01,Chubut,23623.6749800859
2017,1,2017-01,Estado Nacional,509.558774193548
2017,1,2017-01,Formosa,287.653548387097
2017,1,2017-01,Jujuy,34.75
2017,1,2017-01,La Pampa,3069.11712176903
2017,1,2017-01,La Rioja,0
2017,1,2017-01,Mendoza,12140.9107066106
2017,1,2017-01,Neuquén,15957.8292516129
2017,1,2017-01,Rio Negro,5253.27790322581
2017,1,2017-01,Salta,726.042838709677
2017,1,2017-01,San Juan,0
2017,1,2017-01,Santa Cruz,16371.4936994516
2017,1,2017-01,Tierra del Fuego,1097.29919374194
2017,2,2017-02,Chubut,23593.914210155
2017,2,2017-02,Estado Nacional,405.234107142857
2017,2,2017-02,Formosa,300.675107142857
2017,2,2017-02,Jujuy,35.1678571428571
2017,2,2017-02,La Pampa,3144.78019396179
2017,2,2017-02,La Rioja,0
2017,2,2017-02,Mendoza,11635.7167729932
2017,2,2017-02,Neuquén,14982.5832928571
2017,2,2017-02,Rio Negro,5114.46596428571
2017,2,2017-02,Salta,730.493785714286
2017,2,2017-02,San Juan,0
2017,2,2017-02,Santa Cruz,16423.8448890357
2017,2,2017-02,Tierra del Fuego,858.140812928571
2017,3,2017-03,Chubut,22922.8198849426
2017,3,2017-03,Estado Nacional,583.315258064516
2017,3,2017-03,Formosa,290.836451612903
2017,3,2017-03,Jujuy,34.4320322580645
2017,3,2017-03,La Pampa,3063.02806165129
2017,3,2017-03,La Rioja,0
2017,3,2017-03,Mendoza,11903.48966783
2017,3,2017-03,Neuquén,15437.668
2017,3,2017-03,Rio Negro,5140.90641935484
2017,3,2017-03,Salta,752.175580645161
2017,3,2017-03,San Juan,0
2017,3,2017-03,Santa Cruz,16025.3982751613
2017,3,2017-03,Tierra del Fuego,1021.76368970968
2017,4,2017-04,Chubut,19252.0297496458
2017,4,2017-04,Estado Nacional,570.705
2017,4,2017-04,Formosa,273.5251
2017,4,2017-04,Jujuy,34.5417333333333
2017,4,2017-04,La Pampa,2854.519435165
2017,4,2017-04,La Rioja,0
2017,4,2017-04,Mendoza,11551.8467118393
2017,4,2017-04,Neuquén,14983.7454766667
2017,4,2017-04,Rio Negro,5224.4502
2017,4,2017-04,Salta,778.567833333333
2017,4,2017-04,San Juan,0
2017,4,2017-04,Santa Cruz,15656.2611661
2017,4,2017-04,Tierra del Fuego,978.757869366667
2017,5,2017-05,Chubut,21849.932810731
2017,5,2017-05,Estado Nacional,520.400290322581
2017,5,2017-05,Formosa,249.859
2017,5,2017-05,Jujuy,35.2
2017,5,2017-05,La Pampa,2716.18331261903
2017,5,2017-05,La Rioja,0
2017,5,2017-05,Mendoza,11394.8483174032
2017,5,2017-05,Neuquén,15321.2504290323
2017,5,2017-05,Rio Negro,5136.80219354839
2017,5,2017-05,Salta,756.562451612903
2017,5,2017-05,San Juan,0
2017,5,2017-05,Santa Cruz,15633.4355629258
2017,5,2017-05,Tierra del Fuego,1082.01979951613
2017,6,2017-06,Chubut,19825.7339911074
2017,6,2017-06,Estado Nacional,527.260266666667
2017,6,2017-06,Formosa,259.57
2017,6,2017-06,Jujuy,35.56
2017,6,2017-06,La Pampa,2965.41275508267
2017,6,2017-06,La Rioja,0
2017,6,2017-06,Mendoza,11899.2873117473
2017,6,2017-06,Neuquén,15872.8161333333
2017,6,2017-06,Rio Negro,5125.6477
2017,6,2017-06,Salta,728.802266666667
2017,6,2017-06,San Juan,0
2017,6,2017-06,Santa Cruz,15052.3904567333
2017,6,2017-06,Tierra del Fuego,1087.5226653
2017,7,2017-07,Chubut,21130.7730510536
2017,7,2017-07,Estado Nacional,640.723516129032
2017,7,2017-07,Formosa,247.192096774194
2017,7,2017-07,Jujuy,36.1
2017,7,2017-07,La Pampa,3013.24598712387
2017,7,2017-07,La Rioja,0
2017,7,2017-07,Mendoza,12190.2588496771
2017,7,2017-07,Neuquén,15843.0086129032
2017,7,2017-07,Rio Negro,5345.68648387097
2017,7,2017-07,Salta,713.826129032258
2017,7,2017-07,San Juan,0
2017,7,2017-07,Santa Cruz,15081.6731191613
2017,7,2017-07,Tierra del Fuego,1026.82487141935
2017,8,2017-08,Chubut,22285.2671576496
2017,8,2017-08,Estado Nacional,546.135677419355
2017,8,2017-08,Formosa,251.475032258065
2017,8,2017-08,Jujuy,36.1
2017,8,2017-08,La Pampa,2871.76015022129
2017,8,2017-08,La Rioja,0
2017,8,2017-08,Mendoza,12172.9467558365
2017,8,2017-08,Neuquén,15539.2989677419
2017,8,2017-08,Rio Negro,5345.63032258065
2017,8,2017-08,Salta,703.274064516129
2017,8,2017-08,San Juan,0
2017,8,2017-08,Santa Cruz,15251.3377985806
2017,8,2017-08,Tierra del Fuego,1156.580557
2017,9,2017-09,Chubut,22793.7714911074
2017,9,2017-09,Estado Nacional,504.683
2017,9,2017-09,Formosa,245.710833333333
2017,9,2017-09,Jujuy,36.1
2017,9,2017-09,La Pampa,2982.75184361433
2017,9,2017-09,La Rioja,0
2017,9,2017-09,Mendoza,12378.4971184047
2017,9,2017-09,Neuquén,15806.0651
2017,9,2017-09,Rio Negro,5195.82193333333
2017,9,2017-09,Salta,679.908033333333
2017,9,2017-09,San Juan,0
2017,9,2017-09,Santa Cruz,15254.2874525667
2017,9,2017-09,Tierra del Fuego,1161.8820114
2017,10,2017-10,Chubut,23265.5805671827
2017,10,2017-10,Estado Nacional,589.210935483871
2017,10,2017-10,Formosa,223.171
2017,10,2017-10,Jujuy,35.7267741935484
2017,10,2017-10,La Pampa,2787.28688427
2017,10,2017-10,La Rioja,0
2017,10,2017-10,Mendoza,12343.3990188658
2017,10,2017-10,Neuquén,15826.7751612903
2017,10,2017-10,Rio Negro,5313.15483870968
2017,10,2017-10,Salta,684.911741935484
2017,10,2017-10,San Juan,0
2017,10,2017-10,Santa Cruz,15503.3579680323
2017,10,2017-10,Tierra del Fuego,1242.67024541935
2017,11,2017-11,Chubut,23444.7744777741
2017,11,2017-11,Estado Nacional,478.956033333333
2017,11,2017-11,Formosa,209.3793
2017,11,2017-11,Jujuy,35.6743333333333
2017,11,2017-11,La Pampa,2879.71250850433
2017,11,2017-11,La Rioja,0
2017,11,2017-11,Mendoza,12371.5565078307
2017,11,2017-11,Neuquén,15817.9740666667
2017,11,2017-11,Rio Negro,5121.452
2017,11,2017-11,Salta,654.399333333333
2017,11,2017-11,San Juan,0
2017,11,2017-11,Santa Cruz,15477.2725474333
2017,11,2017-11,Tierra del Fuego,1245.30831766667
2017,12,2017-12,Chubut,23525.1911687956
2017,12,2017-12,Estado Nacional,624.411129032258
2017,12,2017-12,Formosa,220.512387096774
2017,12,2017-12,Jujuy,35.4738709677419
2017,12,2017-12,La Pampa,2682.28345490065
2017,12,2017-12,La Rioja,0
2017,12,2017-12,Mendoza,12398.818285199
2017,12,2017-12,Neuquén,15549.9547096774
2017,12,2017-12,Rio Negro,5120.33887096774
2017,12,2017-12,Salta,649.668903225807
2017,12,2017-12,San Juan,0
2017,12,2017-12,Santa Cruz,15310.0437173548
2017,12,2017-12,Tierra del Fuego,1255.60309025806
2018,1,2018-01,Chubut,23131.1743401941
2018,1,2018-01,Estado Nacional,593.863548387097
2018,1,2018-01,Formosa,215.355806451613
2018,1,2018-01,Jujuy,35.0858064516129
2018,1,2018-01,La Pampa,2751.81581176258
2018,1,2018-01,La Rioja,0
2018,1,2018-01,Mendoza,12096.6477348171
2018,1,2018-01,Neuquén,15619.9570967742
2018,1,2018-01,Rio Negro,5123.89748387097
2018,1,2018-01,Salta,658.888322580645
2018,1,2018-01,San Juan,0
2018,1,2018-01,Santa Cruz,14910.5585782258
2018,1,2018-01,Tierra del Fuego,1322.40625496774
2018,2,2018-02,Chubut,23329.4577857143
2018,2,2018-02,Estado Nacional,629.703214285714
2018,2,2018-02,Formosa,211.898821428571
2018,2,2018-02,Jujuy,35.1300357142857
2018,2,2018-02,La Pampa,2711.53995997357
2018,2,2018-02,La Rioja,0
2018,2,2018-02,Mendoza,11935.8470737207
2018,2,2018-02,Neuquén,16139.1225357143
2018,2,2018-02,Rio Negro,4982.30782142857
2018,2,2018-02,Salta,624.289857142857
2018,2,2018-02,San Juan,0
2018,2,2018-02,Santa Cruz,14843.9218080714
2018,2,2018-02,Tierra del Fuego,1323.71708357143
2018,3,2018-03,Chubut,23595.3710967742
2018,3,2018-03,Estado Nacional,639.42064516129
2018,3,2018-03,Formosa,200.242709677419
2018,3,2018-03,Jujuy,33.611935483871
2018,3,2018-03,La Pampa,2651.57659801258
2018,3,2018-03,La Rioja,0
2018,3,2018-03,Mendoza,11979.128747139
2018,3,2018-03,Neuquén,16701.1350967742
2018,3,2018-03,Rio Negro,4995.10848387097
2018,3,2018-03,Salta,608.446741935484
2018,3,2018-03,San Juan,0
2018,3,2018-03,Santa Cruz,14767.8075323871
2018,3,2018-03,Tierra del Fuego,1313.01355025806
2018,4,2018-04,Chubut,23486.4821333333
2018,4,2018-04,Estado Nacional,613.2947
2018,4,2018-04,Formosa,212.3237
2018,4,2018-04,Jujuy,33.4909333333333
2018,4,2018-04,La Pampa,2801.39081407267
2018,4,2018-04,La Rioja,0
2018,4,2018-04,Mendoza,11893.9704815473
2018,4,2018-04,Neuquén,16808.1175333333
2018,4,2018-04,Rio Negro,4990.8932
2018,4,2018-04,Salta,602.3314
2018,4,2018-04,San Juan,0
2018,4,2018-04,Santa Cruz,14515.238401
2018,4,2018-04,Tierra del Fuego,1412.89743903333
2018,5,2018-05,Chubut,23465.2631290323
2018,5,2018-05,Estado Nacional,655.787032258065
2018,5,2018-05,Formosa,198.111612903226
2018,5,2018-05,Jujuy,34.6209677419355
2018,5,2018-05,La Pampa,2734.79643070097
2018,5,2018-05,La Rioja,0
2018,5,2018-05,Mendoza,11701.5123957184
2018,5,2018-05,Neuquén,17025.7337096774
2018,5,2018-05,Rio Negro,4887.5054516129
2018,5,2018-05,Salta,653.083838709677
2018,5,2018-05,San Juan,0
2018,5,2018-05,Santa Cruz,14362.2274048387
2018,5,2018-05,Tierra del Fuego,1424.92032177419
2018,6,2018-06,Chubut,23229.6375333333
2018,6,2018-06,Estado Nacional,651.572666666667
2018,6,2018-06,Formosa,193.6677
2018,6,2018-06,Jujuy,36.1
2018,6,2018-06,La Pampa,2730.66378845967
2018,6,2018-06,La Rioja,0
2018,6,2018-06,Mendoza,11601.4346503193
2018,6,2018-06,Neuquén,17099.3552333333
2018,6,2018-06,Rio Negro,4922.86093333333
2018,6,2018-06,Salta,636.8253
2018,6,2018-06,San Juan,0
2018,6,2018-06,Santa Cruz,14526.9488363667
2018,6,2018-06,Tierra del Fuego,1448.44952713333
2018,7,2018-07,Chubut,23359.5457419355
2018,7,2018-07,Estado Nacional,645.47935483871
2018,7,2018-07,Formosa,189.958580645161
2018,7,2018-07,Jujuy,33.0574193548387
2018,7,2018-07,La Pampa,2771.36251603484
2018,7,2018-07,La Rioja,0
2018,7,2018-07,Mendoza,11394.3863228265
2018,7,2018-07,Neuquén,17144.8264516129
2018,7,2018-07,Rio Negro,4927.30896774194
2018,7,2018-07,Salta,644.926290322581
2018,7,2018-07,San Juan,0
2018,7,2018-07,Santa Cruz,14280.3090010645
2018,7,2018-07,Tierra del Fuego,1479.33287980645
2018,8,2018-08,Chubut,23459.3174193548
2018,8,2018-08,Estado Nacional,663.047419354839
2018,8,2018-08,Formosa,192.085967741935
2018,8,2018-08,Jujuy,32.9487096774194
2018,8,2018-08,La Pampa,2718.51742253065
2018,8,2018-08,La Rioja,0
2018,8,2018-08,Mendoza,11332.0827696642
2018,8,2018-08,Neuquén,18193.0008709677
2018,8,2018-08,Rio Negro,4977.91848387097
2018,8,2018-08,Salta,655.626483870968
2018,8,2018-08,San Juan,0
2018,8,2018-08,Santa Cruz,14364.6935125161
2018,8,2018-08,Tierra del Fuego,1490.54382974194
2018,9,2018-09,Chubut,23875.6459666667
2018,9,2018-09,Estado Nacional,656.995666666667
2018,9,2018-09,Formosa,181.508666666667
2018,9,2018-09,Jujuy,32.1245
2018,9,2018-09,La Pampa,2757.84078471933
2018,9,2018-09,Mendoza,11447.1863473557
2018,9,2018-09,Neuquén,18676.4834
2018,9,2018-09,Rio Negro,4915.56643333333
2018,9,2018-09,Salta,616.432733333333
2018,9,2018-09,San Juan,0
2018,9,2018-09,Santa Cruz,14436.0363465
2018,9,2018-09,Tierra del Fuego,1673.52578203333
2018,10,2018-10,Chubut,23826.6600322581
2018,10,2018-10,Estado Nacional,576.643870967742
2018,10,2018-10,Formosa,158.305161290323
2018,10,2018-10,Jujuy,31.3875161290323
2018,10,2018-10,La Pampa,2711.27026487774
2018,10,2018-10,Mendoza,11413.5525584271
2018,10,2018-10,Neuquén,18882.5131612903
2018,10,2018-10,Rio Negro,4865.82248387097
2018,10,2018-10,Salta,580.072096774194
2018,10,2018-10,San Juan,0
2018,10,2018-10,Santa Cruz,14456.8816547742
2018,10,2018-10,Tierra del Fuego,1707.72486219355
2018,11,2018-11,Chubut,23960.5476261074
2018,11,2018-11,Estado Nacional,389.757333333333
2018,11,2018-11,Formosa,150.659933333333
2018,11,2018-11,Jujuy,32.9663333333333
2018,11,2018-11,La Pampa,2811.18675496967
2018,11,2018-11,Mendoza,11113.706855237
2018,11,2018-11,Neuquén,19200.9790333333
2018,11,2018-11,Rio Negro,4781.16783333333
2018,11,2018-11,Salta,632.8761
2018,11,2018-11,San Juan,0
2018,11,2018-11,Santa Cruz,14388.5473761
2018,11,2018-11,Tierra del Fuego,1404.04721136667
2018,12,2018-12,Chubut,23910.7199677419
2018,12,2018-12,Estado Nacional,506.63935483871
2018,12,2018-12,Formosa,170.277806451613
2018,12,2018-12,Jujuy,29.6253225806452
2018,12,2018-12,La Pampa,2760.00794747
2018,12,2018-12,Mendoza,11014.5748649581
2018,12,2018-12,Neuquén,19679.5073548387
2018,12,2018-12,Rio Negro,4636.32370967742
2018,12,2018-12,Salta,592.030483870968
2018,12,2018-12,San Juan,0
2018,12,2018-12,Santa Cruz,14387.9576036452
2018,12,2018-12,Tierra del Fuego,1609.32166548387
2019,1,2019-01,Chubut,23760.5871612903
2019,1,2019-01,Estado Nacional,524.386129032258
2019,1,2019-01,Formosa,165.80935483871
2019,1,2019-01,Jujuy,31.3601612903226
2019,1,2019-01,La Pampa,2720.35784441452
2019,1,2019-01,Mendoza,10998.3194905345
2019,1,2019-01,Neuquén,20092.2908387097
2019,1,2019-01,Rio Negro,4685.24674193548
2019,1,2019-01,Salta,646.090290322581
2019,1,2019-01,San Juan,0
2019,1,2019-01,Santa Cruz,14341.192134871
2019,1,2019-01,Tierra del Fuego,1664.06584674194
2019,2,2019-02,Chubut,24116.5235357143
2019,2,2019-02,Estado Nacional,562.177857142857
2019,2,2019-02,Formosa,140.329642857143
2019,2,2019-02,Jujuy,29.166
2019,2,2019-02,La Pampa,2724.59776293
2019,2,2019-02,Mendoza,11150.3975882521
2019,2,2019-02,Neuquén,19975.3848214286
2019,2,2019-02,Rio Negro,4643.79528571429
2019,2,2019-02,Salta,764.243285714286
2019,2,2019-02,San Juan,0
2019,2,2019-02,Santa Cruz,14218.2530203571
2019,2,2019-02,Tierra del Fuego,1430.71484221429
2019,3,2019-03,Chubut,24198.0383870968
2019,3,2019-03,Estado Nacional,591.279677419355
2019,3,2019-03,Formosa,167.902258064516
2019,3,2019-03,Jujuy,30.4037741935484
2019,3,2019-03,La Pampa,2724.02527669226
2019,3,2019-03,Mendoza,11351.4149725303
2019,3,2019-03,Neuquén,19608.7515483871
2019,3,2019-03,Rio Negro,4774.71915806452
2019,3,2019-03,Salta,672.852516129032
2019,3,2019-03,San Juan,0
2019,3,2019-03,Santa Cruz,14258.262125871
2019,3,2019-03,Tierra del Fuego,1518.34174725806
2019,4,2019-04,Chubut,24198.1264666667
2019,4,2019-04,Estado Nacional,638.817
2019,4,2019-04,Formosa,170.767
2019,4,2019-04,Jujuy,30.8846666666667
2019,4,2019-04,La Pampa,2715.32153644667
2019,4,2019-04,Mendoza,11112.4050153153
2019,4,2019-04,Neuquén,20681.4524333333
2019,4,2019-04,Rio Negro,4707.41266666667
2019,4,2019-04,Salta,538.9702
2019,4,2019-04,San Juan,0
2019,4,2019-04,Santa Cruz,14344.8212475667
2019,4,2019-04,Tierra del Fuego,1579.33285246667
2019,5,2019-05,Chubut,23871.785483871
2019,5,2019-05,Estado Nacional,693.312903225807
2019,5,2019-05,Formosa,142.761935483871
2019,5,2019-05,Jujuy,30.0767419354839
2019,5,2019-05,La Pampa,2876.81145932677
2019,5,2019-05,Mendoza,10915.9928388435
2019,5,2019-05,Neuquén,21066.3401612903
2019,5,2019-05,Rio Negro,4642.72229032258
2019,5,2019-05,Salta,534.310548387097
2019,5,2019-05,Santa Cruz,14080.5075407419
2019,5,2019-05,Tierra del Fuego,1608.26801351613
2019,6,2019-06,Chubut,23724.0003666667
2019,6,2019-06,Estado Nacional,767.870333333333
2019,6,2019-06,Formosa,171.1130308
2019,6,2019-06,Jujuy,30.1665
2019,6,2019-06,La Pampa,2770.49880971467
2019,6,2019-06,Mendoza,10723.726380087
2019,6,2019-06,Neuquén,20417.9259333333
2019,6,2019-06,Rio Negro,4558.0463012
2019,6,2019-06,Salta,517.669466666667
2019,6,2019-06,Santa Cruz,13885.6055946333
2019,6,2019-06,Tierra del Fuego,1626.0812567
2019,7,2019-07,Chubut,23634.0250967742
2019,7,2019-07,Estado Nacional,837.610322580645
2019,7,2019-07,Formosa,172.288261935484
2019,7,2019-07,Jujuy,29.4712580645161
2019,7,2019-07,La Pampa,2766.82578572806
2019,7,2019-07,Mendoza,10922.4030113181
2019,7,2019-07,Neuquén,21406.2948709677
2019,7,2019-07,Rio Negro,4618.10461890323
2019,7,2019-07,Salta,516.200032258065
2019,7,2019-07,Santa Cruz,13825.8715747419
2019,7,2019-07,Tierra del Fuego,1589.79733403226
2019,8,2019-08,Chubut,23812.2721622065
2019,8,2019-08,Estado Nacional,828.934516129032
2019,8,2019-08,Formosa,168.667827419355
2019,8,2019-08,Jujuy,29.5029032258065
2019,8,2019-08,La Pampa,2745.2922832671
2019,8,2019-08,Mendoza,10895.6026166868
2019,8,2019-08,Neuquén,23520.9795549355
2019,8,2019-08,Rio Negro,4730.2610146129
2019,8,2019-08,Salta,512.844709677419
2019,8,2019-08,Santa Cruz,13750.6562110645
2019,8,2019-08,Tierra del Fuego,1581.26716187097
2019,9,2019-09,Chubut,23748.7758666667
2019,9,2019-09,Estado Nacional,778.604666666667
2019,9,2019-09,Formosa,165.9098549
2019,9,2019-09,Jujuy,30.1815666666667
2019,9,2019-09,La Pampa,2863.50937342333
2019,9,2019-09,Mendoza,10664.6229213717
2019,9,2019-09,Neuquén,23538.0299509667
2019,9,2019-09,Rio Negro,4744.7346648
2019,9,2019-09,Salta,542.3126
2019,9,2019-09,Santa Cruz,13715.9837964333
2019,9,2019-09,Tierra del Fuego,1426.6101619
2019,10,2019-10,Chubut,23749.4212903226
2019,10,2019-10,Estado Nacional,764.834516129032
2019,10,2019-10,Formosa,160.601808193548
2019,10,2019-10,Jujuy,34.0098387096774
2019,10,2019-10,La Pampa,2825.90946160903
2019,10,2019-10,Mendoza,10703.3590978552
2019,10,2019-10,Neuquén,23336.4848385161
2019,10,2019-10,Rio Negro,4727.17659303226
2019,10,2019-10,Salta,537.528129032258
2019,10,2019-10,Santa Cruz,13734.5589775484
2019,10,2019-10,Tierra del Fuego,1182.65888851613
2019,11,2019-11,Chubut,23715.4959099733
2019,11,2019-11,Estado Nacional,703.972666666667
2019,11,2019-11,Formosa,155.560490833333
2019,11,2019-11,Jujuy,34.55
2019,11,2019-11,La Pampa,2785.02027537967
2019,11,2019-11,Mendoza,10629.4364271013
2019,11,2019-11,Neuquén,23743.2507564667
2019,11,2019-11,Rio Negro,4599.3736302
2019,11,2019-11,Salta,635.901233333333
2019,11,2019-11,Santa Cruz,13724.3172637
2019,11,2019-11,Tierra del Fuego,1012.64082146667
2019,12,2019-12,Chubut,23716.7570260344
2019,12,2019-12,Estado Nacional,592.963548387097
2019,12,2019-12,Formosa,156.978775322581
2019,12,2019-12,Jujuy,34.4020967741935
2019,12,2019-12,La Pampa,2794.96018467387
2019,12,2019-12,Mendoza,10528.5752215058
2019,12,2019-12,Neuquén,24377.5312914194
2019,12,2019-12,Rio Negro,4550.40485493548
2019,12,2019-12,Salta,601.619258064516
2019,12,2019-12,Santa Cruz,13712.6166419355
2019,12,2019-12,Tierra del Fuego,1143.75239277419
2020,1,2020-01,Chubut,23570.779126754
2020,1,2020-01,Estado Nacional,625.702258064516
2020,1,2020-01,Formosa,155.728967741935
2020,1,2020-01,Jujuy,33.5979032258065
2020,1,2020-01,La Pampa,2763.70107523065
2020,1,2020-01,Mendoza,10345.9282939497
2020,1,2020-01,Neuquén,24556.4782562903
2020,1,2020-01,Rio Negro,4353.92646422581
2020,1,2020-01,Salta,602.039193548387
2020,1,2020-01,Santa Cruz,13425.5114476774
2020,1,2020-01,Tierra del Fuego,1172.35185609677
2020,2,2020-02,Chubut,23423.8788049613
2020,2,2020-02,Estado Nacional,595.448965517241
2020,2,2020-02,Formosa,151.61592237931
2020,2,2020-02,Jujuy,31.7699655172414
2020,2,2020-02,La Pampa,2779.46351266621
2020,2,2020-02,Mendoza,10285.4524345155
2020,2,2020-02,Neuquén,25448.2306537241
2020,2,2020-02,Rio Negro,4425.21209734483
2020,2,2020-02,Salta,589.590931034483
2020,2,2020-02,Santa Cruz,13327.0522437931
2020,2,2020-02,Tierra del Fuego,1021.79625544828
2020,3,2020-03,Chubut,23745.6734516129
2020,3,2020-03,Estado Nacional,570.69064516129
2020,3,2020-03,Formosa,143.98387416129
2020,3,2020-03,Jujuy,32.094935483871
2020,3,2020-03,La Pampa,2715.5454388929
2020,3,2020-03,Mendoza,10296.449436839
2020,3,2020-03,Neuquén,25890.8828310323
2020,3,2020-03,Rio Negro,4208.91558064516
2020,3,2020-03,Salta,719.360064516129
2020,3,2020-03,Santa Cruz,13152.1313469032
2020,3,2020-03,Tierra del Fuego,955.940768
2020,4,2020-04,Chubut,23463.0704666667
2020,4,2020-04,Estado Nacional,463.432333333333
2020,4,2020-04,Formosa,133.955018533333
2020,4,2020-04,Jujuy,32.4253333333333
2020,4,2020-04,La Pampa,2277.16219468633
2020,4,2020-04,Mendoza,8830.43008155367
2020,4,2020-04,Neuquén,20365.4479895333
2020,4,2020-04,Rio Negro,3831.1484
2020,4,2020-04,Salta,632.194033333333
2020,4,2020-04,Santa Cruz,12649.8552414333
2020,4,2020-04,Tierra del Fuego,572.843166666667
2020,5,2020-05,Chubut,22866.0819354839
2020,5,2020-05,Estado Nacional,561.782903225806
2020,5,2020-05,Formosa,125.150999612903
2020,5,2020-05,Jujuy,31.5564516129032
2020,5,2020-05,La Pampa,2428.4297566229
2020,5,2020-05,Mendoza,8164.48800957387
2020,5,2020-05,Neuquén,20198.2624467742
2020,5,2020-05,Rio Negro,3757.33661290323
2020,5,2020-05,Salta,582.274225806452
2020,5,2020-05,Santa Cruz,11884.4421662903
2020,5,2020-05,Tierra del Fuego,573.390967741935
2020,6,2020-06,Chubut,22381.0144666667
2020,6,2020-06,Estado Nacional,689.183
2020,6,2020-06,Formosa,129.269451666667
2020,6,2020-06,Jujuy,31.8053666666667
2020,6,2020-06,La Pampa,2331.39575271467
2020,6,2020-06,Mendoza,8374.82789604267
2020,6,2020-06,Neuquén,24267.3444965667
2020,6,2020-06,Rio Negro,3870.9857
2020,6,2020-06,Salta,553.9933
2020,6,2020-06,Santa Cruz,11792.9086073333
2020,6,2020-06,Tierra del Fuego,656.940333333333
2020,7,2020-07,Chubut,21990.6922258065
2020,7,2020-07,Estado Nacional,713.202903225806
2020,7,2020-07,Formosa,128.937173419355
2020,7,2020-07,Jujuy,32.3301612903226
2020,7,2020-07,La Pampa,2325.08962124613
2020,7,2020-07,Mendoza,8900.47560810387
2020,7,2020-07,Neuquén,24236.1505000323
2020,7,2020-07,Rio Negro,3838.43996774194
2020,7,2020-07,Salta,584.439193548387
2020,7,2020-07,Santa Cruz,11197.8928769677
2020,7,2020-07,Tierra del Fuego,695.85
2020,8,2020-08,Chubut,21998.5466774194
2020,8,2020-08,Estado Nacional,702.908709677419
2020,8,2020-08,Formosa,126.868826419355
2020,8,2020-08,Jujuy,64.9754838709677
2020,8,2020-08,La Pampa,2334.93768111645
2020,8,2020-08,Mendoza,9472.75384193387
2020,8,2020-08,Neuquén,24415.7238470323
2020,8,2020-08,Rio Negro,3796.15812903226
2020,8,2020-08,Salta,612.105741935484
2020,8,2020-08,Santa Cruz,10965.1765543548
2020,8,2020-08,Tierra del Fuego,673.563580645161
2020,9,2020-09,Chubut,22298.3440333333
2020,9,2020-09,Estado Nacional,699.462666666667
2020,9,2020-09,Formosa,122.000385566667
2020,9,2020-09,Jujuy,65.309
2020,9,2020-09,La Pampa,2354.61531972567
2020,9,2020-09,Mendoza,9233.00220168933
2020,9,2020-09,Neuquén,23243.9882666
2020,9,2020-09,Rio Negro,3773.54843333333
2020,9,2020-09,Salta,647.241233333333
2020,9,2020-09,Santa Cruz,11353.6009050333
2020,9,2020-09,Tierra del Fuego,1042.4648
2020,10,2020-10,Chubut,22495.504
2020,10,2020-10,Estado Nacional,665.424193548387
2020,10,2020-10,Formosa,108.028432645161
2020,10,2020-10,Jujuy,63.6301935483871
2020,10,2020-10,La Pampa,2239.34307164323
2020,10,2020-10,Mendoza,9143.82515149774
2020,10,2020-10,Neuquén,23750.4757900323
2020,10,2020-10,Rio Negro,3738.27922580645
2020,10,2020-10,Salta,684.438
2020,10,2020-10,Santa Cruz,11379.1692236452
2020,10,2020-10,Tierra del Fuego,1159.90496774194
2020,11,2020-11,Chubut,22357.6891666667
2020,11,2020-11,Estado Nacional,597.129
2020,11,2020-11,Formosa,70.3162844333333
2020,11,2020-11,Jujuy,59.7636666666667
2020,11,2020-11,La Pampa,2284.733074365
2020,11,2020-11,Mendoza,9064.86849162667
2020,11,2020-11,Neuquén,24161.3421693333
2020,11,2020-11,Rio Negro,3688.9918
2020,11,2020-11,Salta,667.901822713887
2020,11,2020-11,Santa Cruz,11300.1726087
2020,11,2020-11,Tierra del Fuego,1106.40256666667
2020,12,2020-12,Chubut,22644.3751935484
2020,12,2020-12,Estado Nacional,587.829419354839
2020,12,2020-12,Formosa,72.588064516129
2020,12,2020-12,Jujuy,65.9158064516129
2020,12,2020-12,La Pampa,2147.3289769729
2020,12,2020-12,Mendoza,8911.52411150516
2020,12,2020-12,Neuquén,25020.1601623548
2020,12,2020-12,Rio Negro,3594.13238709677
2020,12,2020-12,Salta,647.694222580645
2020,12,2020-12,Santa Cruz,11491.9184555484
2020,12,2020-12,Tierra del Fuego,1094.84106451613
2021,1,2021-01,Chubut,22580.8371612903
2021,1,2021-01,Estado Nacional,580.757419354839
2021,1,2021-01,Formosa,78.3671935483871
2021,1,2021-01,Jujuy,64.8012903225806
2021,1,2021-01,La Pampa,2185.35085817452
2021,1,2021-01,Mendoza,8857.08090440839
2021,1,2021-01,Neuquén,26523.6141075484
2021,1,2021-01,Rio Negro,3584.68351612903
2021,1,2021-01,Salta,520.944935483871
2021,1,2021-01,Santa Cruz,11408.8661531613
2021,1,2021-01,Tierra del Fuego,1103.474
2021,2,2021-02,Chubut,22624.0702857143
2021,2,2021-02,Estado Nacional,582.349321428571
2021,2,2021-02,Formosa,87.0447857142857
2021,2,2021-02,Jujuy,64.8732142857143
2021,2,2021-02,La Pampa,2177.415991125
2021,2,2021-02,Mendoza,8822.28521301464
2021,2,2021-02,Neuquén,27380.1892724643
2021,2,2021-02,Rio Negro,3576.45710714286
2021,2,2021-02,Salta,575.854678571429
2021,2,2021-02,Santa Cruz,11341.6928538214
2021,2,2021-02,Tierra del Fuego,1094.50767857143
2021,3,2021-03,Chubut,22307.6990322581
2021,3,2021-03,Estado Nacional,505.181935483871
2021,3,2021-03,Formosa,83.4965806451613
2021,3,2021-03,Jujuy,64.9732258064516
2021,3,2021-03,La Pampa,2220.67160470613
2021,3,2021-03,Mendoza,8981.51174147516
2021,3,2021-03,Neuquén,28464.4007834194
2021,3,2021-03,Rio Negro,3575.60151612903
2021,3,2021-03,Salta,596.539709677419
2021,3,2021-03,Santa Cruz,11175.1273305806
2021,3,2021-03,Tierra del Fuego,1105.74312903226
2021,4,2021-04,Chubut,22321.9476333333
2021,4,2021-04,Estado Nacional,585.751533333333
2021,4,2021-04,Formosa,89.7776666666667
2021,4,2021-04,Jujuy,60.829
2021,4,2021-04,La Pampa,2212.77804631767
2021,4,2021-04,Mendoza,9032.41060629867
2021,4,2021-04,Neuquén,28901.1394523667
2021,4,2021-04,Rio Negro,3616.54456666667
2021,4,2021-04,Salta,612.937133333333
2021,4,2021-04,Santa Cruz,11450.8623204667
2021,4,2021-04,Tierra del Fuego,1090.74583333333
2021,5,2021-05,Chubut,22516.2278483871
2021,5,2021-05,Estado Nacional,582.142935483871
2021,5,2021-05,Formosa,53.0770967741935
2021,5,2021-05,Jujuy,63.2051612903226
2021,5,2021-05,La Pampa,2162.10481102452
2021,5,2021-05,Mendoza,8924.98501036419
2021,5,2021-05,Neuquén,29164.1071528387
2021,5,2021-05,Rio Negro,3713.77219354839
2021,5,2021-05,Salta,586.473993205106
2021,5,2021-05,Santa Cruz,11350.5056219677
2021,5,2021-05,Tierra del Fuego,1077.38851612903
2021,6,2021-06,Chubut,22298.2686666667
2021,6,2021-06,Estado Nacional,552.8058
2021,6,2021-06,Formosa,52.5456666666667
2021,6,2021-06,Jujuy,30.045
2021,6,2021-06,La Pampa,2092.05145181067
2021,6,2021-06,Mendoza,8729.31627073233
2021,6,2021-06,Neuquén,29730.4456017
2021,6,2021-06,Rio Negro,3695.49083333333
2021,6,2021-06,Salta,577.543898822153
2021,6,2021-06,Santa Cruz,11132.8216229333
2021,6,2021-06,Tierra del Fuego,1015.44326666667
2021,7,2021-07,Chubut,21925.2061967742
2021,7,2021-07,Estado Nacional,542.587419354839
2021,7,2021-07,Formosa,66.9122580645161
2021,7,2021-07,Jujuy,29.1225806451613
2021,7,2021-07,La Pampa,2223.80901996903
2021,7,2021-07,Mendoza,9021.82269376032
2021,7,2021-07,Neuquén,31025.4287888065
2021,7,2021-07,Rio Negro,3804.6855483871
2021,7,2021-07,Salta,570.83135483871
2021,7,2021-07,Santa Cruz,11183.1234000645
2021,7,2021-07,Tierra del Fuego,995.682709677419
2021,8,2021-08,Chubut,22137.6359677419
2021,8,2021-08,Estado Nacional,555.277064516129
2021,8,2021-08,Formosa,66.6264516129032
2021,8,2021-08,Jujuy,29.0362903225806
2021,8,2021-08,La Pampa,2269.15597307097
2021,8,2021-08,Mendoza,8952.09447626226
2021,8,2021-08,Neuquén,30421.3610010323
2021,8,2021-08,Rio Negro,3754.939
2021,8,2021-08,Salta,592.467870967742
2021,8,2021-08,Santa Cruz,11155.2724039677
2021,8,2021-08,Tierra del Fuego,952.075193548387
2021,9,2021-09,Chubut,22417.04964
2021,9,2021-09,Estado Nacional,558.282066666667
2021,9,2021-09,Formosa,75.16
2021,9,2021-09,Jujuy,29.162
2021,9,2021-09,La Pampa,2230.694863201
2021,9,2021-09,Mendoza,8666.525242087
2021,9,2021-09,Neuquén,32842.8975921667
2021,9,2021-09,Rio Negro,3684.59883333333
2021,9,2021-09,Salta,590.416966666667
2021,9,2021-09,Santa Cruz,11212.7826978333
2021,9,2021-09,Tierra del Fuego,914.178966666667
2021,10,2021-10,Chubut,21727.7332677419
2021,10,2021-10,Estado Nacional,508.092096774194
2021,10,2021-10,Formosa,86.1361290322581
2021,10,2021-10,Jujuy,28.7625806451613
2021,10,2021-10,La Pampa,2205.5768749929
2021,10,2021-10,Mendoza,8763.6944114471
2021,10,2021-10,Neuquén,35304.5307707097
2021,10,2021-10,Rio Negro,3717.4883516129
2021,10,2021-10,Salta,578.552226679355
2021,10,2021-10,Santa Cruz,10924.5922526129
2021,10,2021-10,Tierra del Fuego,901.295419354839
2021,11,2021-11,Chubut,22497.409
2021,11,2021-11,Estado Nacional,509.7848
2021,11,2021-11,Formosa,87.8386666666667
2021,11,2021-11,Jujuy,29.2106666666667
2021,11,2021-11,La Pampa,2433.404563362
2021,11,2021-11,Mendoza,8829.18048918095
2021,11,2021-11,Neuquén,36494.2649021
2021,11,2021-11,Rio Negro,3611.21089666667
2021,11,2021-11,Salta,580.361384232887
2021,11,2021-11,Santa Cruz,11084.4871805667
2021,11,2021-11,Tierra del Fuego,863.182533333333
2021,12,2021-12,Chubut,21895.8670322581
2021,12,2021-12,Estado Nacional,426.118935483871
2021,12,2021-12,Formosa,86.1877419354839
2021,12,2021-12,Jujuy,28.8012903225806
2021,12,2021-12,La Pampa,2363.14324255806
2021,12,2021-12,Mendoza,8757.31653284871
2021,12,2021-12,Neuquén,37681.9438363871
2021,12,2021-12,Rio Negro,3603.01124193548
2021,12,2021-12,Salta,559.259564046374
2021,12,2021-12,Santa Cruz,11085.920135871
2021,12,2021-12,Tierra del Fuego,865.91364516129
2022,1,2022-01,Chubut,21909.1490322581
2022,1,2022-01,Estado Nacional,367.636838709677
2022,1,2022-01,Formosa,86.5577419354839
2022,1,2022-01,Jujuy,29.168064516129
2022,1,2022-01,La Pampa,2497.70115509
2022,1,2022-01,Mendoza,8829.6791111071
2022,1,2022-01,Neuquén,39296.4383775484
2022,1,2022-01,Rio Negro,3516.5860516129
2022,1,2022-01,Salta,544.6604817293
2022,1,2022-01,Santa Cruz,11032.4880384194
2022,1,2022-01,Tierra del Fuego,906.501258064516
2022,2,2022-02,Chubut,22176.3696
2022,2,2022-02,Estado Nacional,428.966535714286
2022,2,2022-02,Formosa,91.8839285714286
2022,2,2022-02,Jujuy,30.1416071428571
2022,2,2022-02,La Pampa,2466.51138296929
2022,2,2022-02,Mendoza,8726.87263890292
2022,2,2022-02,Neuquén,39059.35174875
2022,2,2022-02,Rio Negro,3485.71103928571
2022,2,2022-02,Salta,566.393879656725
2022,2,2022-02,Santa Cruz,11057.0727871786
2022,2,2022-02,Tierra del Fuego,866.539142857143
2022,3,2022-03,Chubut,22020.6645870968
2022,3,2022-03,Estado Nacional,339.006419354839
2022,3,2022-03,Formosa,95.4661290322581
2022,3,2022-03,Jujuy,30.5138064516129
2022,3,2022-03,La Pampa,2460.07419608806
2022,3,2022-03,Mendoza,8835.81163430355
2022,3,2022-03,Neuquén,39931.4571509677
2022,3,2022-03,Rio Negro,3426.34951612903
2022,3,2022-03,Salta,586.299691700806
2022,3,2022-03,Santa Cruz,10984.0459518065
2022,3,2022-03,Tierra del Fuego,759.438935483871
2022,4,2022-04,Chubut,22064.6465233333
2022,4,2022-04,Estado Nacional,423.744733333333
2022,4,2022-04,Formosa,97.6403333333333
2022,4,2022-04,Jujuy,30.1936666666667
2022,4,2022-04,La Pampa,2433.238968944
2022,4,2022-04,Mendoza,8679.84210964009
2022,4,2022-04,Neuquén,41022.3756193667
2022,4,2022-04,Rio Negro,3387.86513333333
2022,4,2022-04,Salta,575.004442050583
2022,4,2022-04,Santa Cruz,10902.5931089667
2022,4,2022-04,Tierra del Fuego,881.44
2022,5,2022-05,Chubut,22163.5716774194
2022,5,2022-05,Estado Nacional,459.613193548387
2022,5,2022-05,Formosa,87.4971064516129
2022,5,2022-05,Jujuy,30.4987741935484
2022,5,2022-05,La Pampa,2401.26085309226
2022,5,2022-05,Mendoza,8801.99190903091
2022,5,2022-05,Neuquén,41869.4131293871
2022,5,2022-05,Rio Negro,3357.23625806452
2022,5,2022-05,Salta,604.966730363361
2022,5,2022-05,Santa Cruz,10909.6882608065
2022,5,2022-05,Tierra del Fuego,973.071548387097
2022,6,2022-06,Chubut,22248.8398666667
2022,6,2022-06,Estado Nacional,497.7378
2022,6,2022-06,Formosa,74.5033333333333
2022,6,2022-06,Jujuy,30.4803333333333
2022,6,2022-06,La Pampa,2452.42845399367
2022,6,2022-06,Mendoza,8703.86779386544
2022,6,2022-06,Neuquén,41496.7359073333
2022,6,2022-06,Rio Negro,3386.5158
2022,6,2022-06,Salta,625.90280480844
2022,6,2022-06,Santa Cruz,10752.3764953667
2022,6,2022-06,Tierra del Fuego,958.837066666667
2022,7,2022-07,Chubut,21961.1828677419
2022,7,2022-07,Estado Nacional,477.132161290323
2022,7,2022-07,Formosa,109.669032258065
2022,7,2022-07,Jujuy,30.1663870967742
2022,7,2022-07,La Pampa,2356.73551957677
2022,7,2022-07,Mendoza,8748.95835747036
2022,7,2022-07,Neuquén,42810.4667589355
2022,7,2022-07,Rio Negro,3420.48223548387
2022,7,2022-07,Salta,600.626564492097
2022,7,2022-07,Santa Cruz,10725.1417977742
2022,7,2022-07,Tierra del Fuego,935.568
2022,8,2022-08,Chubut,21970.7717645161
2022,8,2022-08,Estado Nacional,481.382838709677
2022,8,2022-08,Formosa,118.925161290323
2022,8,2022-08,Jujuy,28.7234838709677
2022,8,2022-08,La Pampa,2394.98034921936
2022,8,2022-08,Mendoza,8904.39259963445
2022,8,2022-08,Neuquén,43279.930868129
2022,8,2022-08,Rio Negro,3459.12593548387
2022,8,2022-08,Salta,601.499538281039
2022,8,2022-08,Santa Cruz,10785.1520319032
2022,8,2022-08,Tierra del Fuego,838.332774193548
2022,9,2022-09,Chubut,22002.5022333333
2022,9,2022-09,Estado Nacional,476.954366666667
2022,9,2022-09,Formosa,116.370333333333
2022,9,2022-09,Jujuy,28.9831333333333
2022,9,2022-09,La Pampa,2254.44939013
2022,9,2022-09,Mendoza,8802.08163217233
2022,9,2022-09,Neuquén,45356.8343887333
2022,9,2022-09,Rio Negro,3365.8913
2022,9,2022-09,Salta,619.60698185926
2022,9,2022-09,Santa Cruz,10752.0093082
2022,9,2022-09,Tierra del Fuego,764.403
2022,10,2022-10,Chubut,22331.1805258065
2022,10,2022-10,Estado Nacional,460.839483870968
2022,10,2022-10,Formosa,119.087096774194
2022,10,2022-10,Jujuy,29.1856774193548
2022,10,2022-10,La Pampa,2350.40779853226
2022,10,2022-10,Mendoza,8800.72351230613
2022,10,2022-10,Neuquén,47058.9285843226
2022,10,2022-10,Rio Negro,3387.41241935484
2022,10,2022-10,Salta,626.214959375294
2022,10,2022-10,Santa Cruz,11075.3696223226
2022,10,2022-10,Tierra del Fuego,685.160709677419
2022,11,2022-11,Chubut,22149.7247333333
2022,11,2022-11,Estado Nacional,441.8801
2022,11,2022-11,Formosa,126.586333333333
2022,11,2022-11,Jujuy,27.8183
2022,11,2022-11,La Pampa,2255.53763333333
2022,11,2022-11,Mendoza,8799.0946
2022,11,2022-11,Neuquén,47185.6650828333
2022,11,2022-11,Rio Negro,3395.8897
2022,11,2022-11,Salta,617.21841739723
2022,11,2022-11,Santa Cruz,11069.5018992333
2022,11,2022-11,Tierra del Fuego,745.249666666667
2022,12,2022-12,Chubut,22324.4789741935
2022,12,2022-12,Estado Nacional,443.759741935484
2022,12,2022-12,Formosa,144.448387096774
2022,12,2022-12,Jujuy,27.4233870967742
2022,12,2022-12,La Pampa,2314.70051612903
2022,12,2022-12,Mendoza,8691.34436451613
2022,12,2022-12,Neuquén,47710.2575630645
2022,12,2022-12,Rio Negro,3348.28808387097
2022,12,2022-12,Salta,613.785177066587
2022,12,2022-12,Santa Cruz,10938.8152865484
2022,12,2022-12,Tierra del Fuego,664.480258064516
2023,1,2023-01,Chubut,22282.4152483871
2023,1,2023-01,Estado Nacional,434.311967741936
2023,1,2023-01,Formosa,148.470677419355
2023,1,2023-01,Jujuy,28.0265806451613
2023,1,2023-01,La Pampa,2274.45577419355
2023,1,2023-01,Mendoza,8424.60125806452
2023,1,2023-01,Neuquén,48849.8603060968
2023,1,2023-01,Rio Negro,3295.99226774194
2023,1,2023-01,Salta,638.169287096774
2023,1,2023-01,Santa Cruz,10903.9644719032
2023,1,2023-01,Tierra del Fuego,653.130387096774
2023,2,2023-02,Chubut,22045.3868392857
2023,2,2023-02,Estado Nacional,437.051428571429
2023,2,2023-02,Formosa,139.2
2023,2,2023-02,Jujuy,29.1224642857143
2023,2,2023-02,La Pampa,2396.90610714286
2023,2,2023-02,Mendoza,8799.76614285714
2023,2,2023-02,Neuquén,50292.4910074643
2023,2,2023-02,Rio Negro,3318.79126071429
2023,2,2023-02,Salta,614.795342894318
2023,2,2023-02,Santa Cruz,10983.5940313571
2023,2,2023-02,Tierra del Fuego,666.938892857143
2023,3,2023-03,Chubut,21732.6169096774
2023,3,2023-03,Estado Nacional,432.488225806452
2023,3,2023-03,Formosa,131.924516129032
2023,3,2023-03,Jujuy,29.4821935483871
2023,3,2023-03,La Pampa,2323.48880645161
2023,3,2023-03,Mendoza,8834.49667741935
2023,3,2023-03,Neuquén,51562.2508745806
2023,3,2023-03,Rio Negro,3246.62930184083
2023,3,2023-03,Salta,612.108832258065
2023,3,2023-03,Santa Cruz,10719.8127415484
2023,3,2023-03,Tierra del Fuego,716.427870967742
2023,4,2023-04,Chubut,21880.88835
2023,4,2023-04,Estado Nacional,389.720566666667
2023,4,2023-04,Formosa,124.202666666667
2023,4,2023-04,Jujuy,28.5212666666667
2023,4,2023-04,La Pampa,2340.1112
2023,4,2023-04,Mendoza,8816.67816666667
2023,4,2023-04,Neuquén,50935.8079757667
2023,4,2023-04,Rio Negro,3286.61195377923
2023,4,2023-04,Salta,615.280901714133
2023,4,2023-04,Santa Cruz,10702.793775578
2023,4,2023-04,Tierra del Fuego,698.262966666667
2023,5,2023-05,Chubut,21787.4476225806
2023,5,2023-05,Estado Nacional,466.279580645161
2023,5,2023-05,Formosa,130.033548387097
2023,5,2023-05,Jujuy,28.1138709677419
2023,5,2023-05,La Pampa,2323.35416129032
2023,5,2023-05,Mendoza,8738.79358064516
2023,5,2023-05,Neuquén,51035.9315747419
2023,5,2023-05,Rio Negro,3314.21345677419
2023,5,2023-05,Salta,605.039573118597
2023,5,2023-05,Santa Cruz,10764.9657134584
2023,5,2023-05,Tierra del Fuego,648.642741935484
2023,6,2023-06,Chubut,21721.77302
2023,6,2023-06,Estado Nacional,474.896533333333
2023,6,2023-06,Formosa,128.64
2023,6,2023-06,Jujuy,26.2856
2023,6,2023-06,La Pampa,2325.8474
2023,6,2023-06,Mendoza,8796.59736666667
2023,6,2023-06,Neuquén,49966.8727369667
2023,6,2023-06,Rio Negro,3197.72995
2023,6,2023-06,Salta,600.589712189677
2023,6,2023-06,Santa Cruz,10760.93792593
2023,6,2023-06,Tierra del Fuego,616.090633333333
2023,7,2023-07,Chubut,21415.8923451613
2023,7,2023-07,Estado Nacional,488.521741935484
2023,7,2023-07,Formosa,121.255483870968
2023,7,2023-07,Jujuy,27.6713225806452
2023,7,2023-07,La Pampa,2241.48819354839
2023,7,2023-07,Mendoza,8620.78722580645
2023,7,2023-07,Neuquén,50048.8737383548
2023,7,2023-07,Rio Negro,3236.44262580645
2023,7,2023-07,Salta,585.205416129032
2023,7,2023-07,Santa Cruz,10683.70104036
2023,7,2023-07,Tierra del Fuego,604.116032258065
2023,8,2023-08,Chubut,21067.9796709677
2023,8,2023-08,Estado Nacional,492.583387096774
2023,8,2023-08,Formosa,111.712580645161
2023,8,2023-08,Jujuy,27.653
2023,8,2023-08,La Pampa,2306.10877419355
2023,8,2023-08,Mendoza,8701.89993548387
2023,8,2023-08,Neuquén,51115.3819963548
2023,8,2023-08,Rio Negro,3221.8938483871
2023,8,2023-08,Salta,581.569870967742
2023,8,2023-08,Santa Cruz,10634.8833647032
2023,8,2023-08,Tierra del Fuego,638.840806451613
2023,9,2023-09,Chubut,21650.3276766667
2023,9,2023-09,Estado Nacional,497.557333333333
2023,9,2023-09,Formosa,110.019666666667
2023,9,2023-09,Jujuy,27.7502
2023,9,2023-09,La Pampa,2207.94543333333
2023,9,2023-09,Mendoza,8917.16723333333
2023,9,2023-09,Neuquén,52441.3280754333
2023,9,2023-09,Rio Negro,3185.88217333333
2023,9,2023-09,Salta,576.007864812527
2023,9,2023-09,Santa Cruz,10941.29010164
2023,9,2023-09,Tierra del Fuego,695.136066666667
2023,10,2023-10,Chubut,21687.4677032258
2023,10,2023-10,Estado Nacional,499.21235483871
2023,10,2023-10,Formosa,108.167741935484
2023,10,2023-10,Jujuy,27.2625806451613
2023,10,2023-10,La Pampa,2203.0274516129
2023,10,2023-10,Mendoza,8679.65851612903
2023,10,2023-10,Neuquén,55365.2703178064
2023,10,2023-10,Rio Negro,3173.04153225806
2023,10,2023-10,Salta,512.325333334729
2023,10,2023-10,Santa Cruz,10956.4913497039
2023,10,2023-10,Tierra del Fuego,695.438290322581
2023,11,2023-11,Chubut,21563.5848333333
2023,11,2023-11,Estado Nacional,482.0961
2023,11,2023-11,Formosa,107.04
2023,11,2023-11,Jujuy,26.9781
2023,11,2023-11,La Pampa,2140.9576
2023,11,2023-11,Mendoza,8747.64283333333
2023,11,2023-11,Neuquén,57612.7098696
2023,11,2023-11,Rio Negro,3125.56166666667
2023,11,2023-11,Salta,552.269462742883
2023,11,2023-11,Santa Cruz,10972.2537039747
2023,11,2023-11,Tierra del Fuego,634.071733333333
2023,12,2023-12,Chubut,21389.7585419355
2023,12,2023-12,Estado Nacional,454.364967741936
2023,12,2023-12,Formosa,104.803225806452
2023,12,2023-12,Jujuy,27.3878709677419
2023,12,2023-12,La Pampa,2090.21435483871
2023,12,2023-12,Mendoza,8826.8544516129
2023,12,2023-12,Neuquén,59499.1051469355
2023,12,2023-12,Rio Negro,3167.3552516129
2023,12,2023-12,Salta,517.159946704681
2023,12,2023-12,Santa Cruz,11015.655662629
2023,12,2023-12,Tierra del Fuego,560.494870967742
2024,1,2024-01,Chubut,21415.5348387097
2024,1,2024-01,Estado Nacional,482.339580645161
2024,1,2024-01,Formosa,108.912903225806
2024,1,2024-01,Jujuy,27.000064516129
2024,1,2024-01,La Pampa,2008.88367741935
2024,1,2024-01,Mendoza,8823.64106451613
2024,1,2024-01,Neuquén,58402.7742887419
2024,1,2024-01,Rio Negro,3124.87718709677
2024,1,2024-01,Salta,470.475764670706
2024,1,2024-01,Santa Cruz,11040.6157148884
2024,1,2024-01,Tierra del Fuego,554.741096774193
2024,2,2024-02,Chubut,21194.1257931034
2024,2,2024-02,Estado Nacional,476.947103448276
2024,2,2024-02,Formosa,107.934827586207
2024,2,2024-02,Jujuy,26.9589655172414
2024,2,2024-02,La Pampa,2005.80265517241
2024,2,2024-02,Mendoza,8467.30762413793
2024,2,2024-02,Neuquén,59469.003015931
2024,2,2024-02,Rio Negro,3040.99802068965
2024,2,2024-02,Salta,371.84957317931
2024,2,2024-02,Santa Cruz,10859.5663387434
2024,2,2024-02,Tierra del Fuego,573.939827586207
2024,3,2024-03,Chubut,21025.9415
2024,3,2024-03,Estado Nacional,455.026387096774
2024,3,2024-03,Formosa,113.38064516129
2024,3,2024-03,Jujuy,27.1574516129032
2024,3,2024-03,La Pampa,2018.56093548387
2024,3,2024-03,Mendoza,8729.47603225806
2024,3,2024-03,Neuquén,60302.2309760645
2024,3,2024-03,Rio Negro,3157.70171612903
2024,3,2024-03,Salta,415.058927034945
2024,3,2024-03,Santa Cruz,10891.9319255487
2024,3,2024-03,Tierra del Fuego,610.861419354839
2024,4,2024-04,Chubut,20975.32461
2024,4,2024-04,Estado Nacional,454.620733333333
2024,4,2024-04,Formosa,101.686666666667
2024,4,2024-04,Jujuy,27.1588333333333
2024,4,2024-04,La Pampa,1957.58673333333
2024,4,2024-04,Mendoza,8898.4824
2024,4,2024-04,Neuquén,60706.2069673
2024,4,2024-04,Rio Negro,3113.39143666667
2024,4,2024-04,Salta,459.99024211972
2024,4,2024-04,Santa Cruz,10901.7383794487
2024,4,2024-04,Tierra del Fuego,593.042066666667
2024,5,2024-05,Chubut,20971.4113225806
2024,5,2024-05,Estado Nacional,462.130129032258
2024,5,2024-05,Formosa,95.3870967741936
2024,5,2024-05,Jujuy,27.0469032258064
2024,5,2024-05,La Pampa,2007.35648387097
2024,5,2024-05,Mendoza,8926.90080645161
2024,5,2024-05,Neuquén,61489.8987443548
2024,5,2024-05,Rio Negro,2904.94801935484
2024,5,2024-05,Salta,437.689067474194
2024,5,2024-05,Santa Cruz,10716.4681555181
2024,5,2024-05,Tierra del Fuego,628.537870967742
2024,6,2024-06,Chubut,17182.6664166667
2024,6,2024-06,Estado Nacional,468.165033333333
2024,6,2024-06,Formosa,92.5733333333333
2024,6,2024-06,Jujuy,27.1188333333333
2024,6,2024-06,La Pampa,1971.41076666667
2024,6,2024-06,Mendoza,9020.75106666667
2024,6,2024-06,Neuquén,62624.9109529667
2024,6,2024-06,Rio Negro,2858.07997333333
2024,6,2024-06,Salta,406.138320073333
2024,6,2024-06,Santa Cruz,9851.127519444
2024,6,2024-06,Tierra del Fuego,578.9959
2024,7,2024-07,Chubut,18363.5258612903
2024,7,2024-07,Estado Nacional,481.308612903226
2024,7,2024-07,Formosa,88.4870967741935
2024,7,2024-07,Jujuy,26.7023225806452
2024,7,2024-07,La Pampa,1905.84367741935
2024,7,2024-07,Mendoza,8959.60164516129
2024,7,2024-07,Neuquén,64717.1408273871
2024,7,2024-07,Rio Negro,2818.03138709677
2024,7,2024-07,Salta,411.048994403226
2024,7,2024-07,Santa Cruz,9123.00416445065
2024,7,2024-07,Tierra del Fuego,612.41964516129
2024,8,2024-08,Chubut,20057.3275967742
2024,8,2024-08,Estado Nacional,492.482709677419
2024,8,2024-08,Formosa,89.2806451612903
2024,8,2024-08,Jujuy,27.1103225806452
2024,8,2024-08,La Pampa,1997.36374193548
2024,8,2024-08,Mendoza,8941.81529032258
2024,8,2024-08,Neuquén,67572.5377342581
2024,8,2024-08,Rio Negro,2930.81390322581
2024,8,2024-08,Salta,396.222004601574
2024,8,2024-08,Santa Cruz,10033.3631723958
2024,8,2024-08,Tierra del Fuego,556.660967741936
2024,9,2024-09,Chubut,20415.19495
2024,9,2024-09,Estado Nacional,495.1478
2024,9,2024-09,Formosa,84.0066666666667
2024,9,2024-09,Jujuy,26.1867666666667
2024,9,2024-09,La Pampa,2004.21703333333
2024,9,2024-09,Mendoza,8899.1823
2024,9,2024-09,Neuquén,70170.7151340667
2024,9,2024-09,Rio Negro,2939.56776666667
2024,9,2024-09,Salta,398.81453675722
2024,9,2024-09,Santa Cruz,10531.1354170227
2024,9,2024-09,Tierra del Fuego,606.1771
2024,10,2024-10,Chubut,20609.6574354839
2024,10,2024-10,Estado Nacional,618.663419354839
2024,10,2024-10,Formosa,81.098064516129
2024,10,2024-10,Jujuy,27.247064516129
2024,10,2024-10,La Pampa,2032.25661290323
2024,10,2024-10,Mendoza,8790.11990322581
2024,10,2024-10,Neuquén,70197.1553253548
2024,10,2024-10,Rio Negro,3013.09367741935
2024,10,2024-10,Salta,385.140690960213
2024,10,2024-10,Santa Cruz,10610.5159974768
2024,10,2024-10,Tierra del Fuego,557.020193548387
2024,11,2024-11,Chubut,20700.62428
2024,11,2024-11,Estado Nacional,512.084966666667
2024,11,2024-11,Formosa,94.9233333333333
2024,11,2024-11,Jujuy,27.2351333333333
2024,11,2024-11,La Pampa,1977.79546666667
2024,11,2024-11,Mendoza,8815.4704
2024,11,2024-11,Neuquén,72050.1999814
2024,11,2024-11,Rio Negro,3539.8658
2024,11,2024-11,Salta,388.02424518531
2024,11,2024-11,Santa Cruz,10864.975984756
2024,11,2024-11,Tierra del Fuego,487.879
2024,12,2024-12,Chubut,20602.2168870968
2024,12,2024-12,Estado Nacional,497.572967741935
2024,12,2024-12,Formosa,94.2645161290323
2024,12,2024-12,Jujuy,27.0347419354839
2024,12,2024-12,La Pampa,1976.5325483871
2024,12,2024-12,Mendoza,8714.87270967742
2024,12,2024-12,Neuquén,73431.5591386452
2024,12,2024-12,Rio Negro,3553.35658064516
2024,12,2024-12,Salta,382.720504462903
2024,12,2024-12,Santa Cruz,10735.8056757606
2024,12,2024-12,Tierra del Fuego,492.028161290323
2025,1,2025-01,Chubut,20259.3216225806
2025,1,2025-01,Estado Nacional,663.903677419355
2025,1,2025-01,Formosa,92.241935483871
2025,1,2025-01,Jujuy,26.8949032258065
2025,1,2025-01,La Pampa,1954.48258064516
2025,1,2025-01,Mendoza,8683.48135483871
2025,1,2025-01,Neuquén,72408.7300497742
2025,1,2025-01,Rio Negro,3463.50190322581
2025,1,2025-01,Salta,369.469538650537
2025,1,2025-01,Santa Cruz,10487.7551925077
2025,1,2025-01,Tierra del Fuego,451.125129032258
2025,2,2025-02,Chubut,20184.0912857143
2025,2,2025-02,Estado Nacional,730.142428571429
2025,2,2025-02,Formosa,90.0792857142857
2025,2,2025-02,Jujuy,27.2167142857143
2025,2,2025-02,La Pampa,1894.46860714286
2025,2,2025-02,Mendoza,8627.94917857143
2025,2,2025-02,Neuquén,72493.8231309286
2025,2,2025-02,Rio Negro,3427.18246428571
2025,2,2025-02,Salta,360.993536332143
2025,2,2025-02,Santa Cruz,10257.4576451364
2025,2,2025-02,Tierra del Fuego,487.042535714286
2025,3,2025-03,Chubut,20352.0175806452
2025,3,2025-03,Estado Nacional,668.566967741936
2025,3,2025-03,Formosa,91.8029038612903
2025,3,2025-03,Jujuy,27.2247096774194
2025,3,2025-03,La Pampa,1855.31158064516
2025,3,2025-03,Mendoza,8643.13290322581
2025,3,2025-03,Neuquén,72868.5334890323
2025,3,2025-03,Rio Negro,3451.00309677419
2025,3,2025-03,Salta,358.655475762903
2025,3,2025-03,Santa Cruz,10176.1341264323
2025,3,2025-03,Tierra del Fuego,515.815258064516
2025,4,2025-04,Chubut,20149.1995333333
2025,4,2025-04,Estado Nacional,681.650233333333
2025,4,2025-04,Formosa,94.766
2025,4,2025-04,Jujuy,27.1083333333333
2025,4,2025-04,La Pampa,1828.61506666667
2025,4,2025-04,Mendoza,8616.61093333333
2025,4,2025-04,Neuquén,72255.9928477667
2025,4,2025-04,Rio Negro,3436.64921333333
2025,4,2025-04,Salta,360.424013236667
2025,4,2025-04,Santa Cruz,10068.2947660343
2025,4,2025-04,Tierra del Fuego,467.810933333333
2025,5,2025-05,Chubut,19980.3353870968
2025,5,2025-05,Estado Nacional,733.873161290323
2025,5,2025-05,Formosa,85.5529032258064
2025,5,2025-05,Jujuy,27.240064516129
2025,5,2025-05,La Pampa,1795.899
2025,5,2025-05,Mendoza,8554.67709677419
2025,5,2025-05,Neuquén,73516.3210260323
2025,5,2025-05,Rio Negro,3299.35809677419
2025,5,2025-05,Salta,339.313657858065
2025,5,2025-05,Santa Cruz,10064.0695171252
2025,5,2025-05,Tierra del Fuego,498.515516129032
2025,6,2025-06,Chubut,19873.55684
2025,6,2025-06,Estado Nacional,794.939466666667
2025,6,2025-06,Formosa,84.3363333333333
2025,6,2025-06,Jujuy,27.2415
2025,6,2025-06,La Pampa,1780.10966666667
2025,6,2025-06,Mendoza,8493.44516666667
2025,6,2025-06,Neuquén,78249.8852657
2025,6,2025-06,Rio Negro,3266.98426666667
2025,6,2025-06,Salta,270.646451919444
2025,6,2025-06,Santa Cruz,9878.06923346667
2025,6,2025-06,Tierra del Fuego,514.4013
2025,7,2025-07,Chubut,19619.2492258065
2025,7,2025-07,Estado Nacional,793.008258064516
2025,7,2025-07,Formosa,85.0087096774194
2025,7,2025-07,Jujuy,27.1533548387097
2025,7,2025-07,La Pampa,1756.06477419355
2025,7,2025-07,Mendoza,8360.69470013086
2025,7,2025-07,Neuquén,83480.0459573934
2025,7,2025-07,Rio Negro,3232.23341935484
2025,7,2025-07,Salta,264.232811640323
2025,7,2025-07,Santa Cruz,9909.37341722581
2025,7,2025-07,Tierra del Fuego,513.935419354839
2025,8,2025-08,Chubut,19557.8312645161
2025,8,2025-08,Estado Nacional,790.650387096774
2025,8,2025-08,Formosa,80.0706451612903
2025,8,2025-08,Jujuy,26.8382903225806
2025,8,2025-08,La Pampa,1731.20651612903
2025,8,2025-08,Mendoza,8205.94352099525
2025,8,2025-08,Neuquén,86129.5114652305
2025,8,2025-08,Rio Negro,2940.17777419355
2025,8,2025-08,Salta,237.031224696774
2025,8,2025-08,Santa Cruz,9735.64809801613
2025,8,2025-08,Tierra del Fuego,501.446806451613
2025,9,2025-09,Chubut,19509.6079333333
2025,9,2025-09,Estado Nacional,761.983733333333
2025,9,2025-09,Formosa,80.8366666666667
2025,9,2025-09,Jujuy,27.2441666666667
2025,9,2025-09,La Pampa,1723.1277
2025,9,2025-09,Mendoza,8292.52634971008
2025,9,2025-09,Neuquén,89088.1161588755
2025,9,2025-09,Rio Negro,2925.9731
2025,9,2025-09,Salta,227.225335119444
2025,9,2025-09,Santa Cruz,9511.84299871667
2025,9,2025-09,Tierra del Fuego,427.110933333333
2025,10,2025-10,Chubut,19399.8963064516
2025,10,2025-10,Estado Nacional,687.116580645161
2025,10,2025-10,Formosa,80.3609677419355
2025,10,2025-10,Jujuy,28.3176129032258
2025,10,2025-10,La Pampa,1748.26177419355
2025,10,2025-10,Mendoza,8218.87134845532
2025,10,2025-10,Neuquén,92280.0648156278
2025,10,2025-10,Rio Negro,2843.29290322581
2025,10,2025-10,Salta,218.920935483871
2025,10,2025-10,Santa Cruz,9346.06461247742
2025,10,2025-10,Tierra del Fuego,423.875290322581
2025,11,2025-11,Chubut,18392.0097866667
2025,11,2025-11,Estado Nacional,691.389066666667
2025,11,2025-11,Formosa,74.57
2025,11,2025-11,Jujuy,28.5488
2025,11,2025-11,La Pampa,1721.49406666667
2025,11,2025-11,Mendoza,8172.45274264249
2025,11,2025-11,Neuquén,92532.9494471861
2025,11,2025-11,Rio Negro,3375.77123333333
2025,11,2025-11,Salta,217.017533333333
2025,11,2025-11,Santa Cruz,9264.56290043
2025,11,2025-11,Tierra del Fuego,406.792733333333
2025,12,2025-12,Chubut,19146.4367741935
2025,12,2025-12,Estado Nacional,673.942322580645
2025,12,2025-12,Formosa,74.8612903225806
2025,12,2025-12,Jujuy,27.8845161290323
2025,12,2025-12,La Pampa,1685.27525806452
2025,12,2025-12,Mendoza,8182.09895301423
2025,12,2025-12,Neuquén,94633.5588492116
2025,12,2025-12,Rio Negro,3677.40203225806
2025,12,2025-12,Salta,217.687774474194
2025,12,2025-12,Santa Cruz,8181.51120895123
2025,12,2025-12,Tierra del Fuego,447.815903225806
2026,1,2026-01,Chubut,92.9458064516129
2026,1,2026-01,Formosa,72.4141935483871
2026,1,2026-01,Mendoza,182.139290322581
2026,1,2026-01,Neuquén,6105.17812903226
2026,1,2026-01,Rio Negro,1386.91690322581
2026,1,2026-01,Salta,16.7443698
2026,1,2026-01,Santa Cruz,285.152258064516
