anio,mes,indice_tiempo,cuenca,produccion_petroleo_promedio_dia_m3
2009,1,2009-01,AUSTRAL,4872.69738709677
2009,1,2009-01,CUYANA,5480.36409677419
2009,1,2009-01,GOLFO SAN JORGE,43368.8789354839
2009,1,2009-01,LOS BOLSONES,0
2009,1,2009-01,NEUQUINA,42077.1799987097
2009,1,2009-01,NOROESTE,2125.47870967742
2009,2,2009-02,AUSTRAL,4980.36442857143
2009,2,2009-02,CUYANA,5458.98882142857
2009,2,2009-02,DEL COLORADO,0
2009,2,2009-02,GOLFO SAN JORGE,45281.881
2009,2,2009-02,LOS BOLSONES,0
2009,2,2009-02,NEUQUINA,42214.4806131071
2009,2,2009-02,NOROESTE,2108.35107142857
2009,3,2009-03,AUSTRAL,4798.12919354839
2009,3,2009-03,CUYANA,5441.40567741936
2009,3,2009-03,DEL COLORADO,0
2009,3,2009-03,GOLFO SAN JORGE,45676.9017419355
2009,3,2009-03,LOS BOLSONES,0
2009,3,2009-03,NEUQUINA,41346.3153836774
2009,3,2009-03,NOROESTE,2066.76838709677
2009,4,2009-04,AUSTRAL,4980.59983333333
2009,4,2009-04,CUYANA,5368.67546666667
2009,4,2009-04,DEL COLORADO,0
2009,4,2009-04,GOLFO SAN JORGE,44920.9809333333
2009,4,2009-04,LOS BOLSONES,0
2009,4,2009-04,NEUQUINA,41681.2600252
2009,4,2009-04,NOROESTE,1928.86966666667
2009,5,2009-05,AUSTRAL,4530.25116129032
2009,5,2009-05,CUYANA,5232.32761290323
2009,5,2009-05,DEL COLORADO,0
2009,5,2009-05,GOLFO SAN JORGE,45834.9663548387
2009,5,2009-05,LOS BOLSONES,0
2009,5,2009-05,NEUQUINA,40510.6310944839
2009,5,2009-05,NOROESTE,2043.82290322581
2009,6,2009-06,AUSTRAL,4840.7349
2009,6,2009-06,CUYANA,5185.4892
2009,6,2009-06,DEL COLORADO,0
2009,6,2009-06,GOLFO SAN JORGE,42317.1023333333
2009,6,2009-06,LOS BOLSONES,0
2009,6,2009-06,NEUQUINA,41361.9279732
2009,6,2009-06,NOROESTE,1998.54066666667
2009,7,2009-07,AUSTRAL,4908.75406451613
2009,7,2009-07,CUYANA,5144.1544516129
2009,7,2009-07,DEL COLORADO,0
2009,7,2009-07,GOLFO SAN JORGE,44842.005
2009,7,2009-07,LOS BOLSONES,0
2009,7,2009-07,NEUQUINA,38882.536359
2009,7,2009-07,NOROESTE,1994.82580645161
2009,8,2009-08,AUSTRAL,3620.99280645161
2009,8,2009-08,CUYANA,5122.17793548387
2009,8,2009-08,DEL COLORADO,0
2009,8,2009-08,GOLFO SAN JORGE,32980.1506451613
2009,8,2009-08,LOS BOLSONES,0
2009,8,2009-08,NEUQUINA,40398.5194852581
2009,8,2009-08,NOROESTE,2058.92258064516
2009,9,2009-09,AUSTRAL,5240.7241
2009,9,2009-09,CUYANA,4994.67416666667
2009,9,2009-09,DEL COLORADO,0
2009,9,2009-09,GOLFO SAN JORGE,44582.9223333333
2009,9,2009-09,LOS BOLSONES,0
2009,9,2009-09,NEUQUINA,39196.9177029
2009,9,2009-09,NOROESTE,2016.74766666667
2009,10,2009-10,AUSTRAL,5201.68535477419
2009,10,2009-10,CUYANA,5165.51958064516
2009,10,2009-10,DEL COLORADO,0
2009,10,2009-10,GOLFO SAN JORGE,44968.5721935484
2009,10,2009-10,LOS BOLSONES,0
2009,10,2009-10,NEUQUINA,40237.5762541935
2009,10,2009-10,NOROESTE,2013.46741935484
2009,11,2009-11,AUSTRAL,5069.73033
2009,11,2009-11,CUYANA,5181.9531
2009,11,2009-11,DEL COLORADO,0
2009,11,2009-11,GOLFO SAN JORGE,42378.9215666667
2009,11,2009-11,LOS BOLSONES,0
2009,11,2009-11,NEUQUINA,39708.3148079333
2009,11,2009-11,NOROESTE,1968.13966666667
2009,12,2009-12,AUSTRAL,4912.05625806452
2009,12,2009-12,CUYANA,5188.87083870968
2009,12,2009-12,DEL COLORADO,0
2009,12,2009-12,GOLFO SAN JORGE,42576.3195483871
2009,12,2009-12,LOS BOLSONES,0
2009,12,2009-12,NEUQUINA,39686.6323140323
2009,12,2009-12,NOROESTE,1887.05838709677
2010,1,2010-01,AUSTRAL,4653.1533700229
2010,1,2010-01,CUYANA,5210.71151612903
2010,1,2010-01,DEL COLORADO,0
2010,1,2010-01,GOLFO SAN JORGE,44730.7027741936
2010,1,2010-01,LOS BOLSONES,0
2010,1,2010-01,NEUQUINA,39240.0339354839
2010,1,2010-01,NOROESTE,1899.23838709677
2010,2,2010-02,AUSTRAL,4772.15779574
2010,2,2010-02,CUYANA,5198.69403571429
2010,2,2010-02,DEL COLORADO,0
2010,2,2010-02,GOLFO SAN JORGE,44191.2169285714
2010,2,2010-02,LOS BOLSONES,0
2010,2,2010-02,NEUQUINA,39586.2563571429
2010,2,2010-02,NOROESTE,1895.24996428571
2010,3,2010-03,AUSTRAL,4519.61288018031
2010,3,2010-03,CUYANA,5169.39687096774
2010,3,2010-03,DEL COLORADO,0
2010,3,2010-03,GOLFO SAN JORGE,44907.7709677419
2010,3,2010-03,LOS BOLSONES,0
2010,3,2010-03,NEUQUINA,39499.3281935484
2010,3,2010-03,NOROESTE,1818.83838709677
2010,4,2010-04,AUSTRAL,4555.45145532457
2010,4,2010-04,CUYANA,5090.66566666667
2010,4,2010-04,DEL COLORADO,0
2010,4,2010-04,GOLFO SAN JORGE,44830.2601333333
2010,4,2010-04,LOS BOLSONES,0
2010,4,2010-04,NEUQUINA,39460.9703266667
2010,4,2010-04,NOROESTE,1855.86866666667
2010,5,2010-05,AUSTRAL,4543.42124128097
2010,5,2010-05,CUYANA,5159.35690322581
2010,5,2010-05,DEL COLORADO,0
2010,5,2010-05,GOLFO SAN JORGE,44346.9071612903
2010,5,2010-05,LOS BOLSONES,0
2010,5,2010-05,NEUQUINA,39569.9085483871
2010,5,2010-05,NOROESTE,1816.87677419355
2010,6,2010-06,AUSTRAL,4579.82676791367
2010,6,2010-06,CUYANA,5214.9855
2010,6,2010-06,DEL COLORADO,0
2010,6,2010-06,GOLFO SAN JORGE,44373.7764666667
2010,6,2010-06,LOS BOLSONES,0
2010,6,2010-06,NEUQUINA,39936.4139666667
2010,6,2010-06,NOROESTE,1814.539
2010,7,2010-07,AUSTRAL,4700.70735485355
2010,7,2010-07,CUYANA,5228.49964516129
2010,7,2010-07,DEL COLORADO,0
2010,7,2010-07,GOLFO SAN JORGE,44240.1629677419
2010,7,2010-07,LOS BOLSONES,0
2010,7,2010-07,NEUQUINA,39487.5575483871
2010,7,2010-07,NOROESTE,1771.54806451613
2010,8,2010-08,AUSTRAL,4189.3004086254
2010,8,2010-08,CUYANA,5187.79706451613
2010,8,2010-08,DEL COLORADO,0
2010,8,2010-08,GOLFO SAN JORGE,44799.089483871
2010,8,2010-08,LOS BOLSONES,0
2010,8,2010-08,NEUQUINA,39643.4735483871
2010,8,2010-08,NOROESTE,1745.5164516129
2010,9,2010-09,AUSTRAL,4239.30930719065
2010,9,2010-09,CUYANA,5104.4718
2010,9,2010-09,DEL COLORADO,0
2010,9,2010-09,GOLFO SAN JORGE,43695.1649333333
2010,9,2010-09,LOS BOLSONES,0
2010,9,2010-09,NEUQUINA,39239.9684
2010,9,2010-09,NOROESTE,1777.09666666667
2010,10,2010-10,AUSTRAL,3857.72794310811
2010,10,2010-10,CUYANA,5147.50619354839
2010,10,2010-10,DEL COLORADO,0
2010,10,2010-10,GOLFO SAN JORGE,43344.6716129032
2010,10,2010-10,LOS BOLSONES,0
2010,10,2010-10,NEUQUINA,38861.0583870968
2010,10,2010-10,NOROESTE,1798.67096774194
2010,11,2010-11,AUSTRAL,3632.2724241811
2010,11,2010-11,CUYANA,5131.55603333333
2010,11,2010-11,DEL COLORADO,0
2010,11,2010-11,GOLFO SAN JORGE,44062.7603
2010,11,2010-11,LOS BOLSONES,0
2010,11,2010-11,NEUQUINA,38554.0993333333
2010,11,2010-11,NOROESTE,1712.3811
2010,12,2010-12,AUSTRAL,3751.56828800552
2010,12,2010-12,CUYANA,5060.92325806452
2010,12,2010-12,DEL COLORADO,0
2010,12,2010-12,GOLFO SAN JORGE,30752.5848709677
2010,12,2010-12,LOS BOLSONES,0
2010,12,2010-12,NEUQUINA,37832.1538064516
2010,12,2010-12,NOROESTE,1687.21225806452
2011,1,2011-01,AUSTRAL,3994.81539331774
2011,1,2011-01,CUYANA,5131.69335483871
2011,1,2011-01,DEL COLORADO,0
2011,1,2011-01,GOLFO SAN JORGE,43136.2743870968
2011,1,2011-01,LOS BOLSONES,0
2011,1,2011-01,NEUQUINA,38019.3889354839
2011,1,2011-01,NOROESTE,1609.33806451613
2011,2,2011-02,AUSTRAL,3895.61336298725
2011,2,2011-02,CUYANA,5201.14139285714
2011,2,2011-02,DEL COLORADO,0
2011,2,2011-02,GOLFO SAN JORGE,44055.9044285714
2011,2,2011-02,LOS BOLSONES,0
2011,2,2011-02,NEUQUINA,37703.8813214286
2011,2,2011-02,NOROESTE,1588.30035714286
2011,3,2011-03,AUSTRAL,3686.48215809988
2011,3,2011-03,CUYANA,5159.97422580645
2011,3,2011-03,DEL COLORADO,0
2011,3,2011-03,GOLFO SAN JORGE,43870.1765806452
2011,3,2011-03,LOS BOLSONES,0
2011,3,2011-03,NEUQUINA,37613.9037419355
2011,3,2011-03,NOROESTE,1549.55419354839
2011,4,2011-04,AUSTRAL,4046.602852466
2011,4,2011-04,CUYANA,5095.83526666667
2011,4,2011-04,DEL COLORADO,0
2011,4,2011-04,GOLFO SAN JORGE,28665.2357333333
2011,4,2011-04,LOS BOLSONES,0
2011,4,2011-04,NEUQUINA,37402.9291666667
2011,4,2011-04,NOROESTE,1466.53466666667
2011,5,2011-05,AUSTRAL,4135.81702477419
2011,5,2011-05,CUYANA,5149.94351612903
2011,5,2011-05,DEL COLORADO,0
2011,5,2011-05,GOLFO SAN JORGE,32418.9663548387
2011,5,2011-05,LOS BOLSONES,0
2011,5,2011-05,NEUQUINA,37064.8047741936
2011,5,2011-05,NOROESTE,1566.8364516129
2011,6,2011-06,AUSTRAL,4157.24335753667
2011,6,2011-06,CUYANA,5154.5766
2011,6,2011-06,DEL COLORADO,0
2011,6,2011-06,GOLFO SAN JORGE,33693.5597666667
2011,6,2011-06,LOS BOLSONES,0
2011,6,2011-06,NEUQUINA,36987.7519633333
2011,6,2011-06,NOROESTE,1535.4604
2011,7,2011-07,AUSTRAL,3951.92970763234
2011,7,2011-07,CUYANA,5204.07687096774
2011,7,2011-07,DEL COLORADO,0
2011,7,2011-07,GOLFO SAN JORGE,38042.6335290323
2011,7,2011-07,LOS BOLSONES,0
2011,7,2011-07,NEUQUINA,37015.3909354839
2011,7,2011-07,NOROESTE,1510.22870967742
2011,8,2011-08,AUSTRAL,3946.91706451613
2011,8,2011-08,CUYANA,5130.12251612903
2011,8,2011-08,DEL COLORADO,0
2011,8,2011-08,GOLFO SAN JORGE,42767.7459332258
2011,8,2011-08,LOS BOLSONES,0
2011,8,2011-08,NEUQUINA,37147.5801290323
2011,8,2011-08,NOROESTE,1547.81451612903
2011,9,2011-09,AUSTRAL,4067.4857
2011,9,2011-09,CUYANA,5151.0845
2011,9,2011-09,DEL COLORADO,0
2011,9,2011-09,GOLFO SAN JORGE,43658.6748906667
2011,9,2011-09,LOS BOLSONES,0
2011,9,2011-09,NEUQUINA,36781.966
2011,9,2011-09,NOROESTE,1535.62966666667
2011,10,2011-10,AUSTRAL,4279.26548387097
2011,10,2011-10,CUYANA,5115.93264516129
2011,10,2011-10,DEL COLORADO,0
2011,10,2011-10,GOLFO SAN JORGE,43966.0075348387
2011,10,2011-10,LOS BOLSONES,0
2011,10,2011-10,NEUQUINA,37014.3081935484
2011,10,2011-10,NOROESTE,1456.72096774194
2011,11,2011-11,AUSTRAL,4061.1388
2011,11,2011-11,CUYANA,5076.13283333333
2011,11,2011-11,DEL COLORADO,0
2011,11,2011-11,GOLFO SAN JORGE,44045.1490926667
2011,11,2011-11,LOS BOLSONES,0
2011,11,2011-11,NEUQUINA,36870.1961666667
2011,11,2011-11,NOROESTE,1436.00036666667
2011,12,2011-12,AUSTRAL,3958.89512903226
2011,12,2011-12,CUYANA,4973.05135483871
2011,12,2011-12,DEL COLORADO,0
2011,12,2011-12,GOLFO SAN JORGE,44128.1666696774
2011,12,2011-12,LOS BOLSONES,0
2011,12,2011-12,NEUQUINA,35941.0001935484
2011,12,2011-12,NOROESTE,1398.94177419355
2012,1,2012-01,AUSTRAL,4376.19012903226
2012,1,2012-01,CUYANA,4978.49248387097
2012,1,2012-01,DEL COLORADO,0
2012,1,2012-01,GOLFO SAN JORGE,43179.6760832258
2012,1,2012-01,LOS BOLSONES,0
2012,1,2012-01,NEUQUINA,34532.3129354839
2012,1,2012-01,NOROESTE,1357.20620645161
2012,2,2012-02,AUSTRAL,4289.56951724138
2012,2,2012-02,CUYANA,4947.31951724138
2012,2,2012-02,DEL COLORADO,0
2012,2,2012-02,GOLFO SAN JORGE,42423.8702786207
2012,2,2012-02,LOS BOLSONES,0
2012,2,2012-02,NEUQUINA,35387.0573448276
2012,2,2012-02,NOROESTE,1339.15931034483
2012,3,2012-03,AUSTRAL,4163.71283870968
2012,3,2012-03,CUYANA,4931.73696774194
2012,3,2012-03,DEL COLORADO,0
2012,3,2012-03,GOLFO SAN JORGE,42580.728083871
2012,3,2012-03,LOS BOLSONES,0
2012,3,2012-03,NEUQUINA,35769.4004193548
2012,3,2012-03,NOROESTE,1340.49361290323
2012,4,2012-04,AUSTRAL,4257.69823333333
2012,4,2012-04,CUYANA,4918.18696666667
2012,4,2012-04,DEL COLORADO,0
2012,4,2012-04,GOLFO SAN JORGE,42039.0176666667
2012,4,2012-04,LOS BOLSONES,0
2012,4,2012-04,NEUQUINA,35052.0969333333
2012,4,2012-04,NOROESTE,1531.72143333333
2012,5,2012-05,AUSTRAL,4334.61316129032
2012,5,2012-05,CAÑADON ASFALTO,0
2012,5,2012-05,CUYANA,4910.30429032258
2012,5,2012-05,DEL COLORADO,0
2012,5,2012-05,GOLFO SAN JORGE,42290.9698789652
2012,5,2012-05,LOS BOLSONES,0
2012,5,2012-05,NEUQUINA,35436.191483871
2012,5,2012-05,NOROESTE,1576.15629032258
2012,6,2012-06,AUSTRAL,4207.37103333333
2012,6,2012-06,CAÑADON ASFALTO,0
2012,6,2012-06,CUYANA,4979.35153333333
2012,6,2012-06,DEL COLORADO,0
2012,6,2012-06,GOLFO SAN JORGE,37995.1477
2012,6,2012-06,LOS BOLSONES,0
2012,6,2012-06,NEUQUINA,35762.2209946
2012,6,2012-06,NOROESTE,1549.30793333333
2012,7,2012-07,AUSTRAL,4285.53367741935
2012,7,2012-07,CAÑADON ASFALTO,0
2012,7,2012-07,CUYANA,4914.91187096774
2012,7,2012-07,DEL COLORADO,0
2012,7,2012-07,GOLFO SAN JORGE,38642.1070645161
2012,7,2012-07,LOS BOLSONES,0
2012,7,2012-07,NEUQUINA,35902.1267643871
2012,7,2012-07,NORESTE,0
2012,7,2012-07,NOROESTE,1527.18793548387
2012,8,2012-08,AUSTRAL,4310.61938709677
2012,8,2012-08,CAÑADON ASFALTO,0
2012,8,2012-08,CUYANA,5077.32467741935
2012,8,2012-08,DEL COLORADO,0
2012,8,2012-08,GOLFO SAN JORGE,41679.9157741935
2012,8,2012-08,LOS BOLSONES,0
2012,8,2012-08,NEUQUINA,36108.0190263226
2012,8,2012-08,NORESTE,0
2012,8,2012-08,NOROESTE,1528.07470967742
2012,9,2012-09,AUSTRAL,4299.65396666667
2012,9,2012-09,CAÑADON ASFALTO,0
2012,9,2012-09,CUYANA,5060.20423333333
2012,9,2012-09,DEL COLORADO,0
2012,9,2012-09,GOLFO SAN JORGE,41816.4586333333
2012,9,2012-09,LOS BOLSONES,0
2012,9,2012-09,NEUQUINA,36020.9792424
2012,9,2012-09,NORESTE,0
2012,9,2012-09,NOROESTE,1477.54853333333
2012,10,2012-10,AUSTRAL,4172.49377419355
2012,10,2012-10,CAÑADON ASFALTO,0
2012,10,2012-10,CUYANA,5006.96148387097
2012,10,2012-10,DEL COLORADO,0
2012,10,2012-10,GOLFO SAN JORGE,41547.7866129032
2012,10,2012-10,LOS BOLSONES,0
2012,10,2012-10,NEUQUINA,35604.9524839032
2012,10,2012-10,NORESTE,0
2012,10,2012-10,NOROESTE,1434.57290322581
2012,11,2012-11,AUSTRAL,4159.86906666667
2012,11,2012-11,CAÑADON ASFALTO,0
2012,11,2012-11,CUYANA,4904.3229
2012,11,2012-11,DEL COLORADO,0
2012,11,2012-11,GOLFO SAN JORGE,41233.3200333333
2012,11,2012-11,LOS BOLSONES,0
2012,11,2012-11,MALVINAS,0
2012,11,2012-11,NEUQUINA,32850.816769456
2012,11,2012-11,NORESTE,0
2012,11,2012-11,NOROESTE,1418.1865
2012,12,2012-12,AUSTRAL,4246.11093548387
2012,12,2012-12,CAÑADON ASFALTO,0
2012,12,2012-12,CUYANA,4924.86406451613
2012,12,2012-12,DEL COLORADO,0
2012,12,2012-12,GOLFO SAN JORGE,40956.8980645161
2012,12,2012-12,LOS BOLSONES,0
2012,12,2012-12,MALVINAS,0
2012,12,2012-12,NEUQUINA,35120.5519188271
2012,12,2012-12,NORESTE,0
2012,12,2012-12,NOROESTE,1424.15064516129
2013,1,2013-01,AUSTRAL,4062.846
2013,1,2013-01,CAÑADON ASFALTO,0
2013,1,2013-01,CUYANA,4847.70516129032
2013,1,2013-01,DEL COLORADO,0
2013,1,2013-01,GOLFO SAN JORGE,40492.3126451613
2013,1,2013-01,LOS BOLSONES,0
2013,1,2013-01,MALVINAS,0
2013,1,2013-01,NEUQUINA,34026.2790786448
2013,1,2013-01,NORESTE,0
2013,1,2013-01,NOROESTE,1420.09061290323
2013,2,2013-02,AUSTRAL,4074.31303571429
2013,2,2013-02,CAÑADON ASFALTO,0
2013,2,2013-02,CUYANA,4966.5065
2013,2,2013-02,DEL COLORADO,0
2013,2,2013-02,GOLFO SAN JORGE,40334.4133571429
2013,2,2013-02,LOS BOLSONES,0
2013,2,2013-02,MALVINAS,0
2013,2,2013-02,NEUQUINA,34117.5449894282
2013,2,2013-02,NORESTE,0
2013,2,2013-02,NOROESTE,1370.33071428571
2013,3,2013-03,AUSTRAL,3920.54825806452
2013,3,2013-03,CAÑADON ASFALTO,0
2013,3,2013-03,CUYANA,4937.81241935484
2013,3,2013-03,DEL COLORADO,0
2013,3,2013-03,GOLFO SAN JORGE,40677.1533548387
2013,3,2013-03,LOS BOLSONES,0
2013,3,2013-03,MALVINAS,0
2013,3,2013-03,NEUQUINA,34301.7363435077
2013,3,2013-03,NORESTE,0
2013,3,2013-03,NOROESTE,1335.89403225806
2013,4,2013-04,AUSTRAL,3905.38756666667
2013,4,2013-04,CAÑADON ASFALTO,0
2013,4,2013-04,CUYANA,4891.22366666667
2013,4,2013-04,DEL COLORADO,0
2013,4,2013-04,GOLFO SAN JORGE,39972.9504
2013,4,2013-04,LOS BOLSONES,0
2013,4,2013-04,MALVINAS,0
2013,4,2013-04,NEUQUINA,34500.91246
2013,4,2013-04,NORESTE,0
2013,4,2013-04,NOROESTE,1262.8559
2013,5,2013-05,AUSTRAL,3972.18093548387
2013,5,2013-05,CAÑADON ASFALTO,0
2013,5,2013-05,CUYANA,4829.93070335484
2013,5,2013-05,DEL COLORADO,0
2013,5,2013-05,GOLFO SAN JORGE,41019.776356067
2013,5,2013-05,LOS BOLSONES,0
2013,5,2013-05,MALVINAS,0
2013,5,2013-05,NEUQUINA,34908.9542816561
2013,5,2013-05,NORESTE,0
2013,5,2013-05,NOROESTE,1330.0045483871
2013,6,2013-06,AUSTRAL,4128.34876666667
2013,6,2013-06,CAÑADON ASFALTO,0
2013,6,2013-06,CUYANA,4834.69296666667
2013,6,2013-06,DEL COLORADO,0
2013,6,2013-06,GOLFO SAN JORGE,41264.7396519705
2013,6,2013-06,LOS BOLSONES,0
2013,6,2013-06,MALVINAS,0
2013,6,2013-06,NEUQUINA,34199.8733211857
2013,6,2013-06,NORESTE,0
2013,6,2013-06,NOROESTE,1268.13733333333
2013,7,2013-07,AUSTRAL,4031.51322580645
2013,7,2013-07,CAÑADON ASFALTO,0
2013,7,2013-07,CUYANA,4744.73783870968
2013,7,2013-07,DEL COLORADO,0
2013,7,2013-07,GOLFO SAN JORGE,41419.7919677419
2013,7,2013-07,LOS BOLSONES,0
2013,7,2013-07,MALVINAS,0
2013,7,2013-07,NEUQUINA,35189.1350341361
2013,7,2013-07,NORESTE,0
2013,7,2013-07,NOROESTE,1227.97816129032
2013,8,2013-08,AUSTRAL,4008.26719354839
2013,8,2013-08,CAÑADON ASFALTO,0
2013,8,2013-08,CUYANA,4724.69135483871
2013,8,2013-08,DEL COLORADO,0
2013,8,2013-08,GOLFO SAN JORGE,41460.4499032258
2013,8,2013-08,LOS BOLSONES,0
2013,8,2013-08,MALVINAS,0
2013,8,2013-08,NEUQUINA,34805.5847709803
2013,8,2013-08,NORESTE,0
2013,8,2013-08,NOROESTE,1229.80783870968
2013,9,2013-09,AUSTRAL,3885.48413333333
2013,9,2013-09,CAÑADON ASFALTO,0
2013,9,2013-09,CUYANA,4751.99563333333
2013,9,2013-09,DEL COLORADO,0
2013,9,2013-09,GOLFO SAN JORGE,41581.0918
2013,9,2013-09,LOS BOLSONES,0
2013,9,2013-09,MALVINAS,0
2013,9,2013-09,NEUQUINA,35244.15925452
2013,9,2013-09,ÑIRIHUAU,0
2013,9,2013-09,NORESTE,0
2013,9,2013-09,NOROESTE,1287.79533333333
2013,10,2013-10,AUSTRAL,3727.55209677419
2013,10,2013-10,CAÑADON ASFALTO,0
2013,10,2013-10,CUYANA,4709.1685483871
2013,10,2013-10,DEL COLORADO,0
2013,10,2013-10,FUERA DE CUENCA,0
2013,10,2013-10,GENERAL LEVALLE,0
2013,10,2013-10,GOLFO SAN JORGE,42148.7736774194
2013,10,2013-10,LAS SALINAS,0
2013,10,2013-10,LOS BOLSONES,0
2013,10,2013-10,MALVINAS,0
2013,10,2013-10,NEUQUINA,35108.3435256519
2013,10,2013-10,ÑIRIHUAU,0
2013,10,2013-10,NORESTE,0
2013,10,2013-10,NOROESTE,1247.00496774194
2013,11,2013-11,AUSTRAL,3740.37013643333
2013,11,2013-11,CAÑADON ASFALTO,0
2013,11,2013-11,CUYANA,4723.36986666667
2013,11,2013-11,DEL COLORADO,0
2013,11,2013-11,FUERA DE CUENCA,0
2013,11,2013-11,GENERAL LEVALLE,0
2013,11,2013-11,GOLFO SAN JORGE,42015.9435333333
2013,11,2013-11,LAS SALINAS,0
2013,11,2013-11,LOS BOLSONES,0
2013,11,2013-11,MALVINAS,0
2013,11,2013-11,NEUQUINA,34640.405085751
2013,11,2013-11,ÑIRIHUAU,0
2013,11,2013-11,NORESTE,0
2013,11,2013-11,NOROESTE,1259.33383333333
2013,12,2013-12,AUSTRAL,3637.16939896774
2013,12,2013-12,CAÑADON ASFALTO,0
2013,12,2013-12,CUYANA,4693.95051612903
2013,12,2013-12,DEL COLORADO,0
2013,12,2013-12,FUERA DE CUENCA,0
2013,12,2013-12,GENERAL LEVALLE,0
2013,12,2013-12,GOLFO SAN JORGE,41703.216
2013,12,2013-12,LAS SALINAS,0
2013,12,2013-12,LOS BOLSONES,0
2013,12,2013-12,MALVINAS,0
2013,12,2013-12,NEUQUINA,34625.4451523665
2013,12,2013-12,ÑIRIHUAU,0
2013,12,2013-12,NORESTE,0
2013,12,2013-12,NOROESTE,1280.53774193548
2014,1,2014-01,AUSTRAL,3767.4782736129
2014,1,2014-01,CAÑADON ASFALTO,0
2014,1,2014-01,CUYANA,4708.12903225806
2014,1,2014-01,DEL COLORADO,0
2014,1,2014-01,FUERA DE CUENCA,0
2014,1,2014-01,GENERAL LEVALLE,0
2014,1,2014-01,GOLFO SAN JORGE,41562.6556774194
2014,1,2014-01,LAS SALINAS,0
2014,1,2014-01,LOS BOLSONES,0
2014,1,2014-01,MALVINAS,0
2014,1,2014-01,NEUQUINA,34425.6461058416
2014,1,2014-01,ÑIRIHUAU,0
2014,1,2014-01,NORESTE,0
2014,1,2014-01,NOROESTE,1251.41041935484
2014,2,2014-02,AUSTRAL,3709.53759353571
2014,2,2014-02,CAÑADON ASFALTO,0
2014,2,2014-02,CUYANA,4683.33189285714
2014,2,2014-02,DEL COLORADO,0
2014,2,2014-02,FUERA DE CUENCA,0
2014,2,2014-02,GENERAL LEVALLE,0
2014,2,2014-02,GOLFO SAN JORGE,41652.5408571429
2014,2,2014-02,LAS SALINAS,0
2014,2,2014-02,LOS BOLSONES,0
2014,2,2014-02,MALVINAS,0
2014,2,2014-02,NEUQUINA,34364.9722536896
2014,2,2014-02,ÑIRIHUAU,0
2014,2,2014-02,NORESTE,0
2014,2,2014-02,NOROESTE,1272.52607142857
2014,3,2014-03,AUSTRAL,3687.28853548387
2014,3,2014-03,CAÑADON ASFALTO,0
2014,3,2014-03,CUYANA,4715.26590322581
2014,3,2014-03,DEL COLORADO,0
2014,3,2014-03,FUERA DE CUENCA,0
2014,3,2014-03,GENERAL LEVALLE,0
2014,3,2014-03,GOLFO SAN JORGE,41708.0828064516
2014,3,2014-03,LAS SALINAS,0
2014,3,2014-03,LOS BOLSONES,0
2014,3,2014-03,MALVINAS,0
2014,3,2014-03,NEUQUINA,33642.1027487794
2014,3,2014-03,ÑIRIHUAU,0
2014,3,2014-03,NORESTE,0
2014,3,2014-03,NOROESTE,1213.73674193548
2014,4,2014-04,AUSTRAL,3289.91895543333
2014,4,2014-04,CAÑADON ASFALTO,0
2014,4,2014-04,CUYANA,4667.15253333333
2014,4,2014-04,DEL COLORADO,0
2014,4,2014-04,FUERA DE CUENCA,0
2014,4,2014-04,GENERAL LEVALLE,0
2014,4,2014-04,GOLFO SAN JORGE,41259.4443
2014,4,2014-04,LAS SALINAS,0
2014,4,2014-04,LOS BOLSONES,0
2014,4,2014-04,MALVINAS,0
2014,4,2014-04,NEUQUINA,31452.340906931
2014,4,2014-04,ÑIRIHUAU,0
2014,4,2014-04,NORESTE,0
2014,4,2014-04,NOROESTE,1157.03733333333
2014,5,2014-05,AUSTRAL,3675.5902276129
2014,5,2014-05,CAÑADON ASFALTO,0
2014,5,2014-05,CUYANA,4662.05358064516
2014,5,2014-05,DEL COLORADO,0
2014,5,2014-05,FUERA DE CUENCA,0
2014,5,2014-05,GENERAL LEVALLE,0
2014,5,2014-05,GOLFO SAN JORGE,41229.3666774194
2014,5,2014-05,LAS SALINAS,0
2014,5,2014-05,LOS BOLSONES,0
2014,5,2014-05,MALVINAS,0
2014,5,2014-05,NEUQUINA,33297.7802998997
2014,5,2014-05,ÑIRIHUAU,0
2014,5,2014-05,NORESTE,0
2014,5,2014-05,NOROESTE,1148.94622580645
2014,6,2014-06,AUSTRAL,3746.8236084
2014,6,2014-06,CAÑADON ASFALTO,0
2014,6,2014-06,CUYANA,4712.08143333333
2014,6,2014-06,DEL COLORADO,0
2014,6,2014-06,FUERA DE CUENCA,0
2014,6,2014-06,GENERAL LEVALLE,0
2014,6,2014-06,GOLFO SAN JORGE,40923.2623333333
2014,6,2014-06,LAS SALINAS,0
2014,6,2014-06,LOS BOLSONES,0
2014,6,2014-06,MALVINAS,0
2014,6,2014-06,NEUQUINA,33716.4824764157
2014,6,2014-06,ÑIRIHUAU,0
2014,6,2014-06,NORESTE,0
2014,6,2014-06,NOROESTE,1186.04473333333
2014,7,2014-07,AUSTRAL,3639.540268
2014,7,2014-07,CAÑADON ASFALTO,0
2014,7,2014-07,CUYANA,4722.3775483871
2014,7,2014-07,DEL COLORADO,0
2014,7,2014-07,FUERA DE CUENCA,0
2014,7,2014-07,GENERAL LEVALLE,0
2014,7,2014-07,GOLFO SAN JORGE,41024.5353449258
2014,7,2014-07,LAS SALINAS,0
2014,7,2014-07,LOS BOLSONES,0
2014,7,2014-07,MALVINAS,0
2014,7,2014-07,NEUQUINA,32890.3024309168
2014,7,2014-07,ÑIRIHUAU,0
2014,7,2014-07,NORESTE,0
2014,7,2014-07,NOROESTE,1180.78490322581
2014,8,2014-08,AUSTRAL,3583.80735483871
2014,8,2014-08,CAÑADON ASFALTO,0
2014,8,2014-08,CUYANA,4668.58048387097
2014,8,2014-08,DEL COLORADO,0
2014,8,2014-08,FUERA DE CUENCA,0
2014,8,2014-08,GENERAL LEVALLE,0
2014,8,2014-08,GOLFO SAN JORGE,40327.8813171839
2014,8,2014-08,LAS SALINAS,0
2014,8,2014-08,LOS BOLSONES,0
2014,8,2014-08,MALVINAS,0
2014,8,2014-08,NEUQUINA,34315.0790700603
2014,8,2014-08,ÑIRIHUAU,0
2014,8,2014-08,NORESTE,0
2014,8,2014-08,NOROESTE,1188.59103225806
2014,9,2014-09,AUSTRAL,3820.89453333333
2014,9,2014-09,CAÑADON ASFALTO,0
2014,9,2014-09,CUYANA,4640.18293333333
2014,9,2014-09,DEL COLORADO,0
2014,9,2014-09,FUERA DE CUENCA,0
2014,9,2014-09,GENERAL LEVALLE,0
2014,9,2014-09,GOLFO SAN JORGE,41336.9234702733
2014,9,2014-09,LAS SALINAS,0
2014,9,2014-09,LOS BOLSONES,0
2014,9,2014-09,MALVINAS,0
2014,9,2014-09,NEUQUINA,34789.6205000227
2014,9,2014-09,ÑIRIHUAU,0
2014,9,2014-09,NORESTE,0
2014,9,2014-09,NOROESTE,1202.4155
2014,10,2014-10,AUSTRAL,3651.8625483871
2014,10,2014-10,CAÑADON ASFALTO,0
2014,10,2014-10,CUYANA,4601.1755483871
2014,10,2014-10,DEL COLORADO,0
2014,10,2014-10,FUERA DE CUENCA,0
2014,10,2014-10,GENERAL LEVALLE,0
2014,10,2014-10,GOLFO SAN JORGE,41826.5249354839
2014,10,2014-10,LAS SALINAS,0
2014,10,2014-10,LOS BOLSONES,0
2014,10,2014-10,MALVINAS,0
2014,10,2014-10,NEUQUINA,34400.7813301219
2014,10,2014-10,ÑIRIHUAU,0
2014,10,2014-10,NORESTE,0
2014,10,2014-10,NOROESTE,1155.05819354839
2014,11,2014-11,AUSTRAL,3570.61503333333
2014,11,2014-11,CAÑADON ASFALTO,0
2014,11,2014-11,CUYANA,4606.47036666667
2014,11,2014-11,DEL COLORADO,0
2014,11,2014-11,FUERA DE CUENCA,0
2014,11,2014-11,GENERAL LEVALLE,0
2014,11,2014-11,GOLFO SAN JORGE,42090.44119379
2014,11,2014-11,LAS SALINAS,0
2014,11,2014-11,LOS BOLSONES,0
2014,11,2014-11,MALVINAS,0
2014,11,2014-11,NEUQUINA,33463.236855881
2014,11,2014-11,ÑIRIHUAU,0
2014,11,2014-11,NORESTE,0
2014,11,2014-11,NOROESTE,1112.80976666667
2014,12,2014-12,AUSTRAL,3404.44967741935
2014,12,2014-12,CAÑADON ASFALTO,0
2014,12,2014-12,CUYANA,4560.59790322581
2014,12,2014-12,DEL COLORADO,0
2014,12,2014-12,FUERA DE CUENCA,0
2014,12,2014-12,GENERAL LEVALLE,0
2014,12,2014-12,GOLFO SAN JORGE,41935.0952833129
2014,12,2014-12,LAS SALINAS,0
2014,12,2014-12,LOS BOLSONES,0
2014,12,2014-12,MALVINAS,0
2014,12,2014-12,NEUQUINA,33970.0205090539
2014,12,2014-12,ÑIRIHUAU,0
2014,12,2014-12,NORESTE,0
2014,12,2014-12,NOROESTE,1103.49612903226
2015,1,2015-01,AUSTRAL,3626.23651612903
2015,1,2015-01,CAÑADON ASFALTO,0
2015,1,2015-01,CUYANA,4443.05432258065
2015,1,2015-01,DEL COLORADO,0
2015,1,2015-01,GOLFO SAN JORGE,41675.7007171827
2015,1,2015-01,LOS BOLSONES,0
2015,1,2015-01,MALVINAS,0
2015,1,2015-01,NEUQUINA,33893.3566672116
2015,1,2015-01,ÑIRIHUAU,0
2015,1,2015-01,NORESTE,0
2015,1,2015-01,NOROESTE,1141.58629032258
2015,2,2015-02,AUSTRAL,3495.03953571429
2015,2,2015-02,CAÑADON ASFALTO,0
2015,2,2015-02,CUYANA,4404.01735714286
2015,2,2015-02,DEL COLORADO,0
2015,2,2015-02,GOLFO SAN JORGE,41863.6373214286
2015,2,2015-02,LOS BOLSONES,0
2015,2,2015-02,MALVINAS,0
2015,2,2015-02,NEUQUINA,33179.0950470482
2015,2,2015-02,ÑIRIHUAU,0
2015,2,2015-02,NORESTE,0
2015,2,2015-02,NOROESTE,1131.72417857143
2015,3,2015-03,AUSTRAL,3484.80270967742
2015,3,2015-03,CAÑADON ASFALTO,0
2015,3,2015-03,CUYANA,4384.37183870968
2015,3,2015-03,DEL COLORADO,0
2015,3,2015-03,GOLFO SAN JORGE,41798.2919677419
2015,3,2015-03,LOS BOLSONES,0
2015,3,2015-03,MALVINAS,0
2015,3,2015-03,NEUQUINA,33687.3100027658
2015,3,2015-03,ÑIRIHUAU,0
2015,3,2015-03,NORESTE,0
2015,3,2015-03,NOROESTE,1145.44025806452
2015,4,2015-04,AUSTRAL,3522.42366666667
2015,4,2015-04,CAÑADON ASFALTO,0
2015,4,2015-04,CUYANA,4399.9535
2015,4,2015-04,DEL COLORADO,0
2015,4,2015-04,GOLFO SAN JORGE,41603.9014527741
2015,4,2015-04,LOS BOLSONES,0
2015,4,2015-04,MALVINAS,0
2015,4,2015-04,NEUQUINA,34079.2674929367
2015,4,2015-04,ÑIRIHUAU,0
2015,4,2015-04,NORESTE,0
2015,4,2015-04,NOROESTE,1180.17406666667
2015,5,2015-05,AUSTRAL,3510.96206451613
2015,5,2015-05,CAÑADON ASFALTO,0
2015,5,2015-05,CUYANA,4364.24761290323
2015,5,2015-05,DEL COLORADO,0
2015,5,2015-05,GOLFO SAN JORGE,41925.1127419355
2015,5,2015-05,LOS BOLSONES,0
2015,5,2015-05,MALVINAS,0
2015,5,2015-05,NEUQUINA,34217.2493524642
2015,5,2015-05,ÑIRIHUAU,0
2015,5,2015-05,NORESTE,0
2015,5,2015-05,NOROESTE,1257.55770967742
2015,6,2015-06,AUSTRAL,3400.4050867
2015,6,2015-06,CAÑADON ASFALTO,0
2015,6,2015-06,CUYANA,4299.38383333333
2015,6,2015-06,DEL COLORADO,0
2015,6,2015-06,GOLFO SAN JORGE,42002.0233
2015,6,2015-06,LOS BOLSONES,0
2015,6,2015-06,MALVINAS,0
2015,6,2015-06,NEUQUINA,33877.8629148037
2015,6,2015-06,ÑIRIHUAU,0
2015,6,2015-06,NORESTE,0
2015,6,2015-06,NOROESTE,1264.27903333333
2015,7,2015-07,AUSTRAL,3419.44380125806
2015,7,2015-07,CAÑADON ASFALTO,0
2015,7,2015-07,CUYANA,4330.67077419355
2015,7,2015-07,DEL COLORADO,0
2015,7,2015-07,GOLFO SAN JORGE,42030.1862258065
2015,7,2015-07,LOS BOLSONES,0
2015,7,2015-07,MALVINAS,0
2015,7,2015-07,NEUQUINA,33571.0900692964
2015,7,2015-07,ÑIRIHUAU,0
2015,7,2015-07,NORESTE,0
2015,7,2015-07,NOROESTE,1258.63587096774
2015,8,2015-08,AUSTRAL,3323.84186858065
2015,8,2015-08,CAÑADON ASFALTO,0
2015,8,2015-08,CUYANA,4434.68087096774
2015,8,2015-08,DEL COLORADO,0
2015,8,2015-08,GOLFO SAN JORGE,41330.360613129
2015,8,2015-08,LOS BOLSONES,0
2015,8,2015-08,MALVINAS,0
2015,8,2015-08,NEUQUINA,33768.9030719764
2015,8,2015-08,ÑIRIHUAU,0
2015,8,2015-08,NORESTE,0
2015,8,2015-08,NOROESTE,1282.12919354839
2015,9,2015-09,AUSTRAL,3291.17069646667
2015,9,2015-09,CAÑADON ASFALTO,0
2015,9,2015-09,CUYANA,4494.87476666667
2015,9,2015-09,DEL COLORADO,0
2015,9,2015-09,GOLFO SAN JORGE,41247.2871227741
2015,9,2015-09,LOS BOLSONES,0
2015,9,2015-09,MALVINAS,0
2015,9,2015-09,NEUQUINA,34122.4436492577
2015,9,2015-09,ÑIRIHUAU,0
2015,9,2015-09,NORESTE,0
2015,9,2015-09,NOROESTE,1250.73383333333
2015,10,2015-10,AUSTRAL,3483.37260709677
2015,10,2015-10,CAÑADON ASFALTO,0
2015,10,2015-10,CUYANA,4566.75967741935
2015,10,2015-10,DEL COLORADO,0
2015,10,2015-10,GOLFO SAN JORGE,41846.8949591181
2015,10,2015-10,LOS BOLSONES,0
2015,10,2015-10,MALVINAS,0
2015,10,2015-10,NEUQUINA,33989.4129467971
2015,10,2015-10,ÑIRIHUAU,0
2015,10,2015-10,NORESTE,0
2015,10,2015-10,NOROESTE,1236.20462258065
2015,11,2015-11,AUSTRAL,3265.25888036667
2015,11,2015-11,CAÑADON ASFALTO,0
2015,11,2015-11,CUYANA,4495.70533333333
2015,11,2015-11,DEL COLORADO,0
2015,11,2015-11,GOLFO SAN JORGE,42145.6986194407
2015,11,2015-11,LOS BOLSONES,0
2015,11,2015-11,MALVINAS,0
2015,11,2015-11,NEUQUINA,33475.6711535557
2015,11,2015-11,ÑIRIHUAU,0
2015,11,2015-11,NORESTE,0
2015,11,2015-11,NOROESTE,1224.94226666667
2015,12,2015-12,AUSTRAL,3152.91302451613
2015,12,2015-12,CAÑADON ASFALTO,0
2015,12,2015-12,CUYANA,4452.6515483871
2015,12,2015-12,DEL COLORADO,0
2015,12,2015-12,GOLFO SAN JORGE,41902.0880478278
2015,12,2015-12,LOS BOLSONES,0
2015,12,2015-12,MALVINAS,0
2015,12,2015-12,NEUQUINA,33887.4856754581
2015,12,2015-12,ÑIRIHUAU,0
2015,12,2015-12,NORESTE,0
2015,12,2015-12,NOROESTE,1217.49177419355
2016,1,2016-01,AUSTRAL,3317.75951922581
2016,1,2016-01,CAÑADON ASFALTO,0
2016,1,2016-01,CUYANA,4355.225
2016,1,2016-01,DEL COLORADO,0
2016,1,2016-01,GOLFO SAN JORGE,41269.3352742258
2016,1,2016-01,LOS BOLSONES,0
2016,1,2016-01,MALVINAS,0
2016,1,2016-01,NEUQUINA,33324.5890718781
2016,1,2016-01,ÑIRIHUAU,0
2016,1,2016-01,NORESTE,0
2016,1,2016-01,NOROESTE,1190.01035483871
2016,2,2016-02,AUSTRAL,3224.64244355172
2016,2,2016-02,CAÑADON ASFALTO,0
2016,2,2016-02,CUYANA,4341.46003448276
2016,2,2016-02,DEL COLORADO,0
2016,2,2016-02,GOLFO SAN JORGE,40336.0504934062
2016,2,2016-02,LOS BOLSONES,0
2016,2,2016-02,MALVINAS,0
2016,2,2016-02,NEUQUINA,33313.125354001
2016,2,2016-02,ÑIRIHUAU,0
2016,2,2016-02,NORESTE,0
2016,2,2016-02,NOROESTE,1183.62610344828
2016,3,2016-03,AUSTRAL,3281.04343496774
2016,3,2016-03,CAÑADON ASFALTO,0
2016,3,2016-03,CUYANA,4378.23909677419
2016,3,2016-03,DEL COLORADO,0
2016,3,2016-03,GOLFO SAN JORGE,40625.3756451613
2016,3,2016-03,LOS BOLSONES,0
2016,3,2016-03,MALVINAS,0
2016,3,2016-03,NEUQUINA,33509.5147361984
2016,3,2016-03,ÑIRIHUAU,0
2016,3,2016-03,NORESTE,0
2016,3,2016-03,NOROESTE,1140.84661290323
2016,4,2016-04,AUSTRAL,3409.5742077
2016,4,2016-04,CAÑADON ASFALTO,0
2016,4,2016-04,CUYANA,4387.29986666667
2016,4,2016-04,DEL COLORADO,0
2016,4,2016-04,GOLFO SAN JORGE,40224.9473
2016,4,2016-04,LOS BOLSONES,0
2016,4,2016-04,MALVINAS,0
2016,4,2016-04,NEUQUINA,33672.5044992457
2016,4,2016-04,ÑIRIHUAU,0
2016,4,2016-04,NORESTE,0
2016,4,2016-04,NOROESTE,1131.31073333333
2016,5,2016-05,AUSTRAL,3185.78919770968
2016,5,2016-05,CAÑADON ASFALTO,0
2016,5,2016-05,CUYANA,4248.04161290323
2016,5,2016-05,DEL COLORADO,0
2016,5,2016-05,GOLFO SAN JORGE,37847.8114381504
2016,5,2016-05,LOS BOLSONES,0
2016,5,2016-05,MALVINAS,0
2016,5,2016-05,NEUQUINA,32922.9557114306
2016,5,2016-05,ÑIRIHUAU,0
2016,5,2016-05,NORESTE,0
2016,5,2016-05,NOROESTE,1156.25625806452
2016,6,2016-06,AUSTRAL,3132.01830103333
2016,6,2016-06,CAÑADON ASFALTO,0
2016,6,2016-06,CUYANA,4189.14216666667
2016,6,2016-06,DEL COLORADO,0
2016,6,2016-06,GOLFO SAN JORGE,39192.1135094407
2016,6,2016-06,LOS BOLSONES,0
2016,6,2016-06,MALVINAS,0
2016,6,2016-06,NEUQUINA,31930.594878837
2016,6,2016-06,ÑIRIHUAU,0
2016,6,2016-06,NORESTE,0
2016,6,2016-06,NOROESTE,1141.9978
2016,7,2016-07,AUSTRAL,3280.71070145161
2016,7,2016-07,CAÑADON ASFALTO,0
2016,7,2016-07,CUYANA,4351.20225806452
2016,7,2016-07,DEL COLORADO,0
2016,7,2016-07,GOLFO SAN JORGE,39307.7211290323
2016,7,2016-07,LOS BOLSONES,0
2016,7,2016-07,MALVINAS,0
2016,7,2016-07,NEUQUINA,33287.8596966055
2016,7,2016-07,ÑIRIHUAU,0
2016,7,2016-07,NORESTE,0
2016,7,2016-07,NOROESTE,1120.4114516129
2016,8,2016-08,AUSTRAL,3263.49306664516
2016,8,2016-08,CAÑADON ASFALTO,0
2016,8,2016-08,CUYANA,4265.41648387097
2016,8,2016-08,DEL COLORADO,0
2016,8,2016-08,GOLFO SAN JORGE,39002.5305148065
2016,8,2016-08,LOS BOLSONES,0
2016,8,2016-08,MALVINAS,0
2016,8,2016-08,NEUQUINA,33421.3769694735
2016,8,2016-08,ÑIRIHUAU,0
2016,8,2016-08,NORESTE,0
2016,8,2016-08,NOROESTE,1057.14606451613
2016,9,2016-09,AUSTRAL,3157.7124809
2016,9,2016-09,CAÑADON ASFALTO,0
2016,9,2016-09,CUYANA,4431.47943333333
2016,9,2016-09,DEL COLORADO,0
2016,9,2016-09,GOLFO SAN JORGE,39745.8796666667
2016,9,2016-09,LOS BOLSONES,0
2016,9,2016-09,MALVINAS,0
2016,9,2016-09,NEUQUINA,33161.7741655213
2016,9,2016-09,ÑIRIHUAU,0
2016,9,2016-09,NORESTE,0
2016,9,2016-09,NOROESTE,1047.97146666667
2016,10,2016-10,AUSTRAL,3148.74794619355
2016,10,2016-10,CAÑADON ASFALTO,0
2016,10,2016-10,CUYANA,4389.0445483871
2016,10,2016-10,DEL COLORADO,0
2016,10,2016-10,GOLFO SAN JORGE,39749.0736704085
2016,10,2016-10,LOS BOLSONES,0
2016,10,2016-10,MALVINAS,0
2016,10,2016-10,MERCEDES,0
2016,10,2016-10,NEUQUINA,32828.4885246016
2016,10,2016-10,ÑIRIHUAU,0
2016,10,2016-10,NORESTE,0
2016,10,2016-10,NOROESTE,1071.40412903226
2016,11,2016-11,AUSTRAL,2853.47302843333
2016,11,2016-11,CAÑADON ASFALTO,0
2016,11,2016-11,CUYANA,4286.53773333333
2016,11,2016-11,DEL COLORADO,0
2016,11,2016-11,GOLFO SAN JORGE,39165.5199
2016,11,2016-11,LOS BOLSONES,0
2016,11,2016-11,MALVINAS,0
2016,11,2016-11,MERCEDES,0
2016,11,2016-11,NEUQUINA,32438.433940309
2016,11,2016-11,ÑIRIHUAU,0
2016,11,2016-11,NORESTE,0
2016,11,2016-11,NOROESTE,1073.1151
2016,12,2016-12,AUSTRAL,2771.53483425806
2016,12,2016-12,CAÑADON ASFALTO,0
2016,12,2016-12,CUYANA,4236.69009677419
2016,12,2016-12,DEL COLORADO,0
2016,12,2016-12,GOLFO SAN JORGE,38872.517617327
2016,12,2016-12,LOS BOLSONES,0
2016,12,2016-12,MALVINAS,0
2016,12,2016-12,MERCEDES,0
2016,12,2016-12,NEUQUINA,31692.0821425803
2016,12,2016-12,ÑIRIHUAU,0
2016,12,2016-12,NORESTE,0
2016,12,2016-12,NOROESTE,1081.47496774194
2017,1,2017-01,AUSTRAL,2811.04424803226
2017,1,2017-01,CAÑADON ASFALTO,0
2017,1,2017-01,CUYANA,4231.59261290323
2017,1,2017-01,DEL COLORADO,0
2017,1,2017-01,GOLFO SAN JORGE,38790.9823994407
2017,1,2017-01,LOS BOLSONES,0
2017,1,2017-01,MALVINAS,0
2017,1,2017-01,MERCEDES,0
2017,1,2017-01,NEUQUINA,32189.5423703152
2017,1,2017-01,ÑIRIHUAU,0
2017,1,2017-01,NORESTE,0
2017,1,2017-01,NOROESTE,1048.44638709677
2017,2,2017-02,AUSTRAL,2410.92970196429
2017,2,2017-02,CAÑADON ASFALTO,0
2017,2,2017-02,CUYANA,4185.13528571429
2017,2,2017-02,DEL COLORADO,0
2017,2,2017-02,GOLFO SAN JORGE,38870.2043172979
2017,2,2017-02,LOS BOLSONES,0
2017,2,2017-02,MALVINAS,0
2017,2,2017-02,MERCEDES,0
2017,2,2017-02,NEUQUINA,30692.4109383836
2017,2,2017-02,ÑIRIHUAU,0
2017,2,2017-02,NORESTE,0
2017,2,2017-02,NOROESTE,1066.33675
2017,3,2017-03,AUSTRAL,2709.62835196774
2017,3,2017-03,CAÑADON ASFALTO,0
2017,3,2017-03,CUYANA,4177.35493548387
2017,3,2017-03,DEL COLORADO,0
2017,3,2017-03,GOLFO SAN JORGE,37843.6687559104
2017,3,2017-03,LOS BOLSONES,0
2017,3,2017-03,MALVINAS,0
2017,3,2017-03,MERCEDES,0
2017,3,2017-03,NEUQUINA,31367.7372133523
2017,3,2017-03,ÑIRIHUAU,0
2017,3,2017-03,NORESTE,0
2017,3,2017-03,NOROESTE,1077.44406451613
2017,4,2017-04,AUSTRAL,2733.11830213333
2017,4,2017-04,CAÑADON ASFALTO,0
2017,4,2017-04,CUYANA,4204.70123333333
2017,4,2017-04,DEL COLORADO,0
2017,4,2017-04,GOLFO SAN JORGE,33724.6354829791
2017,4,2017-04,LOS BOLSONES,0
2017,4,2017-04,MALVINAS,0
2017,4,2017-04,NEUQUINA,30409.8605903377
2017,4,2017-04,ÑIRIHUAU,0
2017,4,2017-04,NORESTE,0
2017,4,2017-04,NOROESTE,1086.63466666667
2017,5,2017-05,AUSTRAL,2805.53026580645
2017,5,2017-05,CAÑADON ASFALTO,0
2017,5,2017-05,CUYANA,4187.9381612871
2017,5,2017-05,DEL COLORADO,0
2017,5,2017-05,GOLFO SAN JORGE,36280.2581976891
2017,5,2017-05,LOS BOLSONES,0
2017,5,2017-05,MALVINAS,0
2017,5,2017-05,NEUQUINA,30381.1460913158
2017,5,2017-05,ÑIRIHUAU,0
2017,5,2017-05,NORESTE,0
2017,5,2017-05,NOROESTE,1041.6214516129
2017,6,2017-06,AUSTRAL,2750.84505536667
2017,6,2017-06,CAÑADON ASFALTO,0
2017,6,2017-06,CUYANA,4082.3116
2017,6,2017-06,DEL COLORADO,0
2017,6,2017-06,GOLFO SAN JORGE,33742.0623244407
2017,6,2017-06,LOS BOLSONES,0
2017,6,2017-06,MALVINAS,0
2017,6,2017-06,NEUQUINA,31780.8523001633
2017,6,2017-06,ÑIRIHUAU,0
2017,6,2017-06,NORESTE,0
2017,6,2017-06,NOROESTE,1023.93226666667
2017,7,2017-07,AUSTRAL,2802.69331316129
2017,7,2017-07,CAÑADON ASFALTO,0
2017,7,2017-07,CUYANA,4165.07819354839
2017,7,2017-07,DEL COLORADO,0
2017,7,2017-07,GOLFO SAN JORGE,35077.301244602
2017,7,2017-07,LOS BOLSONES,0
2017,7,2017-07,MALVINAS,0
2017,7,2017-07,NEUQUINA,32227.1217400268
2017,7,2017-07,ÑIRIHUAU,0
2017,7,2017-07,NORESTE,0
2017,7,2017-07,NOROESTE,997.118225806452
2017,8,2017-08,AUSTRAL,2801.00645235484
2017,8,2017-08,CAÑADON ASFALTO,0
2017,8,2017-08,CUYANA,4141.77616129032
2017,8,2017-08,DEL COLORADO,0
2017,8,2017-08,GOLFO SAN JORGE,36438.3147382947
2017,8,2017-08,LOS BOLSONES,0
2017,8,2017-08,MALVINAS,0
2017,8,2017-08,NEUQUINA,31787.86003509
2017,8,2017-08,ÑIRIHUAU,0
2017,8,2017-08,NORESTE,0
2017,8,2017-08,NOROESTE,990.849096774194
2017,9,2017-09,AUSTRAL,2595.78036396667
2017,9,2017-09,CAÑADON ASFALTO,0
2017,9,2017-09,CUYANA,4126.02286666667
2017,9,2017-09,DEL COLORADO,0
2017,9,2017-09,GOLFO SAN JORGE,37118.8435911074
2017,9,2017-09,LOS BOLSONES,0
2017,9,2017-09,MALVINAS,0
2017,9,2017-09,NEUQUINA,32237.1131286857
2017,9,2017-09,ÑIRIHUAU,0
2017,9,2017-09,NORESTE,0
2017,9,2017-09,NOROESTE,961.718866666667
2017,10,2017-10,AUSTRAL,2933.97463280645
2017,10,2017-10,CAÑADON ASFALTO,0
2017,10,2017-10,CUYANA,3958.34516129032
2017,10,2017-10,DEL COLORADO,0
2017,10,2017-10,GOLFO SAN JORGE,37666.8450833117
2017,10,2017-10,LOS BOLSONES,0
2017,10,2017-10,MALVINAS,0
2017,10,2017-10,NEUQUINA,32312.2707418455
2017,10,2017-10,ÑIRIHUAU,0
2017,10,2017-10,NORESTE,0
2017,10,2017-10,NOROESTE,943.809516129032
2017,11,2017-11,AUSTRAL,2796.98743176667
2017,11,2017-11,CAÑADON ASFALTO,0
2017,11,2017-11,CUYANA,4012.5667
2017,11,2017-11,DEL COLORADO,0
2017,11,2017-11,GOLFO SAN JORGE,37849.3239444407
2017,11,2017-11,LOS BOLSONES,0
2017,11,2017-11,MALVINAS,0
2017,11,2017-11,NEUQUINA,32178.1283830017
2017,11,2017-11,ÑIRIHUAU,0
2017,11,2017-11,NORESTE,0
2017,11,2017-11,NOROESTE,899.452966666667
2017,12,2017-12,AUSTRAL,2931.5778076129
2017,12,2017-12,CAÑADON ASFALTO,0
2017,12,2017-12,CUYANA,4023.22903225806
2017,12,2017-12,DEL COLORADO,0
2017,12,2017-12,GOLFO SAN JORGE,37783.6712978278
2017,12,2017-12,LOS BOLSONES,0
2017,12,2017-12,MALVINAS,0
2017,12,2017-12,NEUQUINA,31728.1662884868
2017,12,2017-12,ÑIRIHUAU,0
2017,12,2017-12,NORESTE,0
2017,12,2017-12,NOROESTE,905.655161290323
2018,1,2018-01,AUSTRAL,2887.27147835484
2018,1,2018-01,CAÑADON ASFALTO,0
2018,1,2018-01,CUYANA,3909.14348387097
2018,1,2018-01,DEL COLORADO,0
2018,1,2018-01,GOLFO SAN JORGE,37070.7312434199
2018,1,2018-01,LOS BOLSONES,0
2018,1,2018-01,MALVINAS,0
2018,1,2018-01,NEUQUINA,31683.1746433539
2018,1,2018-01,ÑIRIHUAU,0
2018,1,2018-01,NORESTE,0
2018,1,2018-01,NOROESTE,909.329935483871
2018,2,2018-02,AUSTRAL,2788.27292735714
2018,2,2018-02,CAÑADON ASFALTO,0
2018,2,2018-02,CUYANA,3934.67546428571
2018,2,2018-02,DEL COLORADO,0
2018,2,2018-02,GOLFO SAN JORGE,37338.5269642857
2018,2,2018-02,LOS BOLSONES,0
2018,2,2018-02,MALVINAS,0
2018,2,2018-02,NEUQUINA,31834.1419265514
2018,2,2018-02,ÑIRIHUAU,0
2018,2,2018-02,NOROESTE,871.318714285714
2018,3,2018-03,AUSTRAL,2816.41969554839
2018,3,2018-03,CAÑADON ASFALTO,0
2018,3,2018-03,CUYANA,3980.21287096774
2018,3,2018-03,DEL COLORADO,0
2018,3,2018-03,GOLFO SAN JORGE,37499.1931290323
2018,3,2018-03,LOS BOLSONES,0
2018,3,2018-03,MALVINAS,0
2018,3,2018-03,NEUQUINA,32346.736054829
2018,3,2018-03,ÑIRIHUAU,0
2018,3,2018-03,NOROESTE,842.301387096774
2018,4,2018-04,AUSTRAL,2901.62044003333
2018,4,2018-04,CAÑADON ASFALTO,0
2018,4,2018-04,CUYANA,3987.55783333333
2018,4,2018-04,DEL COLORADO,0
2018,4,2018-04,GOLFO SAN JORGE,37126.2922333333
2018,4,2018-04,LOS BOLSONES,0
2018,4,2018-04,MALVINAS,0
2018,4,2018-04,NEUQUINA,32506.81419562
2018,4,2018-04,ÑIRIHUAU,0
2018,4,2018-04,NOROESTE,848.146033333333
2018,5,2018-05,AUSTRAL,3027.95669435484
2018,5,2018-05,CAÑADON ASFALTO,0
2018,5,2018-05,CUYANA,3887.07387096774
2018,5,2018-05,DEL COLORADO,0
2018,5,2018-05,GOLFO SAN JORGE,36880.2411935484
2018,5,2018-05,LOS BOLSONES,0
2018,5,2018-05,MALVINAS,0
2018,5,2018-05,NEUQUINA,32462.4741167419
2018,5,2018-05,ÑIRIHUAU,0
2018,5,2018-05,NOROESTE,885.816419354839
2018,6,2018-06,AUSTRAL,3314.05249683333
2018,6,2018-06,CAÑADON ASFALTO,0
2018,6,2018-06,CUYANA,3787.577
2018,6,2018-06,DEL COLORADO,0
2018,6,2018-06,GOLFO SAN JORGE,36542.5560666667
2018,6,2018-06,LOS BOLSONES,0
2018,6,2018-06,MALVINAS,0
2018,6,2018-06,NEUQUINA,32566.7376054457
2018,6,2018-06,ÑIRIHUAU,0
2018,6,2018-06,NOROESTE,866.593
2018,7,2018-07,AUSTRAL,3406.99323570968
2018,7,2018-07,CAÑADON ASFALTO,0
2018,7,2018-07,CUYANA,3717.33703225806
2018,7,2018-07,DEL COLORADO,0
2018,7,2018-07,GOLFO SAN JORGE,36357.6737419355
2018,7,2018-07,LOS BOLSONES,0
2018,7,2018-07,MALVINAS,0
2018,7,2018-07,NEUQUINA,32520.5472259581
2018,7,2018-07,ÑIRIHUAU,0
2018,7,2018-07,NOROESTE,867.942290322581
2018,8,2018-08,AUSTRAL,3461.45360041935
2018,8,2018-08,CAÑADON ASFALTO,0
2018,8,2018-08,CUYANA,3756.74964516129
2018,8,2018-08,DEL COLORADO,0
2018,8,2018-08,GOLFO SAN JORGE,36516.1485805484
2018,8,2018-08,LOS BOLSONES,0
2018,8,2018-08,MALVINAS,0
2018,8,2018-08,NEUQUINA,33464.7699018723
2018,8,2018-08,ÑIRIHUAU,0
2018,8,2018-08,NORESTE,0
2018,8,2018-08,NOROESTE,880.661161290323
2018,9,2018-09,AUSTRAL,3661.71802853333
2018,9,2018-09,CAÑADON ASFALTO,0
2018,9,2018-09,CUYANA,3901.61026666667
2018,9,2018-09,DEL COLORADO,0
2018,9,2018-09,GOLFO SAN JORGE,36980.4857333333
2018,9,2018-09,LOS BOLSONES,0
2018,9,2018-09,MALVINAS,0
2018,9,2018-09,NEUQUINA,33895.4666987417
2018,9,2018-09,ÑIRIHUAU,0
2018,9,2018-09,NORESTE,0
2018,9,2018-09,NOROESTE,830.0659
2018,10,2018-10,AUSTRAL,3623.18532341935
2018,10,2018-10,CAÑADON ASFALTO,0
2018,10,2018-10,CUYANA,3811.7434516129
2018,10,2018-10,DEL COLORADO,0
2018,10,2018-10,GOLFO SAN JORGE,36944.7250967742
2018,10,2018-10,LOS BOLSONES,0
2018,10,2018-10,MALVINAS,0
2018,10,2018-10,NEUQUINA,34061.4150168532
2018,10,2018-10,ÑIRIHUAU,0
2018,10,2018-10,NORESTE,0
2018,10,2018-10,NOROESTE,769.764774193548
2018,11,2018-11,AUSTRAL,3110.43478746667
2018,11,2018-11,CAÑADON ASFALTO,0
2018,11,2018-11,CUYANA,3654.3935
2018,11,2018-11,DEL COLORADO,0
2018,11,2018-11,GOLFO SAN JORGE,37032.4647594407
2018,11,2018-11,LOS BOLSONES,0
2018,11,2018-11,MALVINAS,0
2018,11,2018-11,NEUQUINA,34252.6469768733
2018,11,2018-11,ÑIRIHUAU,0
2018,11,2018-11,NORESTE,0
2018,11,2018-11,NOROESTE,816.502366666667
2018,12,2018-12,AUSTRAL,3524.32710793548
2018,12,2018-12,CAÑADON ASFALTO,0
2018,12,2018-12,CUYANA,3672.39180645161
2018,12,2018-12,DEL COLORADO,0
2018,12,2018-12,GOLFO SAN JORGE,36890.3114837742
2018,12,2018-12,LOS BOLSONES,0
2018,12,2018-12,MALVINAS,0
2018,12,2018-12,NEUQUINA,34418.0220704926
2018,12,2018-12,ÑIRIHUAU,0
2018,12,2018-12,NORESTE,0
2018,12,2018-12,NOROESTE,791.933612903226
2019,1,2019-01,AUSTRAL,3528.01194935484
2019,1,2019-01,CAÑADON ASFALTO,0
2019,1,2019-01,CUYANA,3622.83380645161
2019,1,2019-01,DEL COLORADO,0
2019,1,2019-01,GOLFO SAN JORGE,36762.2193225806
2019,1,2019-01,LOS BOLSONES,0
2019,1,2019-01,MALVINAS,0
2019,1,2019-01,NEUQUINA,34873.3811091426
2019,1,2019-01,ÑIRIHUAU,0
2019,1,2019-01,NORESTE,0
2019,1,2019-01,NOROESTE,843.259806451613
2019,2,2019-02,AUSTRAL,3262.96189828571
2019,2,2019-02,CAÑADON ASFALTO,0
2019,2,2019-02,CUYANA,3756.84967857143
2019,2,2019-02,DEL COLORADO,0
2019,2,2019-02,GOLFO SAN JORGE,37064.7073571429
2019,2,2019-02,LOS BOLSONES,0
2019,2,2019-02,MALVINAS,0
2019,2,2019-02,NEUQUINA,34737.3257797536
2019,2,2019-02,ÑIRIHUAU,0
2019,2,2019-02,NORESTE,0
2019,2,2019-02,NOROESTE,933.738928571429
2019,3,2019-03,AUSTRAL,3429.05606667742
2019,3,2019-03,CAÑADON ASFALTO,0
2019,3,2019-03,CUYANA,3776.22477419355
2019,3,2019-03,DEL COLORADO,0
2019,3,2019-03,GOLFO SAN JORGE,37136.8658709677
2019,3,2019-03,LOS BOLSONES,0
2019,3,2019-03,MALVINAS,0
2019,3,2019-03,NEUQUINA,34682.6861814806
2019,3,2019-03,ÑIRIHUAU,0
2019,3,2019-03,NORESTE,0
2019,3,2019-03,NOROESTE,871.158548387097
2019,4,2019-04,AUSTRAL,3596.56530003333
2019,4,2019-04,CAÑADON ASFALTO,0
2019,4,2019-04,CUYANA,3737.37223333333
2019,4,2019-04,DEL COLORADO,0
2019,4,2019-04,GOLFO SAN JORGE,37164.5322666667
2019,4,2019-04,LOS BOLSONES,0
2019,4,2019-04,MALVINAS,0
2019,4,2019-04,NEUQUINA,35479.2194184287
2019,4,2019-04,ÑIRIHUAU,0
2019,4,2019-04,NORESTE,0
2019,4,2019-04,NOROESTE,740.621866666667
2019,5,2019-05,AUSTRAL,3697.826522
2019,5,2019-05,CAÑADON ASFALTO,0
2019,5,2019-05,CUYANA,3775.60912903226
2019,5,2019-05,DEL COLORADO,0
2019,5,2019-05,GOLFO SAN JORGE,36556.0474193548
2019,5,2019-05,MALVINAS,0
2019,5,2019-05,NEUQUINA,35726.257620751
2019,5,2019-05,ÑIRIHUAU,0
2019,5,2019-05,NORESTE,0
2019,5,2019-05,NOROESTE,707.149225806452
2019,6,2019-06,AUSTRAL,3757.753218
2019,6,2019-06,CAÑADON ASFALTO,0
2019,6,2019-06,CUYANA,3694.9547
2019,6,2019-06,DEL COLORADO,0
2019,6,2019-06,GOLFO SAN JORGE,36245.8043333333
2019,6,2019-06,MALVINAS,0
2019,6,2019-06,NEUQUINA,34775.242724335
2019,6,2019-06,ÑIRIHUAU,0
2019,6,2019-06,NORESTE,0
2019,6,2019-06,NOROESTE,718.948997466667
2019,7,2019-07,AUSTRAL,3720.63839264516
2019,7,2019-07,CAÑADON ASFALTO,0
2019,7,2019-07,CUYANA,3792.06270967742
2019,7,2019-07,DEL COLORADO,0
2019,7,2019-07,GOLFO SAN JORGE,36166.6659354839
2019,7,2019-07,MALVINAS,0
2019,7,2019-07,NEUQUINA,35921.5655772397
2019,7,2019-07,ÑIRIHUAU,0
2019,7,2019-07,NORESTE,0
2019,7,2019-07,NOROESTE,717.959552258064
2019,8,2019-08,AUSTRAL,3726.72488906452
2019,8,2019-08,CAÑADON ASFALTO,0
2019,8,2019-08,CUYANA,3789.4684516129
2019,8,2019-08,DEL COLORADO,0
2019,8,2019-08,GOLFO SAN JORGE,36246.4051622065
2019,8,2019-08,MALVINAS,0
2019,8,2019-08,NEUQUINA,38102.6670178894
2019,8,2019-08,ÑIRIHUAU,0
2019,8,2019-08,NORESTE,0
2019,8,2019-08,NOROESTE,711.015440322581
2019,9,2019-09,AUSTRAL,3454.36969166667
2019,9,2019-09,CAÑADON ASFALTO,0
2019,9,2019-09,CUYANA,3708.92763333333
2019,9,2019-09,DEL COLORADO,0
2019,9,2019-09,GOLFO SAN JORGE,36215.6048
2019,9,2019-09,MALVINAS,0
2019,9,2019-09,NEUQUINA,38101.9692772283
2019,9,2019-09,ÑIRIHUAU,0
2019,9,2019-09,NORESTE,0
2019,9,2019-09,NOROESTE,738.404021566667
2019,10,2019-10,AUSTRAL,3172.55841445161
2019,10,2019-10,CAÑADON ASFALTO,0
2019,10,2019-10,CUYANA,3702.36058064516
2019,10,2019-10,DEL COLORADO,0
2019,10,2019-10,GOLFO SAN JORGE,36258.9152580645
2019,10,2019-10,MALVINAS,0
2019,10,2019-10,MALVINAS OESTE,0
2019,10,2019-10,NEUQUINA,37890.5694103674
2019,10,2019-10,ÑIRIHUAU,0
2019,10,2019-10,NORESTE,0
2019,10,2019-10,NOROESTE,732.139775935484
2019,11,2019-11,AUSTRAL,2946.23645183333
2019,11,2019-11,CAÑADON ASFALTO,0
2019,11,2019-11,CUYANA,3605.09203333333
2019,11,2019-11,DEL COLORADO,0
2019,11,2019-11,GOLFO SAN JORGE,36210.1902099733
2019,11,2019-11,MALVINAS,0
2019,11,2019-11,MALVINAS OESTE,0
2019,11,2019-11,NEUQUINA,38151.9890558143
2019,11,2019-11,ÑIRIHUAU,0
2019,11,2019-11,NORESTE,0
2019,11,2019-11,NOROESTE,826.011724166667
2019,12,2019-12,AUSTRAL,2992.25848632258
2019,12,2019-12,CAÑADON ASFALTO,0
2019,12,2019-12,CUYANA,3610.90032258065
2019,12,2019-12,DEL COLORADO,0
2019,12,2019-12,GOLFO SAN JORGE,36173.8311228086
2019,12,2019-12,MALVINAS,0
2019,12,2019-12,MALVINAS OESTE,0
2019,12,2019-12,NEUQUINA,38640.5712299539
2019,12,2019-12,ÑIRIHUAU,0
2019,12,2019-12,NORESTE,0
2019,12,2019-12,NOROESTE,793.00013016129
2020,1,2020-01,AUSTRAL,3044.92717474194
2020,1,2020-01,CAÑADON ASFALTO,0
2020,1,2020-01,CUYANA,3509.91548387097
2020,1,2020-01,DEL COLORADO,0
2020,1,2020-01,GOLFO SAN JORGE,35749.4175138508
2020,1,2020-01,MALVINAS,0
2020,1,2020-01,MALVINAS OESTE,0
2020,1,2020-01,NEUQUINA,38510.1186058255
2020,1,2020-01,ÑIRIHUAU,0
2020,1,2020-01,NORESTE,0
2020,1,2020-01,NOROESTE,791.366064516129
2020,2,2020-02,AUSTRAL,2873.11011993103
2020,2,2020-02,CAÑADON ASFALTO,0
2020,2,2020-02,CUYANA,3575.89948275862
2020,2,2020-02,DEL COLORADO,0
2020,2,2020-02,GOLFO SAN JORGE,35495.0661497888
2020,2,2020-02,MALVINAS,0
2020,2,2020-02,MALVINAS OESTE,0
2020,2,2020-02,NEUQUINA,39362.4592154921
2020,2,2020-02,ÑIRIHUAU,0
2020,2,2020-02,NORESTE,0
2020,2,2020-02,NOROESTE,772.976818931034
2020,3,2020-03,AUSTRAL,2658.48743748387
2020,3,2020-03,CAÑADON ASFALTO,0
2020,3,2020-03,CUYANA,3588.30777419355
2020,3,2020-03,DEL COLORADO,0
2020,3,2020-03,GOLFO SAN JORGE,35765.9487741936
2020,3,2020-03,MALVINAS,0
2020,3,2020-03,MALVINAS OESTE,0
2020,3,2020-03,NEUQUINA,39523.4855132158
2020,3,2020-03,ÑIRIHUAU,0
2020,3,2020-03,NORESTE,0
2020,3,2020-03,NOROESTE,895.43887416129
2020,4,2020-04,AUSTRAL,1963.0809081
2020,4,2020-04,CAÑADON ASFALTO,0
2020,4,2020-04,CUYANA,3206.60053333333
2020,4,2020-04,GOLFO SAN JORGE,35186.1203
2020,4,2020-04,MALVINAS,0
2020,4,2020-04,MALVINAS OESTE,0
2020,4,2020-04,NEUQUINA,32097.58813244
2020,4,2020-04,ÑIRIHUAU,0
2020,4,2020-04,NORESTE,0
2020,4,2020-04,NOROESTE,798.5743852
2020,5,2020-05,ARGENTINA NORTE,0
2020,5,2020-05,AUSTRAL,2064.92616629032
2020,5,2020-05,CAÑADON ASFALTO,0
2020,5,2020-05,CUYANA,2985.79451612903
2020,5,2020-05,GOLFO SAN JORGE,33820.7718064516
2020,5,2020-05,MALVINAS,0
2020,5,2020-05,MALVINAS OESTE,0
2020,5,2020-05,NEUQUINA,31562.7223097452
2020,5,2020-05,ÑIRIHUAU,0
2020,5,2020-05,NORESTE,0
2020,5,2020-05,NOROESTE,738.981677032258
2020,6,2020-06,ARGENTINA NORTE,0
2020,6,2020-06,AUSTRAL,2334.57770733333
2020,6,2020-06,CAÑADON ASFALTO,0
2020,6,2020-06,CUYANA,2826.57
2020,6,2020-06,GOLFO SAN JORGE,33185.4687
2020,6,2020-06,MALVINAS,0
2020,6,2020-06,MALVINAS OESTE,0
2020,6,2020-06,NEUQUINA,36017.983845324
2020,6,2020-06,ÑIRIHUAU,0
2020,6,2020-06,NORESTE,0
2020,6,2020-06,NOROESTE,715.068118333333
2020,7,2020-07,ARGENTINA NORTE,0
2020,7,2020-07,AUSTRAL,2325.76794148387
2020,7,2020-07,CAÑADON ASFALTO,0
2020,7,2020-07,CUYANA,3014.10229032258
2020,7,2020-07,GOLFO SAN JORGE,32271.8700645161
2020,7,2020-07,MALVINAS,0
2020,7,2020-07,MALVINAS OESTE,0
2020,7,2020-07,NEUQUINA,36286.0534068016
2020,7,2020-07,ÑIRIHUAU,0
2020,7,2020-07,NORESTE,0
2020,7,2020-07,NOROESTE,745.706528258065
2020,8,2020-08,ARGENTINA NORTE,0
2020,8,2020-08,AUSTRAL,2277.29581241935
2020,8,2020-08,CAÑADON ASFALTO,0
2020,8,2020-08,CUYANA,3337.16970967742
2020,8,2020-08,GOLFO SAN JORGE,32062.8997096774
2020,8,2020-08,MALVINAS,0
2020,8,2020-08,MALVINAS OESTE,0
2020,8,2020-08,NEUQUINA,36682.4037894374
2020,8,2020-08,ÑIRIHUAU,0
2020,8,2020-08,NORESTE,0
2020,8,2020-08,NOROESTE,803.950052225806
2020,9,2020-09,ARGENTINA NORTE,0
2020,9,2020-09,AUSTRAL,2663.54033836667
2020,9,2020-09,CAÑADON ASFALTO,0
2020,9,2020-09,CUYANA,3249.22943333333
2020,9,2020-09,GOLFO SAN JORGE,32730.3320666667
2020,9,2020-09,MALVINAS,0
2020,9,2020-09,MALVINAS OESTE,0
2020,9,2020-09,NEUQUINA,35355.924788015
2020,9,2020-09,ÑIRIHUAU,0
2020,9,2020-09,NORESTE,0
2020,9,2020-09,NOROESTE,834.5506189
2020,10,2020-10,ARGENTINA NORTE,0
2020,10,2020-10,AUSTRAL,2757.85306235484
2020,10,2020-10,CAÑADON ASFALTO,0
2020,10,2020-10,CUYANA,3208.39622580645
2020,10,2020-10,GOLFO SAN JORGE,32942.1493225806
2020,10,2020-10,MALVINAS,0
2020,10,2020-10,MALVINAS OESTE,0
2020,10,2020-10,NEUQUINA,35663.5270131732
2020,10,2020-10,ÑIRIHUAU,0
2020,10,2020-10,NORESTE,0
2020,10,2020-10,NOROESTE,856.096626193548
2020,11,2020-11,ARGENTINA NORTE,0
2020,11,2020-11,AUSTRAL,2616.29717536667
2020,11,2020-11,CAÑADON ASFALTO,0
2020,11,2020-11,CUYANA,3192.5324
2020,11,2020-11,GOLFO SAN JORGE,32745.0961666667
2020,11,2020-11,MALVINAS,0
2020,11,2020-11,MALVINAS OESTE,0
2020,11,2020-11,NEUQUINA,36007.403135325
2020,11,2020-11,ÑIRIHUAU,0
2020,11,2020-11,NORESTE,0
2020,11,2020-11,NOROESTE,797.981773813887
2020,12,2020-12,ARGENTINA NORTE,0
2020,12,2020-12,AUSTRAL,2677.82900393548
2020,12,2020-12,CAÑADON ASFALTO,0
2020,12,2020-12,CUYANA,3145.26219354839
2020,12,2020-12,GOLFO SAN JORGE,33141.1351290323
2020,12,2020-12,MALVINAS,0
2020,12,2020-12,MALVINAS OESTE,0
2020,12,2020-12,NEUQUINA,36527.8834443813
2020,12,2020-12,ÑIRIHUAU,0
2020,12,2020-12,NORESTE,0
2020,12,2020-12,NOROESTE,786.198093548387
2021,1,2021-01,ARGENTINA NORTE,0
2021,1,2021-01,AUSTRAL,2610.68728219355
2021,1,2021-01,CAÑADON ASFALTO,0
2021,1,2021-01,CUYANA,3113.32970967742
2021,1,2021-01,GOLFO SAN JORGE,33063.2474516129
2021,1,2021-01,MALVINAS OESTE,0
2021,1,2021-01,NEUQUINA,38037.3996765829
2021,1,2021-01,ÑIRIHUAU,0
2021,1,2021-01,NORESTE,0
2021,1,2021-01,NOROESTE,664.113419354839
2021,2,2021-02,ARGENTINA NORTE,0
2021,2,2021-02,AUSTRAL,2623.55246096429
2021,2,2021-02,CAÑADON ASFALTO,0
2021,2,2021-02,CUYANA,2956.98646428571
2021,2,2021-02,GOLFO SAN JORGE,33019.0676785714
2021,2,2021-02,MALVINAS OESTE,0
2021,2,2021-02,NEUQUINA,38999.3611194611
2021,2,2021-02,ÑIRIHUAU,0
2021,2,2021-02,NORESTE,0
2021,2,2021-02,NOROESTE,727.772678571429
2021,3,2021-03,ARGENTINA NORTE,0
2021,3,2021-03,AUSTRAL,2547.90087896774
2021,3,2021-03,CAÑADON ASFALTO,0
2021,3,2021-03,CUYANA,2993.1184516129
2021,3,2021-03,GOLFO SAN JORGE,32545.8505483871
2021,3,2021-03,MALVINAS OESTE,0
2021,3,2021-03,NEUQUINA,40249.0671941168
2021,3,2021-03,ÑIRIHUAU,0
2021,3,2021-03,NORESTE,0
2021,3,2021-03,NOROESTE,745.009516129032
2021,4,2021-04,ARGENTINA NORTE,0
2021,4,2021-04,AUSTRAL,2660.22002046667
2021,4,2021-04,CAÑADON ASFALTO,0
2021,4,2021-04,CUYANA,3133.1029
2021,4,2021-04,GOLFO SAN JORGE,32789.0873
2021,4,2021-04,MALVINAS OESTE,0
2021,4,2021-04,NEUQUINA,40629.7697716497
2021,4,2021-04,ÑIRIHUAU,0
2021,4,2021-04,NORESTE,0
2021,4,2021-04,NOROESTE,763.5438
2021,5,2021-05,ARGENTINA NORTE,0
2021,5,2021-05,AUSTRAL,2582.95900906452
2021,5,2021-05,CAÑADON ASFALTO,0
2021,5,2021-05,CUYANA,3161.00690322581
2021,5,2021-05,GOLFO SAN JORGE,32943.3059129032
2021,5,2021-05,MALVINAS OESTE,0
2021,5,2021-05,NEUQUINA,40803.96226455
2021,5,2021-05,ÑIRIHUAU,0
2021,5,2021-05,NORESTE,0
2021,5,2021-05,NOROESTE,702.756251269623
2021,6,2021-06,ARGENTINA NORTE,0
2021,6,2021-06,AUSTRAL,2501.39835626667
2021,6,2021-06,CAÑADON ASFALTO,0
2021,6,2021-06,CUYANA,3039.96
2021,6,2021-06,GOLFO SAN JORGE,32497.941
2021,6,2021-06,MALVINAS OESTE,0
2021,6,2021-06,NEUQUINA,41207.3441575763
2021,6,2021-06,ÑIRIHUAU,0
2021,6,2021-06,NORESTE,0
2021,6,2021-06,NOROESTE,660.13456548882
2021,7,2021-07,ARGENTINA NORTE,0
2021,7,2021-07,AUSTRAL,2501.18804522581
2021,7,2021-07,CAÑADON ASFALTO,0
2021,7,2021-07,CUYANA,3091.51422580645
2021,7,2021-07,GOLFO SAN JORGE,32145.4116806452
2021,7,2021-07,MALVINAS OESTE,0
2021,7,2021-07,NEUQUINA,42984.2318251165
2021,7,2021-07,ÑIRIHUAU,0
2021,7,2021-07,NORESTE,0
2021,7,2021-07,NOROESTE,666.866193548387
2021,8,2021-08,ARGENTINA NORTE,0
2021,8,2021-08,AUSTRAL,2458.12659751613
2021,8,2021-08,CAÑADON ASFALTO,0
2021,8,2021-08,CUYANA,3136.36329032258
2021,8,2021-08,GOLFO SAN JORGE,32342.1340322581
2021,8,2021-08,MALVINAS OESTE,0
2021,8,2021-08,NEUQUINA,42261.1871600429
2021,8,2021-08,ÑIRIHUAU,0
2021,8,2021-08,NORESTE,0
2021,8,2021-08,NOROESTE,688.130612903226
2021,9,2021-09,ARGENTINA NORTE,0
2021,9,2021-09,AUSTRAL,2405.22773116667
2021,9,2021-09,CAÑADON ASFALTO,0
2021,9,2021-09,CUYANA,3036.38703333333
2021,9,2021-09,GOLFO SAN JORGE,32697.06564
2021,9,2021-09,MALVINAS OESTE,0
2021,9,2021-09,NEUQUINA,44388.3294974547
2021,9,2021-09,ÑIRIHUAU,0
2021,9,2021-09,NORESTE,0
2021,9,2021-09,NOROESTE,694.738966666667
2021,10,2021-10,ARGENTINA NORTE,0
2021,10,2021-10,AUSTRAL,2297.87331712903
2021,10,2021-10,CAÑADON ASFALTO,0
2021,10,2021-10,CUYANA,3015.84980645161
2021,10,2021-10,GOLFO SAN JORGE,31763.8397193548
2021,10,2021-10,MALVINAS OESTE,0
2021,10,2021-10,NEUQUINA,46975.440602311
2021,10,2021-10,ÑIRIHUAU,0
2021,10,2021-10,NORESTE,0
2021,10,2021-10,NOROESTE,693.450936356774
2021,11,2021-11,ARGENTINA NORTE,0
2021,11,2021-11,AUSTRAL,2263.0099139
2021,11,2021-11,CAÑADON ASFALTO,0
2021,11,2021-11,CUYANA,3021.20916666667
2021,11,2021-11,GOLFO SAN JORGE,32691.8536
2021,11,2021-11,MALVINAS OESTE,0
2021,11,2021-11,NEUQUINA,48346.8516846429
2021,11,2021-11,ÑIRIHUAU,0
2021,11,2021-11,NORESTE,0
2021,11,2021-11,NOROESTE,697.41071756622
2021,12,2021-12,ARGENTINA NORTE,0
2021,12,2021-12,AUSTRAL,2083.77368425806
2021,12,2021-12,CAÑADON ASFALTO,0
2021,12,2021-12,CUYANA,3000.00006451613
2021,12,2021-12,GOLFO SAN JORGE,32190.0460645161
2021,12,2021-12,MALVINAS OESTE,0
2021,12,2021-12,NEUQUINA,49405.4147892132
2021,12,2021-12,ÑIRIHUAU,0
2021,12,2021-12,NORESTE,0
2021,12,2021-12,NOROESTE,674.248596304439
2022,1,2022-01,ARGENTINA NORTE,0
2022,1,2022-01,AUSTRAL,2129.48065132258
2022,1,2022-01,CAÑADON ASFALTO,0
2022,1,2022-01,CUYANA,3023.12674193548
2022,1,2022-01,GOLFO SAN JORGE,32086.294516129
2022,1,2022-01,MALVINAS OESTE,0
2022,1,2022-01,NEUQUINA,51117.2779534229
2022,1,2022-01,ÑIRIHUAU,0
2022,1,2022-01,NORESTE,0
2022,1,2022-01,NOROESTE,660.386288180913
2022,2,2022-02,ARGENTINA NORTE,0
2022,2,2022-02,AUSTRAL,2092.17703717857
2022,2,2022-02,CAÑADON ASFALTO,0
2022,2,2022-02,CUYANA,3005.25471428571
2022,2,2022-02,GOLFO SAN JORGE,32436.7710285714
2022,2,2022-02,MALVINAS OESTE,0
2022,2,2022-02,NEUQUINA,50733.1920956222
2022,2,2022-02,ÑIRIHUAU,0
2022,2,2022-02,NORESTE,0
2022,2,2022-02,NOROESTE,688.419415371011
2022,3,2022-03,ARGENTINA NORTE,0
2022,3,2022-03,AUSTRAL,1893.28453245161
2022,3,2022-03,CAÑADON ASFALTO,0
2022,3,2022-03,CUYANA,3017.98164516129
2022,3,2022-03,GOLFO SAN JORGE,32209.8713612903
2022,3,2022-03,MALVINAS OESTE,0
2022,3,2022-03,NEUQUINA,51635.7108523271
2022,3,2022-03,ÑIRIHUAU,0
2022,3,2022-03,NORESTE,0
2022,3,2022-03,NOROESTE,712.279627184677
2022,4,2022-04,ARGENTINA NORTE,0
2022,4,2022-04,AUSTRAL,2095.2698423
2022,4,2022-04,CAÑADON ASFALTO,0
2022,4,2022-04,CUYANA,2977.49133333333
2022,4,2022-04,GOLFO SAN JORGE,32177.1545233333
2022,4,2022-04,MALVINAS OESTE,0
2022,4,2022-04,NEUQUINA,52545.8304979508
2022,4,2022-04,ÑIRIHUAU,0
2022,4,2022-04,NORESTE,0
2022,4,2022-04,NOROESTE,702.838442050583
2022,5,2022-05,ARGENTINA NORTE,0
2022,5,2022-05,AUSTRAL,2300.622035
2022,5,2022-05,CAÑADON ASFALTO,0
2022,5,2022-05,CUYANA,3006.811
2022,5,2022-05,GOLFO SAN JORGE,32205.3226451613
2022,5,2022-05,MALVINAS OESTE,0
2022,5,2022-05,NEUQUINA,53423.0911495748
2022,5,2022-05,ÑIRIHUAU,0
2022,5,2022-05,NORESTE,0
2022,5,2022-05,NOROESTE,722.962611008523
2022,6,2022-06,ARGENTINA NORTE,0
2022,6,2022-06,AUSTRAL,2296.4280287
2022,6,2022-06,CAÑADON ASFALTO,0
2022,6,2022-06,CUYANA,2998.48286666667
2022,6,2022-06,GOLFO SAN JORGE,32161.3632
2022,6,2022-06,MALVINAS OESTE,0
2022,6,2022-06,NEUQUINA,53041.0650885258
2022,6,2022-06,ÑIRIHUAU,0
2022,6,2022-06,NORESTE,0
2022,6,2022-06,NOROESTE,730.886471475107
2022,7,2022-07,ARGENTINA NORTE,0
2022,7,2022-07,AUSTRAL,2261.40308809677
2022,7,2022-07,CAÑADON ASFALTO,0
2022,7,2022-07,CUYANA,2979.76012903226
2022,7,2022-07,GOLFO SAN JORGE,31837.6217387097
2022,7,2022-07,MALVINAS OESTE,0
2022,7,2022-07,NEUQUINA,54356.8827424342
2022,7,2022-07,ÑIRIHUAU,0
2022,7,2022-07,NORESTE,0
2022,7,2022-07,NOROESTE,740.461983846935
2022,8,2022-08,ARGENTINA NORTE,0
2022,8,2022-08,AUSTRAL,2153.06045125806
2022,8,2022-08,CAÑADON ASFALTO,0
2022,8,2022-08,CUYANA,2959.17019354839
2022,8,2022-08,GOLFO SAN JORGE,31922.5789580645
2022,8,2022-08,MALVINAS OESTE,0
2022,8,2022-08,NEUQUINA,55079.2595589183
2022,8,2022-08,ÑIRIHUAU,0
2022,8,2022-08,NORESTE,0
2022,8,2022-08,NOROESTE,749.148183442329
2022,9,2022-09,ARGENTINA NORTE,0
2022,9,2022-09,AUSTRAL,2076.8079082
2022,9,2022-09,CAÑADON ASFALTO,0
2022,9,2022-09,CUYANA,2946.26836666667
2022,9,2022-09,GOLFO SAN JORGE,31919.061
2022,9,2022-09,MALVINAS OESTE,0
2022,9,2022-09,NEUQUINA,56832.988344369
2022,9,2022-09,ÑIRIHUAU,0
2022,9,2022-09,NORESTE,0
2022,9,2022-09,NOROESTE,764.960448525927
2022,10,2022-10,ARGENTINA NORTE,0
2022,10,2022-10,AUSTRAL,1995.92529974194
2022,10,2022-10,CAÑADON ASFALTO,0
2022,10,2022-10,CUYANA,2978.0924516129
2022,10,2022-10,GOLFO SAN JORGE,32556.6250419355
2022,10,2022-10,MALVINAS OESTE,0
2022,10,2022-10,NEUQUINA,58619.3798629029
2022,10,2022-10,ÑIRIHUAU,0
2022,10,2022-10,NORESTE,0
2022,10,2022-10,NOROESTE,774.487733568842
2022,11,2022-11,ARGENTINA NORTE,0
2022,11,2022-11,AUSTRAL,1965.89299923333
2022,11,2022-11,CAÑADON ASFALTO,0
2022,11,2022-11,CUYANA,2919.17683333333
2022,11,2022-11,GOLFO SAN JORGE,32440.4634
2022,11,2022-11,MALVINAS OESTE,0
2022,11,2022-11,NEUQUINA,58717.0101828333
2022,11,2022-11,ÑIRIHUAU,0
2022,11,2022-11,NORESTE,0
2022,11,2022-11,NOROESTE,771.623050730563
2022,12,2022-12,ARGENTINA NORTE,0
2022,12,2022-12,AUSTRAL,1866.7775446129
2022,12,2022-12,CAÑADON ASFALTO,0
2022,12,2022-12,CUYANA,2801.58778387097
2022,12,2022-12,GOLFO SAN JORGE,32504.756716129
2022,12,2022-12,MALVINAS OESTE,0
2022,12,2022-12,NEUQUINA,59263.0027437097
2022,12,2022-12,ÑIRIHUAU,0
2022,12,2022-12,NORESTE,0
2022,12,2022-12,NOROESTE,785.656951260135
2023,1,2023-01,ARGENTINA NORTE,0
2023,1,2023-01,AUSTRAL,1788.19714932258
2023,1,2023-01,CAÑADON ASFALTO,0
2023,1,2023-01,CUYANA,2790.34816129032
2023,1,2023-01,GOLFO SAN JORGE,32485.6249258064
2023,1,2023-01,MALVINAS OESTE,0
2023,1,2023-01,NEUQUINA,60054.5614448065
2023,1,2023-01,ÑIRIHUAU,0
2023,1,2023-01,NORESTE,0
2023,1,2023-01,NOROESTE,814.66654516129
2023,2,2023-02,ARGENTINA NORTE,0
2023,2,2023-02,AUSTRAL,1858.33756707143
2023,2,2023-02,CAÑADON ASFALTO,0
2023,2,2023-02,CUYANA,2775.60228571429
2023,2,2023-02,GOLFO SAN JORGE,32274.633625
2023,2,2023-02,MALVINAS OESTE,0
2023,2,2023-02,NEUQUINA,62032.3522324643
2023,2,2023-02,ÑIRIHUAU,0
2023,2,2023-02,NORESTE,0
2023,2,2023-02,NOROESTE,783.117807180032
2023,3,2023-03,ARGENTINA NORTE,0
2023,3,2023-03,AUSTRAL,1809.59561251613
2023,3,2023-03,CAÑADON ASFALTO,0
2023,3,2023-03,CUYANA,2745.39635483871
2023,3,2023-03,GOLFO SAN JORGE,31791.7501354839
2023,3,2023-03,MALVINAS OESTE,0
2023,3,2023-03,NEUQUINA,63221.4693054537
2023,3,2023-03,ÑIRIHUAU,0
2023,3,2023-03,NORESTE,0
2023,3,2023-03,NOROESTE,773.515541935484
2023,4,2023-04,ARGENTINA NORTE,0
2023,4,2023-04,AUSTRAL,1646.64064224467
2023,4,2023-04,CAÑADON ASFALTO,0
2023,4,2023-04,CUYANA,2752.91543333333
2023,4,2023-04,GOLFO SAN JORGE,32025.0250166667
2023,4,2023-04,MALVINAS OESTE,0
2023,4,2023-04,NEUQUINA,62626.2938628792
2023,4,2023-04,ÑIRIHUAU,0
2023,4,2023-04,NORESTE,0
2023,4,2023-04,NOROESTE,768.004835047467
2023,5,2023-05,ARGENTINA NORTE,0
2023,5,2023-05,AUSTRAL,1784.78803603903
2023,5,2023-05,CAÑADON ASFALTO,0
2023,5,2023-05,CUYANA,2739.0605483871
2023,5,2023-05,GOLFO SAN JORGE,31882.5476225806
2023,5,2023-05,MALVINAS OESTE,0
2023,5,2023-05,NEUQUINA,62673.2322250645
2023,5,2023-05,ÑIRIHUAU,0
2023,5,2023-05,NORESTE,0
2023,5,2023-05,NOROESTE,763.186992473435
2023,6,2023-06,ARGENTINA NORTE,0
2023,6,2023-06,AUSTRAL,1738.15975926333
2023,6,2023-06,CAÑADON ASFALTO,0
2023,6,2023-06,CUYANA,2777.63863333333
2023,6,2023-06,GOLFO SAN JORGE,31835.5383533333
2023,6,2023-06,MALVINAS OESTE,0
2023,6,2023-06,NEUQUINA,61509.4088203
2023,6,2023-06,ÑIRIHUAU,0
2023,6,2023-06,NORESTE,0
2023,6,2023-06,NOROESTE,755.515312189677
2023,7,2023-07,ARGENTINA NORTE,0
2023,7,2023-07,AUSTRAL,1680.25171777935
2023,7,2023-07,CAÑADON ASFALTO,0
2023,7,2023-07,CUYANA,2724.73409677419
2023,7,2023-07,GOLFO SAN JORGE,31511.9794419355
2023,7,2023-07,MALVINAS OESTE,0
2023,7,2023-07,NEUQUINA,61422.8576867419
2023,7,2023-07,ÑIRIHUAU,0
2023,7,2023-07,NORESTE,0
2023,7,2023-07,NOROESTE,734.132222580645
2023,8,2023-08,ARGENTINA NORTE,0
2023,8,2023-08,AUSTRAL,1726.28368728387
2023,8,2023-08,CAÑADON ASFALTO,0
2023,8,2023-08,CUYANA,2745.51329032258
2023,8,2023-08,GOLFO SAN JORGE,31108.0035419355
2023,8,2023-08,MALVINAS OESTE,0
2023,8,2023-08,NEUQUINA,62599.7712640968
2023,8,2023-08,ÑIRIHUAU,0
2023,8,2023-08,NORESTE,0
2023,8,2023-08,NOROESTE,720.935451612903
2023,9,2023-09,ARGENTINA NORTE,0
2023,9,2023-09,AUSTRAL,1756.80950164
2023,9,2023-09,CAÑADON ASFALTO,0
2023,9,2023-09,CUYANA,2666.53376666667
2023,9,2023-09,GOLFO SAN JORGE,32027.5016766667
2023,9,2023-09,MALVINAS OESTE,0
2023,9,2023-09,NEUQUINA,64085.7891487667
2023,9,2023-09,ÑIRIHUAU,0
2023,9,2023-09,NORESTE,0
2023,9,2023-09,NOROESTE,713.777731479193
2023,10,2023-10,ARGENTINA NORTE,0
2023,10,2023-10,AUSTRAL,1758.00264002645
2023,10,2023-10,CAÑADON ASFALTO,0
2023,10,2023-10,CUYANA,2640.72393548387
2023,10,2023-10,GOLFO SAN JORGE,32080.6070580645
2023,10,2023-10,MALVINAS OESTE,0
2023,10,2023-10,NEUQUINA,66780.2738823226
2023,10,2023-10,ÑIRIHUAU,0
2023,10,2023-10,NORESTE,0
2023,10,2023-10,NOROESTE,647.755655915374
2023,11,2023-11,ARGENTINA NORTE,0
2023,11,2023-11,AUSTRAL,1662.26587064133
2023,11,2023-11,CAÑADON ASFALTO,0
2023,11,2023-11,CUYANA,2566.38593333333
2023,11,2023-11,GOLFO SAN JORGE,31989.7405
2023,11,2023-11,MALVINAS OESTE,0
2023,11,2023-11,NEUQUINA,69060.4860362667
2023,11,2023-11,ÑIRIHUAU,0
2023,11,2023-11,NORESTE,0
2023,11,2023-11,NOROESTE,686.287562742883
2023,12,2023-12,ARGENTINA NORTE,0
2023,12,2023-12,AUSTRAL,1637.56679166129
2023,12,2023-12,CAÑADON ASFALTO,0
2023,12,2023-12,CUYANA,2611.8404516129
2023,12,2023-12,GOLFO SAN JORGE,31782.7072516129
2023,12,2023-12,MALVINAS OESTE,0
2023,12,2023-12,NEUQUINA,70971.6887533871
2023,12,2023-12,ÑIRIHUAU,0
2023,12,2023-12,NORESTE,0
2023,12,2023-12,NOROESTE,649.351043478874
2024,1,2024-01,ARGENTINA NORTE,0
2024,1,2024-01,AUSTRAL,1655.31284392065
2024,1,2024-01,CAÑADON ASFALTO,0
2024,1,2024-01,CUYANA,2612.5375483871
2024,1,2024-01,GOLFO SAN JORGE,31837.9183870968
2024,1,2024-01,MALVINAS OESTE,0
2024,1,2024-01,NEUQUINA,69747.6386693871
2024,1,2024-01,ÑIRIHUAU,0
2024,1,2024-01,NORESTE,0
2024,1,2024-01,NOROESTE,606.388732412642
2024,2,2024-02,ARGENTINA NORTE,0
2024,2,2024-02,AUSTRAL,1674.20051115724
2024,2,2024-02,CAÑADON ASFALTO,0
2024,2,2024-02,CUYANA,2544.64303793103
2024,2,2024-02,GOLFO SAN JORGE,31430.3785517241
2024,2,2024-02,MALVINAS OESTE,0
2024,2,2024-02,NEUQUINA,70438.468278
2024,2,2024-02,ÑIRIHUAU,0
2024,2,2024-02,NORESTE,0
2024,2,2024-02,NOROESTE,506.743366282759
2024,3,2024-03,ARGENTINA NORTE,0
2024,3,2024-03,AUSTRAL,1692.53360296806
2024,3,2024-03,CAÑADON ASFALTO,0
2024,3,2024-03,CUYANA,2586.91961290323
2024,3,2024-03,GOLFO SAN JORGE,31291.2276290323
2024,3,2024-03,MALVINAS OESTE,0
2024,3,2024-03,NEUQUINA,71621.0500470323
2024,3,2024-03,ÑIRIHUAU,0
2024,3,2024-03,NORESTE,0
2024,3,2024-03,NOROESTE,555.597023809139
2024,4,2024-04,ARGENTINA NORTE,0
2024,4,2024-04,AUSTRAL,1664.91284611533
2024,4,2024-04,CAÑADON ASFALTO,0
2024,4,2024-04,CUYANA,2649.67503333333
2024,4,2024-04,GOLFO SAN JORGE,31259.8129433333
2024,4,2024-04,MALVINAS OESTE,0
2024,4,2024-04,NEUQUINA,72025.9925039667
2024,4,2024-04,ÑIRIHUAU,0
2024,4,2024-04,NORESTE,0
2024,4,2024-04,NOROESTE,588.83574211972
2024,5,2024-05,ARGENTINA NORTE,0
2024,5,2024-05,AUSTRAL,1722.38551035677
2024,5,2024-05,CAÑADON ASFALTO,0
2024,5,2024-05,CUYANA,2574.15677419355
2024,5,2024-05,GOLFO SAN JORGE,31056.1619677419
2024,5,2024-05,MALVINAS OESTE,0
2024,5,2024-05,NEUQUINA,72754.9472798387
2024,5,2024-05,ÑIRIHUAU,0
2024,5,2024-05,NORESTE,0
2024,5,2024-05,NOROESTE,560.123067474193
2024,6,2024-06,ARGENTINA NORTE,0
2024,6,2024-06,AUSTRAL,1592.002119444
2024,6,2024-06,CAÑADON ASFALTO,0
2024,6,2024-06,CUYANA,2571.5849
2024,6,2024-06,GOLFO SAN JORGE,26488.95275
2024,6,2024-06,MALVINAS OESTE,0
2024,6,2024-06,NEUQUINA,73903.5678596333
2024,6,2024-06,ÑIRIHUAU,0
2024,6,2024-06,NORESTE,0
2024,6,2024-06,NOROESTE,525.83048674
2024,7,2024-07,ARGENTINA NORTE,0
2024,7,2024-07,AUSTRAL,1597.80500316032
2024,7,2024-07,CAÑADON ASFALTO,0
2024,7,2024-07,CUYANA,2563.88309677419
2024,7,2024-07,GOLFO SAN JORGE,26982.4532806452
2024,7,2024-07,MALVINAS OESTE,0
2024,7,2024-07,NEUQUINA,75836.7344402903
2024,7,2024-07,ÑIRIHUAU,0
2024,7,2024-07,NORESTE,0
2024,7,2024-07,NOROESTE,526.238413758064
2024,8,2024-08,ARGENTINA NORTE,0
2024,8,2024-08,AUSTRAL,1572.85846271839
2024,8,2024-08,CAÑADON ASFALTO,0
2024,8,2024-08,CUYANA,2503.70696774194
2024,8,2024-08,GOLFO SAN JORGE,29566.975983871
2024,8,2024-08,MALVINAS OESTE,0
2024,8,2024-08,NEUQUINA,78938.823702
2024,8,2024-08,ÑIRIHUAU,0
2024,8,2024-08,NORESTE,0
2024,8,2024-08,NOROESTE,512.612972343509
2024,9,2024-09,ARGENTINA NORTE,0
2024,9,2024-09,AUSTRAL,1651.53931702267
2024,9,2024-09,CAÑADON ASFALTO,0
2024,9,2024-09,CUYANA,2493.3423
2024,9,2024-09,GOLFO SAN JORGE,30396.11595
2024,9,2024-09,MALVINAS OESTE,0
2024,9,2024-09,NEUQUINA,81520.3399340667
2024,9,2024-09,ÑIRIHUAU,0
2024,9,2024-09,NORESTE,0
2024,9,2024-09,NOROESTE,509.007970090553
2024,10,2024-10,ARGENTINA NORTE,0
2024,10,2024-10,AUSTRAL,1738.98832005742
2024,10,2024-10,CAÑADON ASFALTO,0
2024,10,2024-10,CUYANA,2460.09003225806
2024,10,2024-10,GOLFO SAN JORGE,30656.8687258065
2024,10,2024-10,NEUQUINA,81572.5354866452
2024,10,2024-10,ÑIRIHUAU,0
2024,10,2024-10,NORESTE,0
2024,10,2024-10,NOROESTE,493.485819992471
2024,11,2024-11,ARGENTINA NORTE,0
2024,11,2024-11,AUSTRAL,1537.10561808933
2024,11,2024-11,CAÑADON ASFALTO,0
2024,11,2024-11,CUYANA,2448.09103333333
2024,11,2024-11,GOLFO SAN JORGE,31028.4586133333
2024,11,2024-11,NEUQUINA,83935.2406147333
2024,11,2024-11,ÑIRIHUAU,0
2024,11,2024-11,NORESTE,0
2024,11,2024-11,NOROESTE,510.182711851977
2024,12,2024-12,ARGENTINA NORTE,0
2024,12,2024-12,AUSTRAL,1542.04067576065
2024,12,2024-12,CAÑADON ASFALTO,0
2024,12,2024-12,CUYANA,2455.48841935484
2024,12,2024-12,GOLFO SAN JORGE,30785.583016129
2024,12,2024-12,NEUQUINA,85220.832558
2024,12,2024-12,ÑIRIHUAU,0
2024,12,2024-12,NORESTE,0
2024,12,2024-12,NOROESTE,504.019762527419
2025,1,2025-01,ARGENTINA NORTE,0
2025,1,2025-01,AUSTRAL,1644.51303121742
2025,1,2025-01,CAÑADON ASFALTO,0
2025,1,2025-01,CUYANA,2417.97358064516
2025,1,2025-01,GOLFO SAN JORGE,30217.5925903226
2025,1,2025-01,NEUQUINA,84092.2223078387
2025,1,2025-01,ÑIRIHUAU,0
2025,1,2025-01,NORESTE,92.241935483871
2025,1,2025-01,NOROESTE,396.364441876344
2025,2,2025-02,ARGENTINA NORTE,0
2025,2,2025-02,AUSTRAL,1741.94403799357
2025,2,2025-02,CAÑADON ASFALTO,0
2025,2,2025-02,CUYANA,2413.73446428571
2025,2,2025-02,GOLFO SAN JORGE,29916.7898571429
2025,2,2025-02,NEUQUINA,84029.6889166428
2025,2,2025-02,ÑIRIHUAU,0
2025,2,2025-02,NORESTE,90.0792857142857
2025,2,2025-02,NOROESTE,388.210250617857
2025,3,2025-03,ARGENTINA NORTE,0
2025,3,2025-03,AUSTRAL,1705.27183610968
2025,3,2025-03,CAÑADON ASFALTO,0
2025,3,2025-03,CUYANA,2391.08677419355
2025,3,2025-03,GOLFO SAN JORGE,30007.2620967742
2025,3,2025-03,NEUQUINA,84426.8942954839
2025,3,2025-03,ÑIRIHUAU,0
2025,3,2025-03,NORESTE,91.8029038612903
2025,3,2025-03,NOROESTE,385.880185440323
2025,4,2025-04,ARGENTINA NORTE,0
2025,4,2025-04,AUSTRAL,1630.140932701
2025,4,2025-04,CAÑADON ASFALTO,0
2025,4,2025-04,CUYANA,2371.9857
2025,4,2025-04,GOLFO SAN JORGE,29736.8145333333
2025,4,2025-04,NEUQUINA,83765.8823611
2025,4,2025-04,ÑIRIHUAU,0
2025,4,2025-04,NORESTE,0
2025,4,2025-04,NOROESTE,482.29834657
2025,5,2025-05,ARGENTINA NORTE,0
2025,5,2025-05,AUSTRAL,1684.92109777032
2025,5,2025-05,CAÑADON ASFALTO,0
2025,5,2025-05,CUYANA,2373.64693548387
2025,5,2025-05,GOLFO SAN JORGE,29591.872483871
2025,5,2025-05,NEUQUINA,84792.6082840968
2025,5,2025-05,ÑIRIHUAU,0
2025,5,2025-05,NORESTE,0
2025,5,2025-05,NOROESTE,452.1066256
2025,6,2025-06,ARGENTINA NORTE,0
2025,6,2025-06,AUSTRAL,1739.94400013333
2025,6,2025-06,CAÑADON ASFALTO,0
2025,6,2025-06,CUYANA,2341.34426666667
2025,6,2025-06,GOLFO SAN JORGE,29321.02284
2025,6,2025-06,NEUQUINA,89449.0800990333
2025,6,2025-06,ÑIRIHUAU,0
2025,6,2025-06,NORESTE,0
2025,6,2025-06,NOROESTE,382.224285252778
2025,7,2025-07,ARGENTINA NORTE,0
2025,7,2025-07,AUSTRAL,1768.4680623871
2025,7,2025-07,CAÑADON ASFALTO,0
2025,7,2025-07,CUYANA,2296.86567741935
2025,7,2025-07,GOLFO SAN JORGE,29067.0982580645
2025,7,2025-07,NEUQUINA,94532.1731736533
2025,7,2025-07,ÑIRIHUAU,0
2025,7,2025-07,NORESTE,0
2025,7,2025-07,NOROESTE,376.394876156452
2025,8,2025-08,ARGENTINA NORTE,0
2025,8,2025-08,AUSTRAL,1745.58045285484
2025,8,2025-08,CAÑADON ASFALTO,0
2025,8,2025-08,CUYANA,2256.1954516129
2025,8,2025-08,GOLFO SAN JORGE,28839.9961032258
2025,8,2025-08,NEUQUINA,96750.6438249355
2025,8,2025-08,ÑIRIHUAU,0
2025,8,2025-08,NORESTE,0
2025,8,2025-08,NOROESTE,343.940160180645
2025,9,2025-09,ARGENTINA NORTE,0
2025,9,2025-09,AUSTRAL,1653.35566538333
2025,9,2025-09,CAÑADON ASFALTO,0
2025,9,2025-09,CUYANA,2243.98333333333
2025,9,2025-09,GOLFO SAN JORGE,28557.1899333333
2025,9,2025-09,NEUQUINA,99785.7599752522
2025,9,2025-09,ÑIRIHUAU,0
2025,9,2025-09,NORESTE,0
2025,9,2025-09,NOROESTE,335.306168452778
2025,10,2025-10,ARGENTINA NORTE,0
2025,10,2025-10,AUSTRAL,1561.02261247742
2025,10,2025-10,CAÑADON ASFALTO,0
2025,10,2025-10,CUYANA,2208.77870967742
2025,10,2025-10,GOLFO SAN JORGE,28295.9301774194
2025,10,2025-10,NEUQUINA,102881.712131825
2025,10,2025-10,ÑIRIHUAU,0
2025,10,2025-10,NORESTE,0
2025,10,2025-10,NOROESTE,327.599516129032
2025,11,2025-11,ARGENTINA NORTE,0
2025,11,2025-11,AUSTRAL,1524.3518
2025,11,2025-11,CAÑADON ASFALTO,0
2025,11,2025-11,CUYANA,2201.77936666667
2025,11,2025-11,GOLFO SAN JORGE,26805.9864533333
2025,11,2025-11,NEUQUINA,103372.884323162
2025,11,2025-11,ÑIRIHUAU,0
2025,11,2025-11,NOROESTE,320.136333333333
